"CASEID","POINT_X","POINT_Y","YEAR_","LOCATION","CHPTYPE","DAYWEEK","CRASHSEV","VIOLCAT","KILLED","INJURED","WEATHER1","PEDCOL","BICCOL","MCCOL","TRUCKCOL","ETOH","TIMECAT","MONTH_","CRASHTYP","INVOLVE","PED","PRIMARYRD","SECONDRD","DISTANCE","DIRECT","INTERSECT_","PROCDATE","JURIS","DATE_","TIME_","BADGE","JURIDIST","SHIFT","POP","SPECIAL","BEATTYPE","LAPDDIV","BEATCLAS","BEATNUMB","WEATHER2","STATEHW","CALTRANC","CALTRAND","STROUTE","ROUTESUF","POSTPRE","POSTMILE","LOCATYPE","RAMP","SIDEHW","TOWAWAY","PARTIES","PCF","VIOLCODE","VIOL","VIOLSUB","HITRUN","ROADSURF","RDCOND1","RDCOND2","LIGHTING","RIGHTWAY","CHPRDTYP","NOTPRIV","STFAULT","CHPFAULT","SEVINJ","OTHERINJ","COP","PEDKILL","PEDINJ","BICKILL","BICINJ","MCKILL","MCINJURE","RAMP1","RAMP2","CITY","COUNTY","STATE","X_CHP","Y_CHP"
"6678320",-121.2694231,38.605665,2013,"3490","0","5","1","01",1,6,"A",,,,,"Y",2400,4,"D","C","A","FOLSOM BL","SUNRISE BL",0,,"Y","2014-11-26",3400,"2013-04-26",2311,"1174","RC","5","5","0","0",,"0","005","-","N",,0,0,,,0,,,,"Y",5,"A","-",23152,"A","N","A","H","-","C","A","0","Y","-","-",1,0,5,0,0,0,0,0,0,"-","-","RANCHO CORDOVA","SACRAMENTO","CA",0,0
"6580165",-121.3854384,38.452607,2013,"3400","5","5","4","21",0,1,"A",,,,,,2100,4,"C","C","A","CALVINE RD","BARRYMORE DR",30,"E","N","2014-09-12",9252,"2013-04-26",2040,"018961",,"2","9","0","3",,"2","074","-","N",,0,0,,,0,,,,"N",2,"A","-",22106,,"N","A","H","-","C","A","0","Y","A","07",0,0,1,0,0,0,0,0,0,"-","-","UNINCORPORATED","SACRAMENTO","CA",-121.38528,38.45265
"6487136",-121.3348806,38.4930134,2013,"3400","5","2","2","09",0,3,"A",,,,,,1500,7,"D","C","A","BRADSHAW RD","FLORIN RD",1206,"S","N","2014-06-12",9252,"2013-07-30",1220,"17258",,"1","9","0","3",,"2","074","-","N",,0,0,,,0,,,,"Y",2,"A","-",21801,"A","N","A","H","-","A","D","0","Y","A","01",2,0,1,0,0,0,0,0,0,"-","-","UNINCORPORATED","SACRAMENTO","CA",-121.33495,38.49364
"6482963",-121.5031302,38.5840612,2013,"3404","3","5","4","08",0,1,"A",,,,,,600,5,"E","I","A","RT 99","2ND AV",75,"S","N","2014-06-30",9252,"2013-05-03",355,"15006",,"3","7","0","1",,"2","192","-","Y",,0,0,,,0,,,,"Y",1,"A","-",22107,,"N","A","D","-","D","D","0","Y","J","48",0,0,1,0,0,0,0,0,0,"TO","-","SACRAMENTO","SACRAMENTO","CA",-121.421,38.314
"6463743",-121.328449,38.6169851,2013,"3400","5","4","4","09",0,1,"A",,,,,,900,8,"B","C","A","PALM AV","FAIR OAKS BL",50,"E","N","2014-04-21",9250,"2013-08-15",730,"015423",,"1","9","0","3",,"2","050","-","N",,0,0,,,0,,,,"N",2,"A","-",21804,"A","N","A","H","-","A","D","0","Y","A","07",0,0,1,0,0,0,0,0,0,"-","-","UNINCORPORATED","SACRAMENTO","CA",0,0
"6457518",-121.5181024,38.5295349,2013,"3404","1","5","3","03",0,3,"C",,,,,,1500,3,"C","C","A","RT 5","CASILADA WY",250,"N","N","2014-11-13",9252,"2013-03-29",1255,"017663",,"1","7","0","1",,"2","107","-","Y","SAC",3,5,"-","-",19.63,"H","-","N","Y",2,"A","-",22350,,"N","B","H","-","A","D","1","Y","A","01",0,2,1,0,0,0,0,0,0,"-","-","SACRAMENTO","SACRAMENTO","CA",-121.518,38.52947
"6436281",-121.4154249,38.5947952,2013,"3400","4","4","4","21",0,2,"A",,,,,,1500,2,"C","C","A","HOWE AV","ARDEN WY",528,"S","N","2014-04-16",9250,"2013-02-21",1240,"017752",,"1","9","0","2",,"1","041","-","N",,0,0,,,0,,,,"Y",3,"A","-",22106,,"N","A","H","-","A","D","0","Y","A","01",0,0,2,0,0,0,0,0,0,"-","-","UNINCORPORATED","SACRAMENTO","CA",0,0
"6436236",-121.4154231,38.596245,2013,"3400","4","1","4","12",0,2,"B",,,,,,900,4,"D","C","A","ARDEN WY","HOWE AV",0,,"Y","2014-04-21",9250,"2013-04-15",715,"015869",,"1","9","0","2",,"1","046","-","N",,0,0,,,0,,,,"Y",2,"A","-",21453,"A","N","A","H","-","A","A","0","Y","A","01",0,0,2,0,0,0,0,0,0,"-","-","UNINCORPORATED","SACRAMENTO","CA",0,0
"6436180",-121.3534936,38.6610485,2013,"3400","4","2","4","03",0,1,"C",,,,,,1500,6,"C","C","A","MADISON AV","WALL ST",180,"W","N","2014-04-16",9250,"2013-06-25",1235,"12470",,"1","9","0","2",,"1","024","-","N",,0,0,,,0,,,,"Y",2,"A","-",22350,,"N","B","H","-","A","D","0","Y","A","01",0,0,1,0,0,0,0,0,0,"-","-","UNINCORPORATED","SACRAMENTO","CA",0,0
"6436172",-121.3636532,38.6998732,2013,"3400","4","6","4","03",0,1,"A",,,,,,1500,6,"C","C","A","WALERGA RD","BAINBRIDGE DR",150,"S","N","2014-04-16",9250,"2013-06-29",1215,"15961",,"1","9","0","2",,"1","013","-","N",,0,0,,,0,,,,"N",2,"A","-",22350,,"N","A","H","-","A","A","0","Y","A","01",0,0,1,0,0,0,0,0,0,"-","-","UNINCORPORATED","SACRAMENTO","CA",0,0
"6436168",-121.3334704,38.6811787,2013,"3400","4","1","4","03",0,1,"B",,,,,,2400,6,"E","J","A","GREENBACK LN","GARFIELD AV",16,"W","N","2014-04-16",9250,"2013-06-24",2135,"16605",,"2","9","0","2",,"1","022","C","N",,0,0,,,0,,,,"Y",1,"A","-",22350,,"N","B","H","-","C","D","0","Y","A","01",0,0,1,0,0,0,0,0,0,"-","-","UNINCORPORATED","SACRAMENTO","CA",-121.3337,38.6808
"6395145",-121.4087531,38.481705,2013,"3400","4","7","4","12",0,1,"A",,,,,,2400,2,"D","C","A","POWER INN RD","GERBER RD",0,,"Y","2014-06-20",9252,"2013-02-24",2245,"18139",,"3","9","0","2",,"2","073","-","N",,0,0,,,0,,,,"N",2,"A","-",21453,"A","N","A","H","-","C","A","0","Y","A","01",0,0,1,0,0,0,0,0,0,"-","-","UNINCORPORATED","SACRAMENTO","CA",-121.4007,38.4802
"6385676",-121.3039578,38.5747648,2013,"3490","0","5","4","22",0,1,"A","Y",,,,,1500,3,"G","B","F","ROCKINGHAM DR","MATHER FIELD RD",30,"W","N","2014-03-10",3400,"2013-03-01",1245,"777",,"5","5","0","0",,"0",,"-","N",,0,0,,,0,,,,"N",2,"B","-",0,,"M","A","H","-","A","D","0","Y","-","-",0,0,1,0,1,0,0,0,0,"-","-","RANCHO CORDOVA","SACRAMENTO","CA",0,0
"6353395",-121.2255449,38.6845746,2013,"3400","4","7","3","03",0,1,"A",,,"Y",,,2100,1,"C","C","A","HAZEL AV","CENTRAL AV",430,"S","N","2014-06-10",9260,"2013-01-06",1858,"018316",,"2","9","0","2",,"2","307","-","N",,0,0,,,0,,,,"Y",2,"A","-",22350,,"N","A","H","-","C","D","0","Y","C","02",0,1,0,0,0,0,0,0,1,"-","-","UNINCORPORATED","SACRAMENTO","CA",-121.22548,38.68454
"6344345",-121.3058931,38.707425,2013,"3496","0","3","3","00",0,1,"A",,,,,,2100,2,"H","I","A","GARDEN GATE DR","ANTELOPE RD",0,,"Y","2014-02-05",3496,"2013-02-20",2030,"189","3496","5","5","0","0",,"0","001","-","N",,0,0,,,0,,,,"Y",1,"D","-",0,,"N","A","H","-","C","A","0","Y","-","-",0,1,0,0,0,0,0,0,0,"-","-","CITRUS HEIGHTS","SACRAMENTO","CA",0,0
"6332547",-121.2720827,38.6043415,2013,"3490","0","3","3","22",0,1,"A","Y",,,,,1200,8,"G","B","F","FOLSOM BL","SUNRISE BL",900,"W","N","2014-04-01",3400,"2013-08-14",1145,"1033",,"5","5","0","0",,"0",,"-","N",,0,0,,,0,,,,"N",2,"B","-",0,,"F","A","H","-","A","D","0","Y","-","-",0,1,0,0,1,0,0,0,0,"-","-","RANCHO CORDOVA","SACRAMENTO","CA",0,0
"6332543",-121.3026117,38.5989185,2013,"3490","0","2","4","10",0,1,"A","Y",,,,,900,8,"G","B","F","COLOMA RD","CHASE DR",1200,"E","N","2014-04-01",3400,"2013-08-20",825,"1033",,"5","5","0","0",,"0",,"-","N",,0,0,,,0,,,,"N",2,"A","-",21952,,"F","A","H","-","A","D","0","Y","-","-",0,0,1,0,1,0,0,0,0,"-","-","RANCHO CORDOVA","SACRAMENTO","CA",0,0
"6328550",-121.2942431,38.253965,2013,"3402","0","5","4","12",0,1,"A",,,,,,2100,8,"D","C","A","C ST","FAIRWAY DR",0,,"Y","2014-04-02",3402,"2013-08-30",1848,"193","39","5","3","0","0",,"0","002","-","N",,0,0,,,0,,,,"Y",2,"A","-",21453,"A","N","A","H","-","A","A","0","Y","A","01",0,0,1,0,0,0,0,0,0,"-","-","GALT","SACRAMENTO","CA",-121.27399,38.24819
"6328546",0,0,2013,"3402","0","4","4","12",0,2,"A",,,,,,1800,8,"D","C","A","TWIN CITIES RD","FERMOY RD",0,,"Y","2014-04-02",3402,"2013-08-29",1743,"193","35","5","3","0","0",,"0","003","-","N",,0,0,,,0,,,,"Y",2,"A","-",21453,"A","N","A","H","-","A","A","0","Y","A","01",0,0,2,0,0,0,0,0,0,"-","-","GALT","SACRAMENTO","CA",0,0
"6328542",-121.2942431,38.253965,2013,"3402","0","5","4","12",0,2,"A",,,,,,1500,8,"D","C","A","C ST","FAIRWAY DR",0,,"Y","2014-04-02",3402,"2013-08-09",1444,"151","39","5","3","0","0",,"0","002","-","Y",,0,0,,,0,,,,"Y",2,"A","-",21453,"A","N","A","H","-","A","A","0","Y","A","07",0,0,2,0,0,0,0,0,0,"-","-","GALT","SACRAMENTO","CA",-121.30485,38.26506
"6327314",-121.2760631,38.6041051,2013,"3490","0","4","4","05",0,1,"A",,"Y",,,,1800,8,"D","G","A","SUNRISE BL","RT 50",0,,"Y","2014-04-02",3400,"2013-08-29",1700,"1354","RC","5","5","0","0",,"0",,"-","Y","SAC",3,50,"-","R",12.205,"R","4","E","N",2,"A","-",21650,"1","M","A","H","-","A","A","0","Y","L","04",0,0,1,0,0,0,1,0,0,"-","-","RANCHO CORDOVA","SACRAMENTO","CA",0,0
"6324210",-121.302933,38.252905,2013,"3402","0","6","3","09",0,1,"A",,,,,,1500,7,"D","C","A","C ST","6TH ST",0,,"Y","2014-03-18",3402,"2013-07-13",1215,"109","9","5","3","0","0",,"0","002","-","N",,0,0,,,0,,,,"N",2,"A","-",21802,"A","N","A","H","-","A","A","0","Y","A","01",0,1,0,0,0,0,0,0,0,"-","-","GALT","SACRAMENTO","CA",-121.30225,38.25315
"6299428",-121.2877879,38.5876993,2013,"3490","0","2","4","09",0,1,"A",,,,,,1500,4,"D","C","A","WHITE ROCK RD","ZINFANDEL DR",260,"W","N","2014-02-12",3400,"2013-04-30",1215,"1033",,"5","5","0","0",,"0",,"-","N",,0,0,,,0,,,,"N",2,"A","-",21804,"A","N","A","H","-","A","D","0","Y","A","01",0,0,1,0,0,0,0,0,0,"-","-","RANCHO CORDOVA","SACRAMENTO","CA",0,0
"6299419",-121.3274132,38.6621549,2013,"3404","4","1","3","09",0,1,"A",,,,,,2400,7,"D","C","A","MANZANITA AV","MADISON AV",528,"N","N","2014-03-24",9250,"2013-07-15",2135,"017682",,"2","7","0","2",,"1","023","-","N",,0,0,,,0,,,,"Y",2,"A","-",21804,"A","F","A","H","-","C","D","0","Y","A","01",0,1,0,0,0,0,0,0,0,"-","-","SACRAMENTO","SACRAMENTO","CA",0,0
"6295104",0,0,2013,"3402","0","7","3","03",0,1,"A",,,,,,1500,8,"C","E","A","PLAINS CT","SMUD BX TX-116995",23,"E","N","2014-04-01",3402,"2013-08-25",1310,"196","6","5","3","0","0",,"0","001","-","N",,0,0,,,0,,,,"Y",2,"A","-",22350,,"N","A","H","-","A","D","0","Y","D","22",0,1,0,0,0,0,0,0,0,"-","-","GALT","SACRAMENTO","CA",0,0
"6295100",-121.304633,38.2567051,2013,"3402","0","6","4","03",0,1,"A","Y",,,,,2100,8,"G","B","D","OAK ST","MYRTLE AV",0,,"Y","2014-04-01",3402,"2013-08-31",2035,"174","19","5","3","0","0",,"0","002","-","N",,0,0,,,0,,,,"N",2,"A","-",22350,,"F","A","H","-","C","D","0","Y","D","72",0,0,1,0,1,0,0,0,0,"-","-","GALT","SACRAMENTO","CA",0,0
"6290954",-121.4308768,38.6013981,2013,"3404","0","3","1","09",1,0,"A",,,"Y",,,2100,1,"D","C","A","ARDEN WY","HERITAGE LN",701,"W","N","2015-01-13",3404,"2013-01-30",1913,"647",,"5","7","0","0",,"0",,"-","N",,0,0,,,0,,,,"Y",2,"A","-",21801,"B","N","A","H","-","C","D","0","Y","C","02",0,0,0,0,0,0,0,1,0,"-","-","SACRAMENTO","SACRAMENTO","CA",0,0
"6290883",-121.243303,38.559335,2013,"3490","0","7","1","12",1,3,"A",,,,,,1800,8,"D","C","A","SUNRISE BL","DOUGLAS RD",0,,"Y","2014-07-10",3400,"2013-08-25",1547,"1174","RC","5","5","0","0",,"0","005","-","N",,0,0,,,0,,,,"Y",2,"A","-",21453,"A","N","A","H","-","A","A","0","Y","A","07",1,1,1,0,0,0,0,0,0,"-","-","RANCHO CORDOVA","SACRAMENTO","CA",0,0
"6290700",-121.4043096,38.4219927,2013,"3450","0","5","1","09",1,0,"A",,,"Y",,,900,8,"D","C","A","LAGUNA BL","BIG HORN BL",600,"E","N","2014-06-26",340,"2013-08-16",755,"10075","2401","5","5","0","0",,"0","002","-","N",,0,0,,,0,,,,"Y",2,"A","-",21801,"A","N","A","H","-","-","D","0","Y","A","08",0,0,0,0,0,0,0,1,0,"-","-","ELK GROVE","SACRAMENTO","CA",0,0
"6290699",-121.1917599,38.6440129,2013,"3401","0","3","1","07",1,1,"A",,,,,,1500,8,"D","C","A","FOLSOM BL","IRON POINT RD",185,"S","N","2014-10-10",3401,"2013-08-14",1452,"206","4","5","5","0","0",,"0","004","-","N",,0,0,,,0,,,,"Y",2,"A","-",21658,"A","N","A","H","-","A","D","0","Y","A","07",1,0,0,0,0,0,0,0,0,"-","-","FOLSOM","SACRAMENTO","CA",-121.19007,38.64483
"6290690",-121.334693,38.409085,2013,"3450","0","6","1","12",1,1,"A",,,"Y",,,1500,1,"D","C","A","BRADSHAW RD","ELK GROVE BL",0,,"Y","2014-06-26",340,"2013-01-19",1247,"10140","5602","5","5","0","0",,"0","005","-","N",,0,0,,,0,,,,"Y",2,"A","-",22450,"A","N","A","H","-","A","A","0","Y","C","02",0,0,1,0,0,0,0,1,0,"-","-","ELK GROVE","SACRAMENTO","CA",0,0
"6287158",-121.2881435,38.5944752,2013,"3490","0","1","4","09",0,1,"A",,"Y",,,,2100,8,"A","G","A","ZINFANDEL DR","OLSON DR",291,"N","N","2014-04-02",3400,"2013-08-12",1935,"681",,"5","5","0","0",,"0",,"-","N",,0,0,,,0,,,,"N",2,"A","-",21804,"A","N","A","H","-","A","D","0","Y","A","01",0,0,1,0,0,0,1,0,0,"-","-","RANCHO CORDOVA","SACRAMENTO","CA",0,0
"6287098",-121.4363407,38.4792251,2013,"3404","0","1","3","01",0,1,"A",,,,,"Y",2400,1,"A","I","A","WARDELL WY","ROTHERTON WY",15,"E","N","2014-01-17",3404,"2013-01-21",2113,"728",,"5","7","0","0",,"0","05C","-","N",,0,0,,,0,,,,"Y",1,"A","-",23152,"A","N","A","H","-","C","D","0","Y","-","-",0,1,0,0,0,0,0,0,0,"-","-","SACRAMENTO","SACRAMENTO","CA",0,0
"6287052",-121.467213,38.581845,2013,"3404","0","6","3","01",0,2,"A",,,,,"Y",600,2,"E","I","A","27TH ST","C ST",0,,"Y","2014-07-18",3404,"2013-02-02",329,"0552","3","5","7","0","0",,"0","00B","-","N",,0,0,,,0,,,,"Y",1,"A","-",23153,"A","N","A","H","-","D","A","0","Y","-","-",0,2,0,0,0,0,0,0,0,"-","-","SACRAMENTO","SACRAMENTO","CA",0,0
"6287051",-121.5080405,38.6841777,2013,"3404","0","6","4","01",0,1,"-",,,,,"Y",2400,2,"E","I","A","NATOMAS BL","W ELK HORN BL",390,"S","N","2014-04-05",3404,"2013-02-09",2327,"0867","1","5","7","0","0",,"0","00A","-","N",,0,0,,,0,,,,"Y",1,"A","-",23152,"A","N","-","-","-","C","D","0","Y","A","01",0,0,1,0,0,0,0,0,0,"-","-","SACRAMENTO","SACRAMENTO","CA",0,0
"6275421",-121.2645276,38.6754064,2013,"3496","0","7","4","22",0,1,"A",,,,,,600,2,"C","E","A","SUNRISE VISTA DR","GREENBACK LN",1143,"S","N","2014-01-30",3496,"2013-02-24",504,"281",,"5","5","0","0",,"0","003","-","N",,0,0,,,0,,,,"Y",2,"B","-",0,,"N","A","H","-","C","D","0","Y","A","01",0,0,1,0,0,0,0,0,0,"-","-","CITRUS HEIGHTS","SACRAMENTO","CA",0,0
"6271035",-121.3839374,38.639006,2013,"3404","3","3","4","08",0,1,"A",,,,"Y",,1200,7,"E","I","A","RT 51","WATT AV",350,"S","N","2014-03-24",9250,"2013-07-24",1000,"012047",,"1","7","0","1",,"2","151","-","Y","SAC",3,51,"-","-",7.9,"H","-","N","Y",1,"A","-",22107,,"N","A","H","-","A","D","1","Y","F","27",0,0,1,0,0,0,0,0,0,"-","-","SACRAMENTO","SACRAMENTO","CA",0,0
"6270004",-121.3162263,38.6780751,2013,"3496","0","7","4","22",0,1,"A",,,,,,2400,7,"A","I","A","GREENBACK LN","PARK OAKS DR",99,"E","N","2014-09-30",3496,"2013-07-07",2214,"322",,"5","5","0","0",,"0","003","-","N",,0,0,,,0,,,,"N",3,"B","-",0,,"N","A","H","-","C","A","0","Y","A","01",0,0,1,0,0,0,0,0,0,"-","-","CITRUS HEIGHTS","SACRAMENTO","CA",0,0
"6258808",-121.4133231,38.484375,2013,"3400","4","1","3","12",0,2,"A",,,,,,1500,7,"D","C","A","PALMER HOUSE DR","CLEMENT CIR",0,,"Y","2014-09-29",9252,"2013-07-22",1320,"16747",,"1","9","0","2",,"2","073","-","N",,0,0,,,0,,,,"Y",5,"A","-",22450,"A","F","A","H","-","A","A","0","Y","D","22",0,1,1,0,0,0,0,0,0,"-","-","UNINCORPORATED","SACRAMENTO","CA",-121.41308,38.48424
"6250550",-121.3751184,38.6475469,2013,"3400","3","2","4","03",0,2,"A",,,,,,900,6,"C","C","A","RT 80","RT 51",70,"E","N","2014-03-10",9250,"2013-06-18",808,"012047",,"1","9","0","1",,"2","152","-","Y","YOL",3,80,"-","R",11,"H","-","W","N",2,"A","-",22350,,"N","A","H","-","A","D","1","Y","A","08",0,0,2,0,0,0,0,0,0,"-","-","UNINCORPORATED","SACRAMENTO","CA",0,0
"6250526",-121.4104997,38.5888451,2013,"3400","5","4","2","11",0,1,"A","Y",,,,,900,6,"G","B","D","HURLEY WY","BELL ST",61,"E","N","2014-03-10",9250,"2013-06-20",705,"17317",,"1","9","0","3",,"2","040","-","N",,0,0,,,0,,,,"N",2,"A","-",21954,"A","N","A","H","-","A","A","0","Y","N","60",1,0,0,0,1,0,0,0,0,"-","-","UNINCORPORATED","SACRAMENTO","CA",-121.4107,38.58878
"6250483",-121.3060073,38.710478,2013,"3496","1","3","4","07",0,1,"A",,,,,,1500,5,"E","I","A","RT 80","ANTELOPE RD",1056,"E","N","2014-02-22",9250,"2013-05-29",1435,"12047",,"2","5","0","1",,"2","184","-","Y","SAC",3,80,"-","-",16.89,"H","-","E","Y",2,"A","-",21658,"A","F","A","H","-","A","D","1","Y","A","07",0,0,1,0,0,0,0,0,0,"-","-","CITRUS HEIGHTS","SACRAMENTO","CA",0,0
"6250464",-121.4547441,38.6411921,2013,"3404","1","6","2","03",0,2,"A",,,"Y",,,1800,8,"C","C","A","RT 80","NORWOOD AV",483,"E","N","2014-04-09",9250,"2013-08-24",1545,"018863",,"2","7","0","1",,"2","182","-","Y","SAC",3,80,"-","M",6.21,"H","-","E","Y",2,"A","-",22350,,"F","A","H","-","A","D","1","Y","A","01",2,0,0,0,0,0,0,0,2,"-","-","SACRAMENTO","SACRAMENTO","CA",0,0
"6250436",-121.5047879,38.6005477,2013,"3400","1","3","4","07",0,1,"A",,,,,,1500,8,"B","C","A","RT 5","RICHARDS BL",528,"N","N","2014-04-07",9250,"2013-08-28",1340,"016731",,"1","9","0","1",,"2","105","-","Y","SAC",3,5,"-","-",24.83,"H","-","N","Y",2,"A","-",21658,"A","N","A","H","-","A","D","1","Y","A","01",0,0,1,0,0,0,0,0,0,"-","-","UNINCORPORATED","SACRAMENTO","CA",0,0
"6250412",-121.3827782,38.5885451,2013,"3400","5","4","4","21",0,1,"A",,,,,,1800,8,"H","C","A","SAN YSIDRO WY","WATT AV",50,"E","N","2014-04-05",9250,"2013-08-22",1753,"017863",,"2","9","0","3",,"2","040","-","N",,0,0,,,0,,,,"N",2,"A","-",22106,,"F","A","H","-","A","D","0","Y","A","01",0,0,1,0,0,0,0,0,0,"-","-","UNINCORPORATED","SACRAMENTO","CA",0,0
"6250408",-121.4471239,38.6412417,2013,"3404","1","4","4","03",0,1,"A",,,,,,1500,8,"C","C","A","RT 80","NORWOOD AV",2630,"E","N","2014-04-07",9250,"2013-08-01",1220,"012047",,"1","7","0","1",,"2","182","-","Y","SAC",3,80,"-","M",6.62,"H","-","E","N",2,"A","-",22350,,"N","A","C","-","A","D","1","Y","A","08",0,0,1,0,0,0,0,0,0,"-","-","SACRAMENTO","SACRAMENTO","CA",0,0
"6242148",0,0,2013,"3490","0","1","4","03",0,1,"A",,,,,,1200,8,"C","C","A","WHITEHEAD ST","PETER A MCCUEN BL",50,"S","N","2014-03-29",3400,"2013-08-12",916,"1033",,"5","5","0","0",,"0",,"-","N",,0,0,,,0,,,,"N",2,"A","-",22350,,"N","A","H","-","A","A","0","Y","-","-",0,0,1,0,0,0,0,0,0,"-","-","RANCHO CORDOVA","SACRAMENTO","CA",0,0
"6242127",-121.2671431,38.5899151,2013,"3490","0","3","3","09",0,1,"A",,,"Y",,,900,8,"D","C","A","WHITE ROCK RD","SUNRISE BL",570,"E","N","2014-03-29",3400,"2013-08-21",727,"1348",,"5","5","0","0",,"0",,"-","N",,0,0,,,0,,,,"N",2,"A","-",21804,,"N","A","H","-","A","D","0","Y","A","01",0,1,0,0,0,0,0,0,1,"-","-","RANCHO CORDOVA","SACRAMENTO","CA",0,0
"6242115",0,0,2013,"3490","0","3","4","03",0,1,"A",,,"Y",,"Y",300,8,"C","C","A","SUNRISE BL","HERODIAN DR",0,,"Y","2014-03-29",3400,"2013-08-14",139,"1499","RC","5","5","0","0",,"0","005","-","N",,0,0,,,0,,,,"Y",2,"A","-",22350,,"N","A","H","-","C","A","0","Y","A","01",0,0,1,0,0,0,0,0,1,"-","-","RANCHO CORDOVA","SACRAMENTO","CA",0,0
"6242099",-121.3357236,38.5688172,2013,"3490","0","3","4","09",0,1,"A",,,,,,1500,8,"D","C","A","BUSINESS PARK DR","BRADSHAW RD",200,"E","N","2014-03-29",3400,"2013-08-28",1400,"507",,"5","5","0","0",,"0",,"-","N",,0,0,,,0,,,,"N",2,"A","-",21804,"A","N","A","H","-","A","-","0","Y","-","-",0,0,1,0,0,0,0,0,0,"-","-","RANCHO CORDOVA","SACRAMENTO","CA",0,0
"6242095",-121.268881,38.6163828,2013,"3490","0","4","4","03",0,2,"A",,,,,,1800,8,"C","C","A","SUNRISE BL","ZINFANDEL DR",317,"N","N","2014-03-29",3400,"2013-08-22",1600,"507",,"5","5","0","0",,"0",,"-","N",,0,0,,,0,,,,"N",7,"A","-",22350,,"N","A","H","-","A","A","0","Y","-","-",0,0,2,0,0,0,0,0,0,"-","-","RANCHO CORDOVA","SACRAMENTO","CA",0,0
"6242091",-121.3293051,38.5624854,2013,"3490","0","7","3","08",0,1,"A","Y",,,,,2100,8,"G","B","E","LIBRA AV","VIRGO",450,"W","N","2014-03-29",3400,"2013-08-25",2009,"232",,"5","5","0","0",,"0",,"-","N",,0,0,,,0,,,,"N",2,"A","-",22107,,"N","A","H","-","B","D","0","Y","-","-",0,1,0,0,1,0,0,0,0,"-","-","RANCHO CORDOVA","SACRAMENTO","CA",0,0
"6242087",-121.2677531,38.603515,2013,"3490","0","3","4","12",0,1,"A",,,,,,900,8,"D","C","A","SUNRISE BL","TRADE CENTER DR",0,,"Y","2014-04-08",3400,"2013-08-14",615,"1174","RC","5","5","0","0",,"0","005","-","N",,0,0,,,0,,,,"N",2,"A","-",21453,"A","N","A","H","-","A","A","0","Y","-","-",0,0,1,0,0,0,0,0,0,"-","-","RANCHO CORDOVA","SACRAMENTO","CA",0,0
"6242083",-121.301403,38.5898951,2013,"3490","0","6","4","17",0,1,"A",,"Y",,,,900,8,"B","G","A","FOLSOM BL","INVESTMENT CIR",0,,"Y","2014-03-29",3400,"2013-08-31",825,"1348","RC","5","5","0","0",,"0","005","-","N",,0,0,,,0,,,,"N",2,"A","-",21208,"B","N","A","H","-","A","D","0","Y","L","04",0,0,1,0,0,0,1,0,0,"-","-","RANCHO CORDOVA","SACRAMENTO","CA",0,0
"6240445",-121.4865101,38.6395171,2013,"3400","1","2","4","07",0,2,"A",,,,,,1800,8,"C","C","A","RT 80","NORTHGATE BL",2112,"W","N","2014-04-04",9250,"2013-08-27",1605,"16731",,"2","9","0","1",,"2","182","-","Y","SAC",3,80,"-","M",4.58,"H","-","E","Y",3,"A","-",21658,"A","N","A","H","-","A","D","1","Y","D","22",0,0,2,0,0,0,0,0,0,"-","-","UNINCORPORATED","SACRAMENTO","CA",0,0
"6240419",-121.3645359,38.6113356,2013,"3400","4","4","4","08",0,1,"A",,,,"Y",,1500,8,"D","C","A","EASTERN AV","RAVENWOOD AV",120,"S","N","2014-03-27",9250,"2013-08-29",1330,"015423",,"1","9","0","2",,"1","051","-","N",,0,0,,,0,,,,"Y",2,"A","-",22103,,"N","A","H","-","A","D","0","Y","F","26",0,0,1,0,0,0,0,0,0,"-","-","UNINCORPORATED","SACRAMENTO","CA",0,0
"6240402",-121.5224408,38.6364829,2013,"3404","1","5","4","03",0,1,"A",,,,"Y",,900,8,"C","C","A","RT 5","ARENA BL",2550,"S","N","2014-03-27",9250,"2013-08-16",710,"017900",,"1","7","0","1",,"2","105","-","Y","SAC",3,5,"-","-",27.58,"H","-","N","Y",2,"A","-",22350,,"N","A","C","-","A","D","1","Y","A","01",0,0,1,0,0,0,0,0,0,"-","-","SACRAMENTO","SACRAMENTO","CA",0,0
"6236281",-121.3422931,38.5630451,2013,"3490","2","3","4","03",0,1,"A",,,,,,1500,8,"C","C","A","RT 50","BRADSHAW RD",200,"W","N","2014-03-26",9260,"2013-08-14",1215,"12781",,"1","5","0","1",,"2","501","-","Y","SAC",3,50,"-","R",7.509,"R","1","E","Y",2,"A","-",22350,,"N","A","H","-","A","D","1","Y","A","07",0,0,1,0,0,0,0,0,0,"TO","-","RANCHO CORDOVA","SACRAMENTO","CA",0,0
"6236277",-121.4180231,38.4235151,2013,"3450","0","5","4","12",0,3,"A",,,,,"Y",300,8,"A","C","A","BRUCEVILLE RD","LAGUNA BL",0,,"Y","2014-03-26",340,"2013-08-09",43,"10085","2304","5","5","0","0",,"0","002","-","N",,0,0,,,0,,,,"Y",2,"A","-",21453,"A","M","A","H","-","C","A","0","Y","A","01",0,0,3,0,0,0,0,0,0,"-","-","ELK GROVE","SACRAMENTO","CA",0,0