"CASEID","POINT_X","POINT_Y","YEAR_","LOCATION","CHPTYPE","DAYWEEK","CRASHSEV","VIOLCAT","KILLED","INJURED","WEATHER1","PEDCOL","BICCOL","MCCOL","TRUCKCOL","ETOH","TIMECAT","MONTH_","CRASHTYP","INVOLVE","PED","PRIMARYRD","SECONDRD","DISTANCE","DIRECT","INTERSECT_","PROCDATE","JURIS","DATE_","TIME_","BADGE","JURIDIST","SHIFT","POP","SPECIAL","BEATTYPE","LAPDDIV","BEATCLAS","BEATNUMB","WEATHER2","STATEHW","CALTRANC","CALTRAND","STROUTE","ROUTESUF","POSTPRE","POSTMILE","LOCATYPE","RAMP","SIDEHW","TOWAWAY","PARTIES","PCF","VIOLCODE","VIOL","VIOLSUB","HITRUN","ROADSURF","RDCOND1","RDCOND2","LIGHTING","RIGHTWAY","CHPRDTYP","NOTPRIV","STFAULT","CHPFAULT","SEVINJ","OTHERINJ","COP","PEDKILL","PEDINJ","BICKILL","BICINJ","MCKILL","MCINJURE","RAMP1","RAMP2","CITY","COUNTY","STATE","X_CHP","Y_CHP"
"6204915",-121.3056954,38.7111776,2013,"3496","1","3","4","03",0,1,"A",,,"Y",,,1800,8,"C","C","A","RT 80","ANTELOPE RD",1320,"E","N","2014-04-02",9250,"2013-08-07",1755,"015272",,"2","5","0","1",,"2","183","-","Y","SAC",3,80,"-","-",16.94,"H","-","W","Y",2,"A","-",22350,,"N","A","H","-","A","D","1","Y","C","02",0,0,1,0,0,0,0,0,1,"-","-","CITRUS HEIGHTS","SACRAMENTO","CA",0,0
"6204912",-121.3439431,38.687765,2013,"3400","4","4","4","12",0,1,"A",,,,,,300,8,"D","C","A","ELKHORN BL","ANDREA BL",0,,"Y","2014-04-02",9250,"2013-08-22",227,"017620",,"3","9","0","2",,"1","014","-","N",,0,0,,,0,,,,"N",2,"A","-",21453,"A","N","A","H","-","A","D","0","Y","A","01",0,0,1,0,0,0,0,0,0,"-","-","UNINCORPORATED","SACRAMENTO","CA",0,0
"6204911",-121.4241283,38.6408998,2013,"3404","1","4","4","07",0,1,"A",,,,,,1200,8,"B","C","A","RT 80","RALEY BL",1100,"E","N","2014-04-02",9250,"2013-08-22",1150,"18735",,"1","7","0","1",,"2","182","-","Y","SAC",3,80,"-","M",7.84,"H","-","E","Y",2,"A","-",21658,"A","N","A","H","-","A","D","1","Y","-","-",0,0,1,0,0,0,0,0,0,"-","-","SACRAMENTO","SACRAMENTO","CA",-121.42548,38.64138
"6204908",-121.4162906,38.5888819,2013,"3400","5","4","4","09",0,1,"A",,,,,,2100,8,"D","C","A","HURLEY WY","HOWE AV",350,"E","N","2014-04-02",9250,"2013-08-22",1843,"017863",,"2","9","0","3",,"2","040","-","N",,0,0,,,0,,,,"N",2,"A","-",21804,"A","N","A","H","-","A","D","0","Y","A","01",0,0,1,0,0,0,0,0,0,"-","-","UNINCORPORATED","SACRAMENTO","CA",0,0
"6204907",-121.4448954,38.5931424,2013,"3404","3","4","4","03",0,2,"A",,,,,,1500,8,"C","C","A","RT 51","EXPOSITION BL",1500,"S","N","2014-04-02",9250,"2013-08-22",1455,"018560",,"2","7","0","1",,"2","151","-","Y","SAC",3,51,"-","-",3.08,"H","-","N","Y",3,"A","-",22350,,"N","A","H","-","A","D","1","Y","A","01",0,0,2,0,0,0,0,0,0,"-","-","SACRAMENTO","SACRAMENTO","CA",0,0
"6204904",-121.3751731,38.705135,2013,"3400","5","5","4","09",0,1,"A",,,,,,900,8,"D","C","A","LITTLE ROCK DR","MOOSE CREEK CT",0,,"Y","2014-04-02",9250,"2013-08-23",720,"017900",,"1","9","0","3",,"2","010","-","N",,0,0,,,0,,,,"Y",2,"A","-",21800,"B","N","A","H","-","A","D","0","Y","A","01",0,0,1,0,0,0,0,0,0,"-","-","UNINCORPORATED","SACRAMENTO","CA",0,0
"6204903",-121.44004,38.6001355,2013,"3404","3","4","4","07",0,1,"A",,,,,,1500,8,"B","C","A","RT 51","EXPOSITION BL",1584,"N","N","2014-04-02",9250,"2013-08-22",1415,"018560",,"2","7","0","1",,"2","152","-","Y","SAC",3,51,"-","-",3.66,"H","-","S","N",2,"A","-",21658,"A","F","A","H","-","A","D","1","Y","A","07",0,0,1,0,0,0,0,0,0,"-","-","SACRAMENTO","SACRAMENTO","CA",0,0
"6204900",-121.3830832,38.614813,2013,"3400","4","5","4","01",0,1,"A",,,,,,1800,8,"C","C","A","WATT AV","KINGS WY",225,"N","N","2014-04-02",9250,"2013-08-23",1625,"017863",,"2","9","0","2",,"1","045","-","N",,0,0,,,0,,,,"Y",4,"A","-",23152,"A","N","A","H","-","A","D","0","Y","A","01",0,0,1,0,0,0,0,0,0,"-","-","UNINCORPORATED","SACRAMENTO","CA",0,0
"6204899",-121.3877269,38.6358001,2013,"3400","5","1","3","12",0,1,"A",,,,,,1200,8,"B","C","A","AUBURN BL","RT 51",0,,"Y","2014-04-02",9250,"2013-08-05",940,"015423",,"1","9","0","3",,"2","040","-","Y","SAC",3,51,"-","-",7.601,"R","4","N","N",2,"A","-",21453,"A","N","A","H","-","A","A","1","Y","A","01",0,1,0,0,0,0,0,0,0,"-","NF","UNINCORPORATED","SACRAMENTO","CA",0,0
"6204896",-121.4014601,38.5881821,2013,"3400","4","6","3","03",0,3,"A",,,,,,1800,8,"C","C","A","FULTON AV","HURLEY WY",205,"S","N","2014-04-02",9250,"2013-08-24",1650,"015917",,"2","9","0","2",,"1","043","-","N",,0,0,,,0,,,,"Y",2,"A","-",22350,,"N","A","H","-","A","D","0","Y","A","01",0,1,2,0,0,0,0,0,0,"-","-","UNINCORPORATED","SACRAMENTO","CA",0,0
"6204895",-121.4340155,38.6040489,2013,"3404","3","1","4","03",0,2,"A",,,,,,1800,8,"C","C","A","RT 51","ARDEN WY",75,"N","N","2014-04-02",9250,"2013-08-05",1740,"015272",,"2","7","0","1",,"2","151","-","Y","SAC",3,51,"-","-",4.09,"H","-","N","Y",3,"A","-",22350,,"N","A","H","-","A","D","1","Y","A","07",0,0,2,0,0,0,0,0,0,"-","-","SACRAMENTO","SACRAMENTO","CA",0,0
"6204892",-121.3829932,38.6682344,2013,"3400","4","5","4","07",0,4,"A","Y",,,,,1200,8,"B","C","F","WATT AV","A ST",135,"S","N","2014-04-02",9250,"2013-08-09",1105,"015961",,"1","9","0","2",,"1","011","-","N",,0,0,,,0,,,,"Y",3,"A","-",21658,"A","N","A","H","-","A","D","0","Y","A","07",0,0,4,0,1,0,0,0,0,"-","-","UNINCORPORATED","SACRAMENTO","CA",0,0
"6204891",-121.3335131,38.6858451,2013,"3400","4","2","4","04",0,1,"A",,,,,,1800,8,"C","C","A","ELKHORN BL","RT 80",0,,"Y","2014-04-02",9250,"2013-08-06",1657,"015866",,"2","9","0","2",,"1","012","-","Y","SAC",3,80,"-","-",14.645,"R","4","W","Y",3,"A","-",21703,,"N","A","H","-","A","D","1","Y","A","01",0,0,1,0,0,0,0,0,0,"-","WF","UNINCORPORATED","SACRAMENTO","CA",0,0
"6204888",-121.4154231,38.596245,2013,"3400","4","7","3","08",0,1,"A",,"Y",,,,1200,8,"H","G","A","HOWE AV","ARDEN WY",0,,"Y","2014-04-02",9250,"2013-08-18",1140,"014344",,"1","9","0","2",,"1","041","-","N",,0,0,,,0,,,,"N",2,"A","-",22107,,"N","A","H","-","A","A","0","Y","A","01",0,1,0,0,0,0,1,0,0,"-","-","UNINCORPORATED","SACRAMENTO","CA",0,0
"6204887",-121.4437513,38.5963333,2013,"3400","3","5","4","18",0,1,"A",,,,,,900,8,"F","A","A","RT 51","EXPOSITION BL",250,"S","N","2014-04-02",9250,"2013-08-09",840,"016624",,"1","9","0","1",,"2","151","-","Y","SAC",3,51,"-","-",3.31,"H","-","N","Y",1,"C","-",0,,"N","A","H","-","A","D","1","Y","-","-",0,0,1,0,0,0,0,0,0,"-","-","UNINCORPORATED","SACRAMENTO","CA",-121.44368,38.596
"6204884",-121.3484555,38.6823218,2013,"3400","4","6","3","08",0,1,"A",,,,,,600,8,"D","E","A","HILLSDALE BL","TACOMIC DR",75,"S","N","2014-04-02",9250,"2013-08-17",553,"018785",,"3","9","0","2",,"1","017","-","N",,0,0,,,0,,,,"Y",2,"A","-",22107,,"N","A","H","-","B","D","0","Y","A","01",0,1,0,0,0,0,0,0,0,"-","-","UNINCORPORATED","SACRAMENTO","CA",-121.34838,38.68208
"6204883",-121.3585031,38.6622051,2013,"3400","1","6","3","01",0,1,"A",,,"Y",,"Y",600,8,"F","A","A","RT 80","MADISON AV",310,"S","N","2014-04-02",9250,"2013-08-10",430,"018816",,"3","9","0","1",,"2","184","-","Y","SAC",3,80,"-","-",12.454,"R","2","E","Y",1,"A","-",23152,"A","N","A","H","-","C","D","1","Y","C","02",0,1,0,0,0,0,0,0,1,"FR","-","UNINCORPORATED","SACRAMENTO","CA",0,0
"6204880",-121.3830631,38.6177951,2013,"3400","4","5","3","09",0,1,"A",,,,,,2400,8,"D","C","A","WATT AV","MARCONI AV",0,,"Y","2014-04-05",9250,"2013-08-30",2220,"17862",,"3","9","0","2",,"1","045","-","N",,0,0,,,0,,,,"Y",2,"A","-",21453,"C","N","A","H","-","C","A","0","Y","A","07",0,1,0,0,0,0,0,0,0,"-","-","UNINCORPORATED","SACRAMENTO","CA",0,0
"6204879",-121.4154775,38.5835745,2013,"3400","4","5","3","05",0,1,"A",,"Y",,,,1500,8,"H","G","A","HOWE AV","ENTERPRISE DR",175,"S","N","2014-04-05",9250,"2013-08-30",1405,"14344",,"2","9","0","2",,"1","041","-","N",,0,0,,,0,,,,"N",2,"A","-",21650,"1","N","A","H","-","A","D","0","Y","L","04",0,1,0,0,0,0,1,0,0,"-","-","UNINCORPORATED","SACRAMENTO","CA",0,0
"6204876",-121.4154811,38.5831763,2013,"3400","4","2","4","10",0,2,"B","Y",,,,,1500,8,"G","B","F","HOWE AV","ENTERPRISE DR",320,"S","N","2014-04-05",9250,"2013-08-20",1230,"16225",,"1","9","0","2",,"1","041","-","N",,0,0,,,0,,,,"N",3,"A","-",21952,,"N","A","H","-","A","D","0","Y","A","01",0,0,2,0,2,0,0,0,0,"-","-","UNINCORPORATED","SACRAMENTO","CA",0,0
"6204875",-121.3476944,38.7000987,2013,"3400","5","6","3","01",0,1,"A",,,,,"Y",600,8,"E","I","A","DON JULIO","LA TOUR DR",534,"N","N","2014-04-05",9250,"2013-08-03",350,"18656",,"3","9","0","3",,"2","010","-","N",,0,0,,,0,,,,"Y",1,"A","-",23152,"A","N","B","H","-","C","D","0","Y","A","01",0,1,0,0,0,0,0,0,0,"-","-","UNINCORPORATED","SACRAMENTO","CA",0,0
"6204872",-121.4534431,38.694765,2013,"3400","5","4","4","08",0,1,"A",,,"Y",,,1800,8,"F","A","A","5TH AV","O ST",0,,"Y","2014-04-05",9250,"2013-08-22",1530,"18260",,"2","9","0","3",,"2","060","-","N",,0,0,,,0,,,,"N",2,"A","-",22107,,"N","A","H","-","A","A","0","Y","C","02",0,0,1,0,0,0,0,0,1,"-","-","UNINCORPORATED","SACRAMENTO","CA",0,0
"6204871",-121.3645093,38.7133397,2013,"3400","4","7","3","05",0,1,"A",,"Y",,,,1200,8,"H","G","A","ELVERTA RD","WALERGA RD",5,"W","N","2014-04-05",9250,"2013-08-04",1045,"17900",,"1","9","0","2",,"1","013","-","N",,0,0,,,0,,,,"N",2,"A","-",21650,"1","N","A","H","-","A","A","0","Y","L","04",0,1,0,0,0,0,1,0,0,"-","-","UNINCORPORATED","SACRAMENTO","CA",0,0
"6204868",0,0,2013,"3400","4","5","3","09",0,2,"A",,,,,,2400,8,"A","C","A","ANTELOPE RD","WATT AV",0,,"Y","2014-04-05",9250,"2013-08-23",2200,"18656",,"3","9","0","2",,"1","012","-","N",,0,0,,,0,,,,"Y",2,"A","-",21453,"C","N","A","H","-","C","A","0","Y","A","01",0,2,0,0,0,0,0,0,0,"-","-","UNINCORPORATED","SACRAMENTO","CA",0,0
"6204867",-121.3830632,38.6363144,2013,"3400","4","1","4","08",0,1,"A",,,,,,1800,8,"E","I","A","WATT AV","AUBURN BL",310,"S","N","2014-04-05",9250,"2013-08-05",1540,"16225",,"2","9","0","2",,"1","045","-","N",,0,0,,,0,,,,"Y",1,"A","-",22107,,"N","A","H","-","A","D","0","Y","A","01",0,0,1,0,0,0,0,0,0,"-","-","UNINCORPORATED","SACRAMENTO","CA",0,0
"6204864",-121.3560482,38.6609294,2013,"3400","4","6","3","09",0,1,"A",,"Y",,,,1800,8,"H","G","A","MADISON AV","DATE AV",250,"W","N","2014-04-05",9250,"2013-08-24",1730,"17752",,"2","9","0","2",,"1","024","-","N",,0,0,,,0,,,,"N",2,"A","-",21804,"A","F","A","H","-","A","D","0","Y","-","99",0,1,0,0,0,0,1,0,0,"-","-","UNINCORPORATED","SACRAMENTO","CA",0,0
"6204863",-121.3643076,38.7118462,2013,"3400","4","4","3","09",0,1,"A",,"Y",,,,2400,8,"H","G","A","WALERGA RD","ELVERTA RD",550,"S","N","2014-04-05",9250,"2013-08-08",2103,"17979",,"2","9","0","2",,"1","013","-","N",,0,0,,,0,,,,"N",2,"A","-",21804,"A","N","A","H","-","C","D","0","Y","L","04",0,1,0,0,0,0,1,0,0,"-","-","UNINCORPORATED","SACRAMENTO","CA",0,0
"6204860",-121.3274331,38.660705,2013,"3400","4","4","4","12",0,2,"A",,,,,,2400,8,"D","C","A","MADISON AV","MANZANITA AV",0,,"Y","2014-04-05",9250,"2013-08-01",2215,"17682",,"3","9","0","2",,"1","024","-","N",,0,0,,,0,,,,"Y",2,"A","-",21453,"A","N","A","H","-","C","A","0","Y","A","01",0,0,2,0,0,0,0,0,0,"-","-","UNINCORPORATED","SACRAMENTO","CA",0,0
"6204859",-121.3017516,38.6634651,2013,"3400","4","6","4","03",0,1,"A",,,,,,300,8,"C","C","A","MADISON AV","LINCOLN OAKS DR",528,"W","N","2014-04-05",9250,"2013-08-10",10,"18785",,"3","9","0","2",,"1","024","-","N",,0,0,,,0,,,,"N",2,"A","-",22350,,"N","A","H","-","C","D","0","Y","A","01",0,0,1,0,0,0,0,0,0,"-","-","UNINCORPORATED","SACRAMENTO","CA",0,0
"6204856",-121.3723677,38.5775897,2013,"3400","4","5","4","03",0,1,"A",,,,,,1800,8,"C","C","A","FAIR OAKS BL","SAN RAMON WY",150,"E","N","2014-04-05",9250,"2013-08-30",1600,"17900",,"2","9","0","2",,"1","048","-","N",,0,0,,,0,,,,"N",2,"A","-",22350,,"N","A","H","-","A","D","0","Y","A","01",0,0,1,0,0,0,0,0,0,"-","-","UNINCORPORATED","SACRAMENTO","CA",0,0
"6204855",-121.3863951,38.5691083,2013,"3400","4","6","3","18",0,1,"A",,,,,,1500,8,"E","I","A","AMERICAN RIVER DR","MERING CT",225,"W","N","2014-04-05",9250,"2013-08-10",1338,"17863",,"1","9","0","2",,"1","013","-","N",,0,0,,,0,,,,"Y",1,"C","-",0,,"N","A","H","-","A","D","0","Y","-","-",0,1,0,0,0,0,0,0,0,"-","-","UNINCORPORATED","SACRAMENTO","CA",0,0
"6204852",-121.3748766,38.6386552,2013,"3400","5","4","4","01",0,1,"A",,,,,,2400,8,"C","C","A","PASADENA AV","AUBURN BL",500,"S","N","2014-04-05",9250,"2013-08-29",2205,"16141",,"3","9","0","3",,"2","020","-","N",,0,0,,,0,,,,"Y",2,"A","-",23152,"A","N","A","G","-","C","D","0","Y","A","07",0,0,1,0,0,0,0,0,0,"-","-","UNINCORPORATED","SACRAMENTO","CA",0,0
"6204851",-121.4014569,38.588443,2013,"3400","4","6","4","05",0,1,"A",,"Y",,,,1200,8,"H","G","A","FULTON AV","HURLEY WY",110,"S","N","2014-04-05",9250,"2013-08-10",1110,"14344",,"1","9","0","2",,"1","043","-","N",,0,0,,,0,,,,"N",2,"A","-",21650,"1","N","A","H","-","A","D","0","Y","L","04",0,0,1,0,0,0,1,0,0,"-","-","UNINCORPORATED","SACRAMENTO","CA",0,0
"6204848",-121.3831402,38.6177951,2013,"3400","4","4","2","01",0,2,"A",,,,,,900,8,"C","C","A","MARCONI AV","WATT AV",22,"W","N","2014-04-05",9250,"2013-08-29",840,"12818",,"1","9","0","2",,"1","042","-","N",,0,0,,,0,,,,"Y",3,"A","-",23152,"A","N","A","H","-","A","A","0","Y","A","01",1,0,1,0,0,0,0,0,0,"-","-","UNINCORPORATED","SACRAMENTO","CA",0,0
"6204847",-121.3460131,38.6246251,2013,"3400","5","6","3","12",0,3,"A",,,,,,900,8,"D","C","A","WALNUT AV","NORTH AV",0,,"Y","2014-04-05",9250,"2013-08-10",730,"14845",,"1","9","0","3",,"2","050","-","Y",,0,0,,,0,,,,"Y",2,"A","-",21453,"A","N","A","H","-","A","A","0","Y","A","01",0,1,2,0,0,0,0,0,0,"-","-","UNINCORPORATED","SACRAMENTO","CA",0,0
"6204844",-121.3713114,38.5780755,2013,"3400","4","4","4","03",0,1,"A",,,,,,1800,8,"C","C","A","FAIR OAKS BL","SAN RAMON WY",500,"E","N","2014-04-05",9250,"2013-08-29",1510,"16225",,"2","9","0","2",,"1","048","-","N",,0,0,,,0,,,,"N",2,"A","-",22350,,"N","A","H","-","A","D","0","Y","A","01",0,0,1,0,0,0,0,0,0,"-","-","UNINCORPORATED","SACRAMENTO","CA",0,0
"6204843",-121.4014506,38.5989872,2013,"3400","4","2","4","21",0,1,"A",,,,,,1500,8,"C","C","A","FULTON AV","ARMSTRONG DR",110,"N","N","2014-04-05",9250,"2013-08-20",1405,"18461",,"2","9","0","2",,"1","043","-","N",,0,0,,,0,,,,"N",2,"A","-",22106,,"N","A","H","-","A","D","0","Y","A","01",0,0,1,0,0,0,0,0,0,"-","-","UNINCORPORATED","SACRAMENTO","CA",0,0
"6204840",-121.3814245,38.7185015,2013,"3400","5","4","3","12",0,1,"A",,"Y",,,,2100,8,"B","G","A","BLACK EAGLE DR","ELVERTA RD",6,"N","N","2014-04-05",9250,"2013-08-29",1920,"18735",,"2","9","0","3",,"2","010","-","N",,0,0,,,0,,,,"N",2,"A","-",21453,"A","N","A","H","-","A","A","0","Y","L","04",0,1,0,0,0,0,1,0,0,"-","-","UNINCORPORATED","SACRAMENTO","CA",0,0
"6204839",-121.3838751,38.6104748,2013,"3400","4","2","4","09",0,1,"A",,,,,,1800,8,"B","C","A","EL CAMINO AV","WATT AV",232,"W","N","2014-04-05",9250,"2013-08-20",1600,"18461",,"2","9","0","2",,"1","044","-","N",,0,0,,,0,,,,"Y",2,"A","-",21804,"A","N","A","H","-","A","D","0","Y","A","07",0,0,1,0,0,0,0,0,0,"-","-","UNINCORPORATED","SACRAMENTO","CA",0,0
"6204837",-121.2716331,38.6784251,2013,"3496","0","3","4","08",0,1,"A","Y",,,,"Y",1500,6,"G","B","B","SUNRISE BL","GREENBACK LN",0,,"Y","2015-01-15",3496,"2013-06-05",1230,"175",,"5","5","0","0",,"0",,"-","N",,0,0,,,0,,,,"Y",2,"A","-",22107,,"F","A","H","-","A","A","0","Y","-","-",0,0,1,0,1,0,0,0,0,"-","-","CITRUS HEIGHTS","SACRAMENTO","CA",0,0
"6204836",-121.3350131,38.6839551,2013,"3400","4","4","4","03",0,1,"A",,,,,,2100,8,"C","C","A","GREENBACK LN","RT 80",30,"E","N","2014-04-05",9250,"2013-08-29",1810,"18735",,"2","9","0","2",,"1","022","-","Y","SAC",3,80,"-","-",14.41,"R","4","E","Y",3,"A","-",22350,,"N","A","H","-","A","D","1","Y","A","01",0,0,1,0,0,0,0,0,0,"-","-","UNINCORPORATED","SACRAMENTO","CA",0,0
"6204835",-121.3695806,38.6176572,2013,"3400","4","2","4","08",0,1,"A",,,,,,900,8,"E","I","A","MARCONI AV","VERNA WY",25,"W","N","2014-04-05",9250,"2013-08-20",655,"12818",,"1","9","0","2",,"1","042","-","N",,0,0,,,0,,,,"Y",1,"A","-",22107,,"N","A","H","-","A","A","0","Y","A","07",0,0,1,0,0,0,0,0,0,"-","-","UNINCORPORATED","SACRAMENTO","CA",0,0
"6204833",-121.38309,38.6372748,2013,"3404","0","6","4","00",0,1,"A",,,,,,1500,6,"D","C","A","WATT AV","AUBURN BL",40,"N","N","2014-04-07",3404,"2013-06-22",1318,"0851","2","5","7","0","0",,"0","02A","-","N",,0,0,,,0,,,,"Y",2,"D","-",0,,"N","A","H","-","A","A","0","Y","-","-",0,0,1,0,0,0,0,0,0,"-","-","SACRAMENTO","SACRAMENTO","CA",0,0
"6204832",-121.3644931,38.713345,2013,"3400","4","6","4","00",0,1,"A",,,,,,900,8,"D","C","A","WALERGA RD","ELVERTA RD",0,,"Y","2014-04-05",9250,"2013-08-24",630,"17762",,"1","9","0","2",,"1","013","-","N",,0,0,,,0,,,,"Y",2,"D","-",0,,"N","A","H","-","A","A","0","Y","-","-",0,0,1,0,0,0,0,0,0,"-","-","UNINCORPORATED","SACRAMENTO","CA",0,0
"6204831",-121.3691606,38.610287,2013,"3400","4","1","4","03",0,2,"B",,,,,,2100,8,"C","D","A","EL CAMINO AV","AVALON DR",25,"W","N","2014-04-05",9250,"2013-08-19",2055,"14532",,"2","9","0","2",,"1","044","-","N",,0,0,,,0,,,,"Y",2,"A","-",22350,,"N","A","H","-","C","A","0","Y","A","01",0,0,2,0,0,0,0,0,0,"-","-","UNINCORPORATED","SACRAMENTO","CA",0,0
"6204828",-121.3637931,38.6840851,2013,"3400","4","3","3","05",0,1,"A",,"Y",,,,900,8,"D","G","A","WALERGA RD","LARCHMONT DR",0,,"Y","2014-04-05",9250,"2013-08-28",825,"18126",,"1","9","0","2",,"1","013","-","N",,0,0,,,0,,,,"N",2,"A","-",21650,"1","N","A","H","-","A","A","0","Y","L","04",0,1,0,0,0,0,1,0,0,"-","-","UNINCORPORATED","SACRAMENTO","CA",0,0
"6204827",-121.3297831,38.6557651,2013,"3400","5","3","4","09",0,2,"A",,,,,,2100,8,"A","C","A","GREENBERRY DR","MULDROW RD",0,,"Y","2014-04-05",9250,"2013-08-14",1840,"18461",,"2","9","0","3",,"2","020","-","N",,0,0,,,0,,,,"Y",2,"A","-",21802,"A","N","A","H","-","A","A","0","Y","A","01",0,0,2,0,0,0,0,0,0,"-","-","UNINCORPORATED","SACRAMENTO","CA",0,0
"6204824",-121.3643901,38.7039151,2013,"3400","4","5","4","21",0,1,"A",,,,,,2100,8,"C","C","A","ANTELOPE RD","WALERGA RD",18,"E","N","2014-04-05",9250,"2013-08-30",2050,"18791",,"2","9","0","2",,"1","012","-","N",,0,0,,,0,,,,"N",2,"A","-",22106,,"F","A","H","-","C","A","0","Y","A","01",0,0,1,0,0,0,0,0,0,"-","-","UNINCORPORATED","SACRAMENTO","CA",0,0
"6204823",0,0,2013,"3400","4","6","4","09",0,2,"A",,,,,,1200,8,"D","C","A","ANTELOPE RD","WATT AV",300,"E","N","2014-04-05",9250,"2013-08-17",1155,"18045",,"1","9","0","2",,"1","012","-","N",,0,0,,,0,,,,"Y",2,"A","-",21801,"A","N","A","H","-","A","D","0","Y","A","01",0,0,2,0,0,0,0,0,0,"-","-","UNINCORPORATED","SACRAMENTO","CA",0,0
"6204820",-121.3644931,38.713345,2013,"3400","5","4","4","00",0,2,"A",,,,,,2100,8,"A","C","A","ELVERTA RD","WALERGA RD",0,,"Y","2014-04-05",9250,"2013-08-29",2020,"15866",,"2","9","0","3",,"2","010","-","N",,0,0,,,0,,,,"Y",2,"D","-",0,,"N","A","H","-","C","A","0","Y","-","-",0,0,2,0,0,0,0,0,0,"-","-","UNINCORPORATED","SACRAMENTO","CA",0,0
"6204819",-121.3277814,38.6465055,2013,"3400","4","3","4","09",0,1,"A",,,,,,2100,8,"A","C","A","MANZANITA AV","WINDMILL WY",528,"S","N","2014-04-05",9250,"2013-08-14",1905,"18461",,"2","9","0","2",,"1","023","-","N",,0,0,,,0,,,,"N",2,"A","-",21801,"A","N","A","H","-","A","D","0","Y","A","01",0,0,1,0,0,0,0,0,0,"-","-","UNINCORPORATED","SACRAMENTO","CA",0,0
"6204816",-121.4098977,38.5743747,2013,"3400","4","1","4","09",0,2,"B",,,,,,1800,8,"D","C","A","FAIR OAKS BL","UNIVERSITY AV",675,"E","N","2014-04-05",9250,"2013-08-19",1600,"16225",,"2","9","0","2",,"1","048","-","N",,0,0,,,0,,,,"Y",2,"A","-",21802,"A","N","A","H","-","A","A","0","Y","A","01",0,0,2,0,0,0,0,0,0,"-","-","UNINCORPORATED","SACRAMENTO","CA",0,0
"6204815",-121.3722977,38.5776208,2013,"3400","4","6","4","08",0,1,"A",,,,,,900,8,"E","I","A","FAIR OAKS BL","WILHAGGIN DR",173,"E","N","2014-04-05",9250,"2013-08-17",600,"16419",,"1","9","0","2",,"1","053","-","N",,0,0,,,0,,,,"Y",1,"A","-",22107,,"N","A","H","-","A","D","0","Y","A","01",0,0,1,0,0,0,0,0,0,"-","-","UNINCORPORATED","SACRAMENTO","CA",0,0
"6204813",-121.4462731,38.4962451,2013,"3404","3","2","4","08",0,1,"B",,,,,,1200,6,"E","I","A","RT 99","FLORIN RD",360,"S","N","2014-04-07",9252,"2013-06-25",1105,"015006",,"1","7","0","1",,"2","192","C","Y","SAC",3,99,"-","-",19.599,"R","2","S","Y",1,"A","-",22107,,"N","B","H","-","A","D","1","Y","A","01",0,0,1,0,0,0,0,0,0,"TO","-","SACRAMENTO","SACRAMENTO","CA",-121.4465,38.4951
"6204812",-121.3266804,38.6332548,2013,"3400","5","7","3","09",0,2,"A",,,,,,1800,8,"D","C","A","SUTTER AV","FAIR OAKS BL",429,"E","N","2014-04-05",9250,"2013-08-18",1605,"17482",,"2","9","0","3",,"2","050","-","N",,0,0,,,0,,,,"Y",2,"A","-",21804,"A","F","A","H","-","A","D","0","Y","A","01",0,2,0,0,0,0,0,0,0,"-","-","UNINCORPORATED","SACRAMENTO","CA",0,0
"6204811",-121.3663231,38.617625,2013,"3400","4","5","4","09",0,3,"A",,,,,,1500,8,"D","C","A","MARCONI AV","MARILONA DR",0,,"Y","2014-04-05",9250,"2013-08-16",1440,"14845",,"2","9","0","2",,"1","042","-","N",,0,0,,,0,,,,"Y",2,"A","-",21802,"A","N","A","H","-","A","A","0","Y","A","01",0,0,3,0,0,0,0,0,0,"-","-","UNINCORPORATED","SACRAMENTO","CA",0,0
"6204808",-121.3460031,38.6100351,2013,"3400","4","5","3","12",0,2,"A",,,,,,1500,8,"D","C","A","EL CAMINO AV","WALNUT AV",0,,"Y","2014-04-05",9250,"2013-08-16",1250,"14845",,"1","9","0","2",,"1","054","-","N",,0,0,,,0,,,,"Y",2,"A","-",21453,"A","N","A","D","-","A","A","0","Y","A","01",0,1,1,0,0,0,0,0,0,"-","-","UNINCORPORATED","SACRAMENTO","CA",0,0
"6204807",-121.3830431,38.628665,2013,"3400","4","4","4","05",0,1,"A",,"Y",,,,1800,8,"D","G","A","WATT AV","WHITNEY AV",0,,"Y","2014-04-05",9250,"2013-08-15",1705,"18461",,"2","9","0","2",,"1","045","-","N",,0,0,,,0,,,,"N",2,"A","-",21650,"1","N","A","H","-","A","D","0","Y","L","04",0,0,1,0,0,0,1,0,0,"-","-","UNINCORPORATED","SACRAMENTO","CA",0,0