"CASEID","POINT_X","POINT_Y","YEAR_","LOCATION","CHPTYPE","DAYWEEK","CRASHSEV","VIOLCAT","KILLED","INJURED","WEATHER1","PEDCOL","BICCOL","MCCOL","TRUCKCOL","ETOH","TIMECAT","MONTH_","CRASHTYP","INVOLVE","PED","PRIMARYRD","SECONDRD","DISTANCE","DIRECT","INTERSECT_","PROCDATE","JURIS","DATE_","TIME_","BADGE","JURIDIST","SHIFT","POP","SPECIAL","BEATTYPE","LAPDDIV","BEATCLAS","BEATNUMB","WEATHER2","STATEHW","CALTRANC","CALTRAND","STROUTE","ROUTESUF","POSTPRE","POSTMILE","LOCATYPE","RAMP","SIDEHW","TOWAWAY","PARTIES","PCF","VIOLCODE","VIOL","VIOLSUB","HITRUN","ROADSURF","RDCOND1","RDCOND2","LIGHTING","RIGHTWAY","CHPRDTYP","NOTPRIV","STFAULT","CHPFAULT","SEVINJ","OTHERINJ","COP","PEDKILL","PEDINJ","BICKILL","BICINJ","MCKILL","MCINJURE","RAMP1","RAMP2","CITY","COUNTY","STATE","X_CHP","Y_CHP"
"6182192",-121.3830869,38.6183713,2013,"3400","4","1","4","21",0,1,"A",,,,,,1500,8,"C","C","A","WATT AV","MARCONI AV",210,"N","N","2014-03-26",9250,"2013-08-05",1300,"012818",,"1","9","0","2",,"1","045","-","N",,0,0,,,0,,,,"N",2,"A","-",22106,,"N","A","H","-","A","A","0","Y","A","07",0,0,1,0,0,0,0,0,0,"-","-","UNINCORPORATED","SACRAMENTO","CA",0,0
"6182188",-121.4014502,38.5990312,2013,"3400","4","5","4","03",0,1,"A",,,,,,1800,8,"C","C","A","FULTON AV","ALTA ARDEN EXPWY",300,"S","N","2014-03-26",9250,"2013-08-02",1520,"015917",,"2","9","0","2",,"1","043","-","N",,0,0,,,0,,,,"N",2,"A","-",22350,,"N","A","H","-","A","D","0","Y","A","01",0,0,1,0,0,0,0,0,0,"-","-","UNINCORPORATED","SACRAMENTO","CA",0,0
"6182184",-121.4014732,38.6117736,2013,"3400","4","6","3","05",0,1,"A",,"Y",,,,1800,8,"H","G","A","FULTON AV","EL CAMINO AV",400,"N","N","2014-03-26",9250,"2013-08-03",1555,"014344",,"2","9","0","2",,"1","043","-","N",,0,0,,,0,,,,"N",2,"A","-",21650,"1","N","A","H","-","A","D","0","Y","L","04",0,1,0,0,0,0,1,0,0,"-","-","UNINCORPORATED","SACRAMENTO","CA",0,0
"6182180",-121.3366931,38.645805,2013,"3400","5","6","3","11",0,1,"A","Y",,,,,2100,8,"G","B","E","GARFIELD AV","HASKELL AV",0,,"Y","2014-03-26",9250,"2013-08-03",1925,"017818",,"2","9","0","3",,"2","050","-","N",,0,0,,,0,,,,"N",2,"A","-",21954,"A","N","A","H","-","A","A","0","Y","N","60",0,1,0,0,1,0,0,0,0,"-","-","UNINCORPORATED","SACRAMENTO","CA",0,0
"6182176",-121.336693,38.648065,2013,"3400","4","6","4","00",0,2,"A",,,,,,900,8,"D","C","A","WINDING WY","GARFIELD AV",0,,"Y","2014-03-26",9250,"2013-08-03",845,"017900",,"1","9","0","2",,"1","026","-","N",,0,0,,,0,,,,"Y",2,"D","-",0,,"N","A","H","-","A","A","0","Y","-","-",0,0,2,0,0,0,0,0,0,"-","-","UNINCORPORATED","SACRAMENTO","CA",0,0
"6182012",0,0,2013,"3400","5","2","4","09",0,2,"A",,,,,,1200,7,"D","C","A","LENNANE DR","N FREEWAY BL",400,"N","N","2014-09-27",9250,"2013-07-09",903,"017509",,"1","9","0","3",,"2","080","-","N",,0,0,,,0,,,,"Y",3,"A","-",21801,"A","N","A","H","-","A","D","0","Y","A","01",0,0,2,0,0,0,0,0,0,"-","-","UNINCORPORATED","SACRAMENTO","CA",0,0
"6181757",-121.4008914,38.4378883,2013,"3450","0","5","4","01",0,3,"A",,,,,"Y",2400,8,"C","C","A","SHELDON RD","E STOCKTON BL",12,"E","N","2014-03-28",340,"2013-08-16",2305,"10364","3401","5","5","0","0",,"0","003","-","N",,0,0,,,0,,,,"Y",2,"A","-",23152,"A","F","A","H","-","C","A","0","Y","A","07",0,0,3,0,0,0,0,0,0,"-","-","ELK GROVE","SACRAMENTO","CA",0,0
"6181689",-121.353216,38.4275037,2013,"3450","0","6","3","01",0,1,"A",,,,,"Y",300,8,"F","A","A","WATERMAN RD","BOND RD",1427,"N","N","2014-03-28",340,"2013-08-17",32,"10336","5201","5","5","0","0",,"0","005","-","N",,0,0,,,0,,,,"Y",1,"A","-",23152,"A","N","A","H","-","D","D","0","Y","A","01",0,1,0,0,0,0,0,0,0,"-","-","ELK GROVE","SACRAMENTO","CA",0,0
"6181247",0,0,2013,"3450","0","4","4","08",0,2,"A",,,,,,2100,8,"B","C","A","CIVIC CENTER DR","BIG HORN BL",352,"W","N","2014-03-22",340,"2013-08-15",1908,"10009","4201","5","5","0","0",,"0","004","-","N",,0,0,,,0,,,,"N",2,"A","-",22103,,"N","A","H","-","A","D","0","Y","A","01",0,0,2,0,0,0,0,0,0,"-","-","ELK GROVE","SACRAMENTO","CA",0,0
"6181243",-121.3925531,38.409115,2013,"3450","0","1","4","17",0,1,"A",,,,,,1500,8,"D","C","A","AUTO CENTER DR","ELK GROVE BL",0,,"Y","2014-03-22",340,"2013-08-12",1346,"10145","4203","5","5","0","0",,"0","004","-","N",,0,0,,,0,,,,"Y",2,"A","-",21451,"A","N","A","H","-","A","A","0","Y","A","01",0,0,1,0,0,0,0,0,0,"-","-","ELK GROVE","SACRAMENTO","CA",0,0
"6181229",-121.4914331,38.563815,2013,"3404","0","2","3","01",0,2,"A",,,,,"Y",600,8,"D","C","A","16TH ST","W ST",0,,"Y","2014-03-27",3404,"2013-08-20",427,"216",,"5","7","0","0",,"0","03A","-","N",,0,0,,,0,,,,"N",2,"A","-",23153,"A","N","A","H","-","C","A","0","Y","A","01",0,1,1,0,0,0,0,0,0,"-","-","SACRAMENTO","SACRAMENTO","CA",0,0
"6181225",-121.4945637,38.5527777,2013,"3404","0","2","4","21",0,1,"A","Y",,,,,1200,8,"G","B","E","17TH ST","4TH AV",105,"S","N","2014-03-27",3404,"2013-08-20",959,"729","4A","5","7","0","0",,"0",,"-","N",,0,0,,,0,,,,"N",2,"A","-",22106,,"N","A","H","-","A","D","0","Y","A","01",0,0,1,0,1,0,0,0,0,"-","-","SACRAMENTO","SACRAMENTO","CA",0,0
"6181221",-121.481723,38.575935,2013,"3404","0","5","3","09",0,2,"A",,,,,,2400,8,"A","C","A","K ST","19TH ST",0,,"Y","2014-03-27",3404,"2013-08-16",2205,"650","3","5","7","0","0",,"0","00B","-","N",,0,0,,,0,,,,"Y",3,"A","-",21801,"A","N","A","H","-","C","A","0","Y","A","01",0,1,1,0,0,0,0,0,0,"-","-","SACRAMENTO","SACRAMENTO","CA",0,0
"6181217",-121.4938913,38.5730745,2013,"3404","0","2","4","08",0,1,"A",,,,,,900,8,"D","C","A","P ST","12TH ST",54,"W","N","2014-03-27",3404,"2013-08-20",820,"0900",,"5","7","0","0",,"0",,"-","N",,0,0,,,0,,,,"N",2,"A","-",22100,"B","N","A","H","-","A","D","0","Y","A","01",0,0,1,0,0,0,0,0,0,"-","-","SACRAMENTO","SACRAMENTO","CA",0,0
"6181151",-121.208153,38.699975,2013,"3400","5","6","4","09",0,2,"A",,,,,,2100,8,"D","C","A","OAK AV","APRIL ST",0,,"Y","2014-04-01",9260,"2013-08-24",1900,"014633",,"2","9","0","3",,"2","003","-","N",,0,0,,,0,,,,"Y",2,"A","-",21802,"A","N","A","H","-","B","A","0","Y","A","07",0,0,2,0,0,0,0,0,0,"-","-","UNINCORPORATED","SACRAMENTO","CA",0,0
"6181147",-121.3459331,38.660805,2013,"3400","4","6","3","08",0,1,"A",,,,,,1200,8,"E","I","A","MADISON AV","WALNUT AV",0,,"Y","2014-04-01",9260,"2013-08-24",945,"016685",,"1","9","0","2",,"2","304","-","N",,0,0,,,0,,,,"Y",1,"A","-",22107,,"N","A","H","-","A","D","0","Y","A","01",0,1,0,0,0,0,0,0,0,"-","-","UNINCORPORATED","SACRAMENTO","CA",0,0
"6181143",-121.2256931,38.6708051,2013,"3400","4","4","4","12",0,2,"A",,,,,,1800,8,"D","C","A","HAZEL AV","PERSHING AV",0,,"Y","2014-04-01",9260,"2013-08-22",1600,"014633",,"2","9","0","2",,"2","307","-","N",,0,0,,,0,,,,"Y",2,"A","-",21453,"A","N","A","H","-","A","D","0","Y","A","01",0,0,2,0,0,0,0,0,0,"-","-","UNINCORPORATED","SACRAMENTO","CA",0,0
"6181139",-121.244413,38.6858851,2013,"3400","5","5","3","12",0,1,"A",,"Y",,,,1800,8,"D","G","A","KENNETH AV","CENTRAL AV",0,,"Y","2014-04-01",9260,"2013-08-23",1505,"013708",,"2","9","0","3",,"2","003","-","N",,0,0,,,0,,,,"N",2,"A","-",22450,"A","N","A","H","-","A","A","0","Y","L","04",0,1,0,0,0,0,1,0,0,"-","-","UNINCORPORATED","SACRAMENTO","CA",0,0
"6181135",-121.3762131,38.5592051,2013,"3400","2","2","4","03",0,5,"A",,,,,,2400,8,"D","C","A","RT 50","WATT AV",4,"W","N","2014-04-01",9260,"2013-08-20",2305,"015289",,"3","9","0","1",,"2","501","-","Y","SAC",3,50,"-","R",5.508,"R","4","W","Y",3,"A","-",22350,,"N","A","D","-","D","D","1","Y","A","01",0,0,5,0,0,0,0,0,0,"WF","-","UNINCORPORATED","SACRAMENTO","CA",-121.38025,38.56001
"6181099",-121.2680077,38.6315522,2013,"3400","5","6","3","03",0,1,"A",,,"Y",,,2100,8,"F","A","A","SUNRISE BL","SOUTH BRIDGE ST",528,"N","N","2014-03-28",9260,"2013-08-24",1945,"18691",,"2","9","0","3",,"2","001","-","N",,0,0,,,0,,,,"N",1,"A","-",22350,,"N","A","H","-","A","D","0","Y","C","02",0,1,0,0,0,0,0,0,1,"-","-","UNINCORPORATED","SACRAMENTO","CA",0,0
"6180994",-121.2622931,38.6785339,2013,"3400","4","4","3","12",0,3,"A",,,,,,1800,8,"C","C","A","FAIR OAKS BL","GREENBACK LN",15,"S","N","2014-03-20",9260,"2013-08-15",1505,"013708",,"2","9","0","2",,"2","305","-","N",,0,0,,,0,,,,"Y",4,"A","-",21453,"A","N","A","H","-","A","A","0","Y","D","22",0,1,2,0,0,0,0,0,0,"-","-","UNINCORPORATED","SACRAMENTO","CA",0,0
"6180943",-121.3316389,38.5280857,2013,"3400","3","5","4","03",0,1,"-",,,,,,900,8,"C","C","A","RT 16","BRADSHAW RD",1000,"E","N","2014-10-17",9260,"2013-08-23",800,"14633",,"1","9","0","1",,"2","116","-","Y","SAC",3,16,"-","-",6.41,"H","-","W","Y",2,"A","-",22350,,"N","A","H","-","A","A","0","Y","A","01",0,0,1,0,0,0,0,0,0,"-","-","UNINCORPORATED","SACRAMENTO","CA",0,0
"6180934",-121.472133,38.567195,2013,"3404","0","2","4","09",0,1,"A",,"Y",,,,2400,7,"H","G","A","28TH ST","P ST",0,,"Y","2014-06-16",3404,"2013-07-30",2146,"719","3B","5","7","0","0",,"0",,"-","N",,0,0,,,0,,,,"N",2,"A","-",21804,"A","N","A","H","-","C","A","0","Y","L","04",0,0,1,0,0,0,1,0,0,"-","-","SACRAMENTO","SACRAMENTO","CA",0,0
"6180890",-121.3200824,38.6783402,2013,"3496","0","3","2","06",0,1,"A",,,"Y",,,2100,7,"B","C","A","GREENBACK LN","DESIMONE LN",19,"W","N","2014-03-19",3496,"2013-07-31",2043,"208","SACRA","5","5","0","0",,"0","002","-","N",,0,0,,,0,,,,"N",2,"A","-",21754,,"N","A","H","-","C","D","0","Y","C","02",1,0,0,0,0,0,0,0,1,"-","-","CITRUS HEIGHTS","SACRAMENTO","CA",0,0
"6180853",-121.320833,38.6789451,2013,"3496","0","6","3","05",0,1,"A",,"Y",,,"Y",300,8,"B","G","A","AUBURN BL","GREENBACK LN",0,,"Y","2014-03-25",3496,"2013-08-03",55,"353",,"5","5","0","0",,"0","001","-","N",,0,0,,,0,,,,"N",2,"A","-",21650,"1","N","A","H","-","C","A","0","Y","L","04",0,1,0,0,0,0,1,0,0,"-","-","CITRUS HEIGHTS","SACRAMENTO","CA",0,0
"6180849",-121.2963731,38.7102751,2013,"3496","0","5","3","12",0,1,"A",,"Y",,,"Y",1800,8,"G","G","A","GRAND OAKS BL","RUSCH DR",0,,"Y","2014-03-25",3496,"2013-08-09",1508,"319",,"5","5","0","0",,"0",,"-","N",,0,0,,,0,,,,"N",2,"A","-",22450,,"N","A","H","-","A","A","0","Y","L","04",0,1,0,0,0,0,1,0,0,"-","-","CITRUS HEIGHTS","SACRAMENTO","CA",0,0
"6180845",-121.3174696,38.6780648,2013,"3496","0","5","4","03",0,1,"A",,,,,,900,8,"C","C","A","GREENBACK LN","BREMEN DR",256,"W","N","2014-05-27",3496,"2013-08-16",805,"319",,"5","5","0","0",,"0",,"-","N",,0,0,,,0,,,,"Y",2,"A","-",22350,,"N","A","H","-","A","D","0","Y","A","01",0,0,1,0,0,0,0,0,0,"-","-","CITRUS HEIGHTS","SACRAMENTO","CA",0,0
"6180841",-121.2717512,38.7038703,2013,"3496","0","7","4","01",0,2,"A",,,,,"Y",1500,8,"C","C","A","OLD AUBURN RD","SUNRISE BL",70,"E","N","2014-03-27",3496,"2013-08-18",1350,"284",,"5","5","0","0",,"0","002","-","N",,0,0,,,0,,,,"N",2,"A","-",23152,"A","N","A","H","-","A","A","0","Y","A","07",0,0,2,0,0,0,0,0,0,"-","-","CITRUS HEIGHTS","SACRAMENTO","CA",0,0
"6180667",0,0,2013,"3401","0","1","4","12",0,1,"A",,,,,,1200,8,"D","C","A","IRON POINT RD","PALLADIO PKWY",0,,"Y","2014-03-24",3401,"2013-08-12",1055,"200","4","5","5","0","0",,"0","004","-","N",,0,0,,,0,,,,"Y",2,"A","-",21453,"A","N","A","H","-","A","A","0","Y","A","01",0,0,1,0,0,0,0,0,0,"-","-","FOLSOM","SACRAMENTO","CA",0,0
"6180663",-121.1628002,38.6497016,2013,"3401","0","3","4","03",0,1,"A",,,,,,1800,8,"C","C","A","IRON POINT RD","PRAIRIE CITY RD",97,"E","N","2014-03-24",3401,"2013-08-14",1505,"159","4","5","5","0","0",,"0","004","-","N",,0,0,,,0,,,,"N",2,"A","-",22350,,"N","A","H","-","A","A","0","Y","A","01",0,0,1,0,0,0,0,0,0,"-","-","FOLSOM","SACRAMENTO","CA",-121.15598,38.64968
"6180262",-121.2929634,38.6783348,2013,"3496","0","7","4","03",0,4,"A",,,,,,1800,7,"B","C","A","GREENBACK LN","SAN JUAN AV",140,"W","N","2014-03-28",3496,"2013-07-14",1510,"288","3","5","5","0","0",,"0","003","-","N",,0,0,,,0,,,,"Y",4,"A","-",22350,,"N","A","H","-","A","A","0","Y","A","01",0,0,4,0,0,0,0,0,0,"-","-","CITRUS HEIGHTS","SACRAMENTO","CA",0,0
"6180258",-121.316405,38.6780751,2013,"3496","0","7","4","03",0,4,"A",,,,,,1800,7,"C","C","A","GREENBACK LN","BREMEN DR",48,"E","N","2014-03-29",3496,"2013-07-21",1701,"284",,"5","5","0","0",,"0","003","-","N",,0,0,,,0,,,,"N",2,"A","-",22350,,"N","A","H","-","A","A","0","Y","A","08",0,0,4,0,0,0,0,0,0,"-","-","CITRUS HEIGHTS","SACRAMENTO","CA",0,0
"6180250",-121.534483,38.493585,2013,"3404","0","6","4","03",0,3,"A",,,,,,2400,7,"C","C","A","GLORIA DR","HAVENSIDE DR",0,,"Y","2014-04-02",3404,"2013-07-27",2239,"4017","4","5","7","0","0",,"0","04C","-","N",,0,0,,,0,,,,"Y",2,"A","-",22350,,"F","A","H","-","C","D","0","Y","A","01",0,0,3,0,0,0,0,0,0,"-","-","SACRAMENTO","SACRAMENTO","CA",0,0
"6180209",-121.4737131,38.5412051,2013,"3404","3","3","4","03",0,1,"A",,,,,,900,7,"C","C","A","RT 99","12TH AV",50,"S","N","2014-03-22",9252,"2013-07-24",750,"014512",,"1","7","0","1",,"2","192","-","Y","SAC",3,99,"-","-",23.12,"H","-","N","N",2,"A","-",22350,,"N","A","H","-","A","D","1","Y","A","08",0,0,1,0,0,0,0,0,0,"-","-","SACRAMENTO","SACRAMENTO","CA",-121.47366,38.54073
"6180205",-121.4642699,38.5798427,2013,"3404","3","4","4","03",0,2,"A",,,,,,1800,7,"C","C","A","RT 51","E ST",250,"N","N","2014-03-22",9252,"2013-07-25",1725,"013732",,"2","7","0","1",,"2","193","-","Y","SAC",3,51,"-","-",1.52,"H","-","N","Y",2,"A","-",22350,,"N","A","H","-","A","D","1","Y","A","01",0,0,2,0,0,0,0,0,0,"-","-","SACRAMENTO","SACRAMENTO","CA",-121.46409,38.58
"6180185",-121.4737279,38.5426265,2013,"3404","3","6","4","03",0,1,"A",,,,,,1500,7,"C","C","A","RT 99","12TH AV",200,"N","N","2014-03-27",9252,"2013-07-27",1250,"017939",,"1","7","0","1",,"2","192","-","Y","SAC",3,99,"-","-",23.17,"H","-","N","Y",2,"A","-",22350,,"N","A","H","-","A","D","1","Y","A","01",0,0,1,0,0,0,0,0,0,"-","-","SACRAMENTO","SACRAMENTO","CA",-121.2826,38.3244
"6180181",-121.3983942,38.4300207,2013,"3450","3","6","4","07",0,2,"A",,,,,,1500,7,"E","I","A","RT 99","LAGUNA BL",2112,"N","N","2014-03-22",9252,"2013-07-27",1314,"018723",,"1","5","0","1",,"2","191","-","Y","SAC",3,99,"-","-",14.24,"H","-","S","Y",2,"A","-",21658,"A","F","A","H","-","A","D","1","Y","-","99",0,0,2,0,0,0,0,0,0,"-","-","ELK GROVE","SACRAMENTO","CA",-121.39921,38.43174
"6180177",-121.5023632,38.4737177,2013,"3404","1","1","4","03",0,2,"A",,,,,,1800,7,"C","C","A","RT 5","POCKET RD",2640,"S","N","2014-03-22",9252,"2013-07-29",1600,"012717",,"2","7","0","1",,"2","106","-","Y","SAC",3,5,"-","-",15.65,"H","-","S","Y",3,"A","-",22350,,"N","A","H","-","A","D","1","Y","A","07",0,0,2,0,0,0,0,0,0,"-","-","SACRAMENTO","SACRAMENTO","CA",-121.50528,38.476
"6180173",-121.3035931,38.5812751,2013,"3490","2","4","4","03",0,2,"A",,,,,,900,7,"C","C","A","RT 50","MATHER FIELD RD",150,"E","N","2014-03-22",9260,"2013-07-11",750,"012781",,"1","5","0","1",,"2","501","-","Y","SAC",3,50,"-","R",9.704,"R","1","W","Y",2,"A","-",22350,,"N","A","H","-","A","D","1","Y","A","01",0,0,2,0,0,0,0,0,0,"-","-","RANCHO CORDOVA","SACRAMENTO","CA",0,0
"6180127",-121.2704336,38.5447953,2013,"3400","5","6","4","08",0,1,"A",,,,,,1500,7,"C","E","A","MCROBERTS WY","FOXMOUTH CIR",72,"S","N","2014-03-22",9260,"2013-07-27",1235,"018316",,"1","9","0","3",,"2","001","-","N",,0,0,,,0,,,,"Y",2,"A","-",22107,,"N","A","H","-","A","D","0","Y","A","01",0,0,1,0,0,0,0,0,0,"-","-","UNINCORPORATED","SACRAMENTO","CA",-121.2704,38.5432
"6180124",-121.4683631,38.572405,2013,"3404","0","3","3","09",0,1,"A",,"Y",,,,1800,7,"B","G","A","29TH ST","K ST",0,,"Y","2014-03-22",3404,"2013-07-31",1731,"433","3","5","7","0","0",,"0","00B","-","N",,0,0,,,0,,,,"N",2,"A","-",21801,"A","N","A","H","-","A","A","0","Y","A","01",0,1,0,0,0,0,1,0,0,"-","-","SACRAMENTO","SACRAMENTO","CA",0,0
"6180123",0,0,2013,"3400","5","7","3","03",0,3,"A",,,,,,2100,8,"D","C","A","SCOTT RD","SCOTT RD 3830",0,,"N","2014-03-22",9260,"2013-08-25",1915,"016371",,"2","9","0","3",,"2","001","-","N",,0,0,,,0,,,,"Y",2,"A","-",22350,,"N","A","H","-","A","D","0","Y","A","01",0,2,1,0,0,0,0,0,0,"-","-","UNINCORPORATED","SACRAMENTO","CA",0,0
"6180120",-121.461813,38.5743331,2013,"3404","0","1","4","03",0,1,"A",,,"Y",,,900,7,"C","C","A","H ST","33RD ST",9,"W","N","2014-03-22",3404,"2013-07-29",837,"0522","3","5","7","0","0",,"0","00C","-","N",,0,0,,,0,,,,"Y",2,"A","-",22350,,"N","A","H","-","A","D","0","Y","A","07",0,0,1,0,0,0,0,0,1,"-","-","SACRAMENTO","SACRAMENTO","CA",0,0
"6180119",-121.0944965,38.6450985,2013,"3400","2","7","3","07",0,2,"A",,,,,,1800,7,"F","I","A","RT 50","EL DORADO HILLS / LATROBE",9821,"W","N","2014-03-22",9260,"2013-07-21",1640,"012718",,"2","9","0","1",,"2","502","-","Y","SAC",3,50,"-","-",22.63,"H","-","W","Y",1,"A","-",21658,"A","N","A","H","-","A","D","1","Y","A","07",0,1,1,0,0,0,0,0,0,"-","-","UNINCORPORATED","SACRAMENTO","CA",0,0
"6180116",-121.4841667,38.5667504,2013,"3404","0","3","3","12",0,3,"A",,,,,,1800,7,"D","C","A","S ST","20TH ST",17,"E","N","2014-03-22",3404,"2013-07-31",1638,"0300","3","5","7","0","0",,"0","00B","-","N",,0,0,,,0,,,,"Y",2,"A","-",22450,,"N","A","H","-","A","D","0","Y","A","01",0,1,2,0,0,0,0,0,0,"-","-","SACRAMENTO","SACRAMENTO","CA",0,0
"6180115",0,0,2013,"3400","4","3","4","03",0,1,"A",,,,,,1500,7,"C","C","A","MADISON AV","BUENA VISTA AV",20,"E","N","2014-04-12",9260,"2013-07-24",1435,"13708",,"2","9","0","2",,"2","304","-","N",,0,0,,,0,,,,"N",2,"A","-",22350,,"N","A","C","-","A","D","0","Y","A","01",0,0,1,0,0,0,0,0,0,"-","-","UNINCORPORATED","SACRAMENTO","CA",0,0
"6180112",-121.4651231,38.576395,2013,"3404","0","3","4","09",0,1,"A",,,,,,1500,7,"D","C","A","G ST","30TH ST",0,,"Y","2014-03-22",3404,"2013-07-31",1243,"0600",,"5","7","0","0",,"0",,"-","N",,0,0,,,0,,,,"Y",2,"A","-",21801,"A","N","A","H","-","A","A","0","Y","A","01",0,0,1,0,0,0,0,0,0,"-","-","SACRAMENTO","SACRAMENTO","CA",0,0
"6180108",-121.4476431,38.467045,2013,"3404","0","3","4","12",0,2,"A",,,,,,1200,7,"D","C","A","FRANKLIN BL","VALLEY HI DR",0,,"Y","2014-03-22",3404,"2013-07-31",1049,"0374","5","5","7","0","0",,"0","00B","-","N",,0,0,,,0,,,,"Y",2,"A","-",21453,"A","N","A","H","-","A","A","0","Y","-","-",0,0,2,0,0,0,0,0,0,"-","-","SACRAMENTO","SACRAMENTO","CA",0,0
"6180104",-121.4152331,38.516125,2013,"3404","0","5","4","09",0,2,"A",,,,,,1500,7,"D","C","A","LEMON HILL AV","LOGAN ST",0,,"Y","2014-03-22",3404,"2013-07-26",1422,"0410",,"5","7","0","0",,"0",,"-","N",,0,0,,,0,,,,"Y",2,"A","-",21802,"A","N","A","H","-","A","A","0","Y","A","01",0,0,2,0,0,0,0,0,0,"-","-","SACRAMENTO","SACRAMENTO","CA",0,0
"6180100",-121.4442757,38.5250427,2013,"3404","0","5","4","05",0,1,"A",,"Y",,,,1200,7,"D","G","A","FRUITRIDGE RD","STOCKTON",467,"W","N","2014-03-22",3404,"2013-07-26",1130,"0827",,"5","7","0","0",,"0","06B","-","N",,0,0,,,0,,,,"N",2,"A","-",21650,"1","N","A","H","-","A","D","0","Y","L","04",0,0,1,0,0,0,1,0,0,"-","-","SACRAMENTO","SACRAMENTO","CA",0,0
"6180096",-121.4307866,38.6013524,2013,"3404","0","4","4","03",0,2,"A",,,,,,1800,7,"C","C","A","ARDEN WAY","POINT WEST WY",25,"W","N","2014-03-22",3404,"2013-07-25",1711,"873",,"5","7","0","0",,"0","02C","-","N",,0,0,,,0,,,,"Y",3,"A","-",22350,,"N","A","H","-","A","A","0","Y","-","-",0,0,2,0,0,0,0,0,0,"-","-","SACRAMENTO","SACRAMENTO","CA",0,0
"6180091",-121.4858302,38.5672226,2013,"3404","0","4","3","09",0,1,"A",,,,,,1200,7,"D","C","A","S ST","19TH ST",100,"W","N","2014-03-22",3404,"2013-07-25",950,"250",,"5","7","0","0",,"0",,"-","N",,0,0,,,0,,,,"Y",2,"A","-",21804,,"N","A","H","-","A","D","0","Y","A","01",0,1,0,0,0,0,0,0,0,"-","-","SACRAMENTO","SACRAMENTO","CA",0,0
"6180087",-121.4728091,38.5291218,2013,"3404","0","5","4","03",0,1,"A",,,,,,1500,7,"C","C","A","FRANKLIN BL","26TH AV",36,"N","N","2014-03-22",3404,"2013-07-26",1310,"732","4","5","7","0","0",,"0","00B","-","N",,0,0,,,0,,,,"N",2,"A","-",22350,,"N","A","H","-","A","D","0","Y","A","01",0,0,1,0,0,0,0,0,0,"-","-","SACRAMENTO","SACRAMENTO","CA",0,0
"6180083",-121.488523,38.573985,2013,"3404","0","6","4","12",0,2,"A",,,,,,1500,7,"D","C","A","15TH ST","N ST",0,,"Y","2014-03-22",3404,"2013-07-27",1440,"847",,"5","7","0","0",,"0","03M","-","N",,0,0,,,0,,,,"Y",2,"A","-",21453,"A","N","A","H","-","A","A","0","Y","A","07",0,0,2,0,0,0,0,0,0,"-","-","SACRAMENTO","SACRAMENTO","CA",0,0
"6179969",-121.4521346,38.5586283,2013,"3404","2","3","4","03",0,2,"A",,,,,,2100,8,"C","C","A","RT 50","48TH ST",1320,"W","N","2014-03-27",9252,"2013-08-07",1800,"015718",,"2","7","0","1",,"2","151","-","Y","SAC",3,50,"-","R",1.16,"H","-","E","N",2,"A","-",22350,,"N","A","H","-","A","D","1","Y","A","01",0,0,2,0,0,0,0,0,0,"-","-","SACRAMENTO","SACRAMENTO","CA",-121.45129,38.55853
"6179965",-121.3357802,38.3434061,2013,"3400","3","7","4","01",0,1,"A",,,,,"Y",600,8,"E","I","A","RT 99","DILLARD RD",250,"S","N","2014-03-27",9252,"2013-08-11",400,"019040",,"3","9","0","1",,"2","191","-","Y","SAC",3,99,"-","-",7.31,"H","-","S","Y",1,"A","-",23152,"A","N","A","H","-","D","D","1","Y","A","01",0,0,1,0,0,0,0,0,0,"-","-","UNINCORPORATED","SACRAMENTO","CA",-121.3334,38.338
"6179961",-121.4704487,38.56542,2013,"3404","3","1","2","11",0,1,"A","Y",,,,"Y",300,8,"G","B","E","RT 51","Q ST",20,"S","N","2014-03-27",9252,"2013-08-05",41,"19071",,"3","7","0","1",,"2","193","-","Y","SAC",3,51,"-","-",0.48,"H","-","N","N",2,"A","-",21956,"A","N","A","H","-","C","D","1","Y","N","60",1,0,0,0,1,0,0,0,0,"-","-","SACRAMENTO","SACRAMENTO","CA",-121.47034,38.56544
"6179957",-121.5068713,38.5787672,2013,"3404","1","4","4","03",0,2,"A",,,,,,2100,8,"C","C","A","RT 5","P ST",1320,"S","N","2014-03-27",9252,"2013-08-01",1850,"018452",,"2","7","0","1",,"2","108","-","Y","SAC",3,5,"-","-",23.16,"H","-","S","Y",3,"A","-",22350,,"N","A","H","-","A","D","1","Y","A","01",0,0,2,0,0,0,0,0,0,"-","-","SACRAMENTO","SACRAMENTO","CA",-121.50701,38.57785
"6179953",-121.4420966,38.4925619,2013,"3400","3","1","4","03",0,1,"A",,,,,,900,8,"C","D","A","RT 99","FLORIN RD",1056,"S","N","2014-04-01",9252,"2013-08-05",715,"013720",,"1","9","0","1",,"2","192","-","Y","SAC",3,99,"-","-",19.41,"H","-","N","Y",3,"A","-",22350,,"N","A","H","-","A","D","1","Y","A","01",0,0,1,0,0,0,0,0,0,"-","-","UNINCORPORATED","SACRAMENTO","CA",-121.44084,38.49138