"CASEID","POINT_X","POINT_Y","YEAR_","LOCATION","CHPTYPE","DAYWEEK","CRASHSEV","VIOLCAT","KILLED","INJURED","WEATHER1","PEDCOL","BICCOL","MCCOL","TRUCKCOL","ETOH","TIMECAT","MONTH_","CRASHTYP","INVOLVE","PED","PRIMARYRD","SECONDRD","DISTANCE","DIRECT","INTERSECT_","PROCDATE","JURIS","DATE_","TIME_","BADGE","JURIDIST","SHIFT","POP","SPECIAL","BEATTYPE","LAPDDIV","BEATCLAS","BEATNUMB","WEATHER2","STATEHW","CALTRANC","CALTRAND","STROUTE","ROUTESUF","POSTPRE","POSTMILE","LOCATYPE","RAMP","SIDEHW","TOWAWAY","PARTIES","PCF","VIOLCODE","VIOL","VIOLSUB","HITRUN","ROADSURF","RDCOND1","RDCOND2","LIGHTING","RIGHTWAY","CHPRDTYP","NOTPRIV","STFAULT","CHPFAULT","SEVINJ","OTHERINJ","COP","PEDKILL","PEDINJ","BICKILL","BICINJ","MCKILL","MCINJURE","RAMP1","RAMP2","CITY","COUNTY","STATE","X_CHP","Y_CHP"
"6177075",-121.3151531,38.663725,2013,"3400","4","5","4","12",0,2,"A",,,,,,1200,7,"A","C","A","MADISON AV","MILLBURN ST",0,,"Y","2014-03-22",9250,"2013-07-12",945,"016419",,"1","9","0","2",,"1","024","-","N",,0,0,,,0,,,,"Y",2,"A","-",21453,"A","N","A","H","-","A","A","0","Y","A","01",0,0,2,0,0,0,0,0,0,"-","-","UNINCORPORATED","SACRAMENTO","CA",0,0
"6177072",-121.3819881,38.6459053,2013,"3404","3","5","4","03",0,2,"A",,,,,,900,7,"C","C","A","RT 244","WATT AV",300,"E","N","2014-03-22",9250,"2013-07-19",727,"016624",,"1","7","0","1",,"1","244","-","Y","SAC",3,244,"-","-",0.07,"H","-","W","Y",2,"A","-",22350,,"N","A","H","-","A","A","3","Y","A","01",0,0,2,0,0,0,0,0,0,"TO","-","SACRAMENTO","SACRAMENTO","CA",-121.38193,38.64588
"6177071",-121.3318031,38.7024551,2013,"3400","4","6","4","01",0,1,"A",,,,,"Y",2400,7,"D","C","A","ANTELOPE RD","ROSEVILLE RD",0,,"Y","2014-03-22",9250,"2013-07-13",2315,"012773",,"3","9","0","2",,"1","012","-","N",,0,0,,,0,,,,"Y",2,"A","-",23152,"A","N","A","H","-","C","A","0","Y","A","01",0,0,1,0,0,0,0,0,0,"-","-","UNINCORPORATED","SACRAMENTO","CA",0,0
"6177067",-121.336693,38.648065,2013,"3400","4","6","3","12",0,2,"A",,,,,,2100,7,"A","C","A","WINDING WY","GARFIELD AV",0,,"Y","2014-03-22",9250,"2013-07-13",1910,"018560",,"2","9","0","2",,"1","026","-","N",,0,0,,,0,,,,"Y",2,"A","-",21453,"A","N","A","H","-","A","A","0","Y","A","01",0,2,0,0,0,0,0,0,0,"-","-","UNINCORPORATED","SACRAMENTO","CA",0,0
"6177064",-121.5402731,38.7153484,2013,"3400","3","6","4","03",0,4,"A",,,,,,1800,7,"C","C","A","RT 99","ELVERTA RD",20,"S","N","2014-03-22",9250,"2013-07-20",1700,"018560",,"2","9","0","1",,"1","193","-","Y","SAC",3,99,"-","-",35.36,"H","-","N","Y",2,"A","-",22350,,"N","A","H","-","A","A","0","Y","A","07",0,0,4,0,0,0,0,0,0,"-","-","UNINCORPORATED","SACRAMENTO","CA",0,0
"6177063",-121.3637125,38.6967838,2013,"3400","4","1","4","09",0,1,"A",,,,,,1500,7,"D","C","A","WALERGA RD","GALBRATH DR",310,"S","N","2014-03-21",9250,"2013-07-15",1405,"18735",,"2","9","0","2",,"1","013","-","N",,0,0,,,0,,,,"N",2,"A","-",21801,"A","N","A","H","-","A","D","0","Y","A","01",0,0,1,0,0,0,0,0,0,"-","-","UNINCORPORATED","SACRAMENTO","CA",-121.36402,38.69645
"6177060",-121.3424207,38.6777126,2013,"3400","1","2","4","03",0,1,"A",,,,,,900,7,"C","C","A","RT 80","FOOTHILL FARMS PED",1500,"E","N","2014-03-22",9250,"2013-07-16",735,"012152",,"1","9","0","1",,"2","183","-","Y","SAC",3,80,"-","-",14.02,"H","-","W","N",3,"A","-",22350,,"N","A","H","-","A","D","1","Y","A","01",0,0,1,0,0,0,0,0,0,"-","-","UNINCORPORATED","SACRAMENTO","CA",0,0
"6177059",-121.332168,38.66077,2013,"3400","4","1","4","03",0,2,"A",,,,,,900,7,"C","C","A","MADISON AV","HACKBERRY LN",30,"W","N","2014-03-21",9250,"2013-07-15",830,"017369",,"1","9","0","2",,"1","024","-","N",,0,0,,,0,,,,"N",2,"A","-",22350,,"N","A","H","-","A","A","0","Y","A","01",0,0,2,0,0,0,0,0,0,"-","-","UNINCORPORATED","SACRAMENTO","CA",0,0
"6177056",-121.4692446,38.6417794,2013,"3400","1","7","3","01",0,1,"A",,,,,"Y",600,7,"B","C","A","RT 80","NORTHGATE BL",2112,"E","N","2014-03-22",9250,"2013-07-14",545,"012773",,"3","9","0","1",,"2","183","-","Y","SAC",3,80,"-","M",5.4,"H","-","W","Y",2,"A","-",23152,"A","N","A","H","-","A","D","1","Y","A","01",0,1,0,0,0,0,0,0,0,"-","-","UNINCORPORATED","SACRAMENTO","CA",0,0
"6177055",-121.4057831,38.574325,2013,"3400","4","7","4","09",0,2,"A",,,,,,2400,7,"D","C","A","FAIR OAKS BL","FAIRGATE RD",0,,"Y","2014-03-21",9250,"2013-07-14",2125,"017397",,"2","9","0","2",,"1","048","-","N",,0,0,,,0,,,,"Y",2,"A","-",21800,"A","N","A","H","-","C","D","0","Y","A","01",0,0,2,0,0,0,0,0,0,"-","-","UNINCORPORATED","SACRAMENTO","CA",0,0
"6177052",-121.3699284,38.6522726,2013,"3400","1","2","3","08",0,1,"A",,,,,,1200,7,"E","I","A","RT 80","MADISON AV",5280,"W","N","2014-03-24",9250,"2013-07-09",1120,"015272",,"1","9","0","1",,"2","183","-","Y","SAC",3,80,"-","R",11.43,"H","-","W","Y",1,"A","-",22107,,"N","A","H","-","A","D","1","Y","A","01",0,1,0,0,0,0,0,0,0,"-","-","UNINCORPORATED","SACRAMENTO","CA",0,0
"6177051",-121.3552957,38.6283458,2013,"3400","5","2","4","03",0,2,"A",,,,,,900,7,"C","C","A","WHITNEY AV","MISSION AV",15,"W","N","2014-03-21",9250,"2013-07-16",815,"015423",,"1","9","0","3",,"2","050","-","N",,0,0,,,0,,,,"Y",2,"A","-",22350,,"N","A","H","-","A","A","0","Y","A","01",0,0,2,0,0,0,0,0,0,"-","-","UNINCORPORATED","SACRAMENTO","CA",0,0
"6177049",-121.3637766,38.6793719,2013,"3400","4","2","4","08",0,1,"A",,,,,,1200,7,"E","I","A","WALERGA RD","KIRKBY WY",650,"S","N","2014-03-21",9250,"2013-07-30",1155,"18126",,"1","9","0","2",,"1","013","-","N",,0,0,,,0,,,,"Y",1,"A","-",22107,,"N","A","H","-","A","D","0","Y","A","01",0,0,1,0,0,0,0,0,0,"-","-","UNINCORPORATED","SACRAMENTO","CA",0,0
"6177048",-121.4122531,38.596095,2013,"3400","4","5","4","09",0,1,"A",,,,,,1800,7,"D","C","A","HOOD RD","ARDEN WAY",0,,"Y","2014-03-22",9250,"2013-07-05",1724,"017482",,"2","9","0","2",,"1","046","-","N",,0,0,,,0,,,,"N",2,"A","-",21802,"A","N","A","H","-","A","A","0","Y","A","01",0,0,1,0,0,0,0,0,0,"-","-","UNINCORPORATED","SACRAMENTO","CA",0,0
"6177047",-121.3697531,38.690755,2013,"3400","5","1","4","03",0,2,"A",,,,,,1800,7,"C","C","A","LARCHMONT DR","GOTHBERG AV",0,,"Y","2014-03-21",9250,"2013-07-15",1630,"016114",,"2","9","0","3",,"2","010","-","N",,0,0,,,0,,,,"Y",2,"A","-",22350,,"N","A","H","-","A","D","0","Y","A","08",0,0,2,0,0,0,0,0,0,"-","-","UNINCORPORATED","SACRAMENTO","CA",0,0
"6177045",-121.4139702,38.6222398,2013,"3400","5","6","3","08",0,1,"A",,,,,,2100,7,"B","E","A","EDISON AV","HOWE AV",427,"E","N","2014-03-21",9250,"2013-07-27",2015,"15961",,"2","9","0","3",,"2","040","-","N",,0,0,,,0,,,,"Y",3,"A","-",22107,,"N","A","H","-","B","D","0","Y","A","01",0,1,0,0,0,0,0,0,0,"-","-","UNINCORPORATED","SACRAMENTO","CA",0,0
"6177044",-121.3645032,38.713537,2013,"3400","4","5","3","08",0,2,"A",,,,,,900,7,"A","C","A","WALERGA RD","ELVERTA RD",70,"N","N","2014-03-22",9250,"2013-07-05",650,"017762",,"1","9","0","2",,"1","013","-","N",,0,0,,,0,,,,"Y",2,"A","-",22107,,"N","A","H","-","A","A","0","Y","A","01",0,1,1,0,0,0,0,0,0,"-","-","UNINCORPORATED","SACRAMENTO","CA",0,0
"6177043",-121.363713,38.6945651,2013,"3400","4","4","3","12",0,1,"A",,,"Y",,,900,7,"D","C","A","WALERGA RD","ELKHORN BL",0,,"Y","2014-03-21",9250,"2013-07-25",645,"017762",,"1","9","0","2",,"1","013","-","N",,0,0,,,0,,,,"Y",2,"A","-",21453,"A","N","A","H","-","A","A","0","Y","A","01",0,1,0,0,0,0,0,0,1,"-","-","UNINCORPORATED","SACRAMENTO","CA",0,0
"6177041",-121.3958357,38.6106258,2013,"3400","5","6","4","03",0,1,"A",,,,,,2400,7,"C","C","A","EL CAMINO AV","BELFORT LN",5,"E","N","2014-03-21",9250,"2013-07-27",2225,"17397",,"3","9","0","3",,"2","040","-","N",,0,0,,,0,,,,"N",2,"A","-",22350,,"N","A","H","-","C","D","0","Y","A","01",0,0,1,0,0,0,0,0,0,"-","-","UNINCORPORATED","SACRAMENTO","CA",0,0
"6177040",-121.327833,38.644635,2013,"3400","4","6","4","08",0,3,"A",,,,,,2400,7,"B","C","A","MANZANITA AV","KIMBERLY HILL CT",0,,"Y","2014-03-22",9250,"2013-07-27",2310,"17979",,"3","9","0","2",,"1","023","-","N",,0,0,,,0,,,,"Y",2,"A","-",22107,,"N","A","H","-","C","D","0","Y","A","01",0,0,3,0,0,0,0,0,0,"-","-","UNINCORPORATED","SACRAMENTO","CA",0,0
"6177039",-121.4135062,38.6108056,2013,"3400","4","6","3","09",0,1,"A",,,,,,1500,7,"D","C","A","EL CAMINO AV","MORETTI WY",18,"W","N","2014-03-22",9250,"2013-07-20",1256,"17482",,"1","9","0","2",,"1","044","-","N",,0,0,,,0,,,,"N",2,"A","-",21804,"A","N","A","H","-","A","D","0","Y","A","07",0,1,0,0,0,0,0,0,0,"-","-","UNINCORPORATED","SACRAMENTO","CA",0,0
"6177038",-121.3276947,38.6607018,2013,"3400","4","3","4","21",0,1,"A",,,,,,900,7,"C","C","A","MADISON AV","MANZANITA AV",75,"W","N","2014-03-21",9250,"2013-07-24",850,"015869",,"1","9","0","2",,"1","024","-","N",,0,0,,,0,,,,"N",2,"A","-",22106,,"N","A","H","-","A","A","0","Y","A","08",0,0,1,0,0,0,0,0,0,"-","-","UNINCORPORATED","SACRAMENTO","CA",0,0
"6177036",-121.399662,38.567817,2013,"3400","5","5","3","18",0,1,"A",,,,,,1500,7,"E","I","A","AMERICAN RIVER DR","FOLEY CT",115,"W","N","2014-03-22",9250,"2013-07-26",1352,"17863",,"1","9","0","3",,"2","040","-","N",,0,0,,,0,,,,"Y",2,"C","-",0,,"N","A","H","-","A","D","0","Y","-","-",0,1,0,0,0,0,0,0,0,"-","-","UNINCORPORATED","SACRAMENTO","CA",0,0
"6177035",0,0,2013,"3400","4","5","3","03",0,1,"A",,,"Y",,,900,7,"C","C","A","WALERGA RD","ANTELOPE RD",50,"S","N","2014-03-22",9250,"2013-07-19",820,"17306",,"1","9","0","2",,"1","013","-","N",,0,0,,,0,,,,"Y",2,"A","-",22350,,"N","A","H","-","A","D","0","Y","C","02",0,1,0,0,0,0,0,0,1,"-","-","UNINCORPORATED","SACRAMENTO","CA",0,0
"6177034",-121.3374831,38.6606851,2013,"3400","4","7","2","00",0,3,"A",,,,,,900,7,"A","C","A","MADISON AV","GARFIELD AV",0,,"Y","2014-03-21",9250,"2013-07-21",648,"016419",,"1","9","0","2",,"1","024","-","N",,0,0,,,0,,,,"Y",2,"D","-",0,,"N","A","H","-","A","A","0","Y","-","-",1,1,1,0,0,0,0,0,0,"-","-","UNINCORPORATED","SACRAMENTO","CA",0,0
"6177032",-121.3700476,38.6708265,2013,"3400","4","7","4","01",0,1,"A",,,,,"Y",600,7,"E","I","A","ROSEVILLE RD","PALM AV",1137,"N","N","2014-03-22",9250,"2013-07-28",325,"16752",,"3","9","0","2",,"1","015","-","N",,0,0,,,0,,,,"Y",1,"A","-",23152,"A","N","A","H","-","C","D","0","Y","A","01",0,0,1,0,0,0,0,0,0,"-","-","UNINCORPORATED","SACRAMENTO","CA",-121.36986,38.67084
"6177031",-121.4154699,38.5843297,2013,"3400","4","5","3","05",0,1,"A",,"Y",,,,1800,7,"H","G","A","HOWE AV","ENTERPRISE DR",100,"N","N","2014-03-22",9250,"2013-07-19",1530,"15423",,"2","9","0","2",,"1","041","-","N",,0,0,,,0,,,,"N",2,"A","-",21650,"1","N","A","H","-","A","D","0","Y","L","04",0,1,0,0,0,0,1,0,0,"-","-","UNINCORPORATED","SACRAMENTO","CA",0,0
"6177030",-121.3644942,38.5973721,2013,"3400","4","1","4","08",0,1,"B",,,,,,2400,7,"E","J","A","EASTERN AV","VULCAN DR",12,"S","N","2014-03-25",9250,"2013-07-22",2320,"016605",,"3","9","0","2",,"1","051","-","N",,0,0,,,0,,,,"Y",1,"A","-",22107,,"N","A","H","-","C","D","0","Y","A","01",0,0,1,0,0,0,0,0,0,"-","-","UNINCORPORATED","SACRAMENTO","CA",-121.3642,38.5974
"6177028",-121.3645523,38.715259,2013,"3400","4","3","4","09",0,2,"A",,,,,,1800,7,"D","C","A","WALERGA RD","ELVERTA RD",700,"N","N","2014-03-24",9250,"2013-07-24",1632,"18735",,"2","9","0","2",,"1","013","-","N",,0,0,,,0,,,,,2,"A","-",21804,"A","N","A","H","-","A","D","0","Y","A","01",0,0,2,0,0,0,0,0,0,"-","-","UNINCORPORATED","SACRAMENTO","CA",-121.36446,38.71488
"6177027",-121.3402528,38.6608751,2013,"3400","4","1","4","05",0,1,"A",,"Y",,,,1500,7,"D","C","A","MADISON AV","HEMLOCK ST",300,"E","N","2014-03-22",9250,"2013-07-15",1430,"15272",,"2","9","0","2",,"1","024","-","N",,0,0,,,0,,,,"N",2,"A","-",21650,"1","N","A","H","-","A","D","0","Y","L","04",0,0,1,0,0,0,1,0,0,"-","-","UNINCORPORATED","SACRAMENTO","CA",0,0
"6177026",-121.5921345,38.6765452,2013,"3400","5","7","2","01",0,1,"A",,,"Y",,"Y",2100,7,"E","I","A","N BAYOU WY","CROSSFIELD DR",1056,"S","N","2014-03-24",9250,"2013-07-07",1840,"017863",,"2","9","0","3",,"2","090","-","N",,0,0,,,0,,,,"Y",1,"A","-",23152,"A","N","A","H","-","A","D","0","Y","C","02",1,0,0,0,0,0,0,0,1,"-","-","UNINCORPORATED","SACRAMENTO","CA",0,0
"6177024",-121.4774119,38.6518646,2013,"3400","5","5","4","09",0,4,"A",,,,,,2400,7,"A","C","A","NORTHGATE BL","STRIKER AV",5,"S","N","2014-03-24",9250,"2013-07-26",2110,"17862",,"2","9","0","3",,"2","080","-","N",,0,0,,,0,,,,"Y",3,"A","-",21801,"A","N","A","H","-","C","D","0","Y","A","01",0,0,4,0,0,0,0,0,0,"-","-","UNINCORPORATED","SACRAMENTO","CA",0,0
"6177023",-121.3878731,38.7097651,2013,"3400","4","3","4","09",0,2,"A",,,,,,1500,7,"D","C","A","WATT AV","NAVAHO DR",0,,"Y","2014-03-22",9250,"2013-07-10",1405,"13997",,"2","9","0","2",,"1","011","-","N",,0,0,,,0,,,,"Y",2,"A","-",21802,"A","N","A","H","-","A","A","0","Y","A","01",0,0,2,0,0,0,0,0,0,"-","-","UNINCORPORATED","SACRAMENTO","CA",0,0
"6177020",-121.3830632,38.6363144,2013,"3400","4","3","3","01",0,1,"A",,,,,,1200,7,"E","I","A","WATT AV","AUBURN BL",310,"S","N","2014-03-22",9250,"2013-07-31",1130,"18461",,"1","9","0","2",,"1","045","-","N",,0,0,,,0,,,,"Y",1,"A","-",23152,"A","N","A","H","-","A","D","0","Y","A","01",0,1,0,0,0,0,0,0,0,"-","-","UNINCORPORATED","SACRAMENTO","CA",0,0
"6177019",-121.3692586,38.6102892,2013,"3400","4","3","4","03",0,1,"A",,,,,,1800,7,"C","C","A","EL CAMINO AV","AVALON DR",53,"W","N","2014-03-22",9250,"2013-07-03",1650,"16225",,"2","9","0","2",,"1","044","-","N",,0,0,,,0,,,,"N",2,"A","-",22350,,"N","A","D","-","A","A","0","Y","A","01",0,0,1,0,0,0,0,0,0,"-","-","UNINCORPORATED","SACRAMENTO","CA",0,0
"6177016",-121.4568951,38.6809516,2013,"3400","4","3","4","18",0,1,"A",,,"Y",,,900,7,"E","I","A","RIO LINDA BL","G ST",250,"N","N","2014-03-22",9250,"2013-07-31",725,"15869",,"1","9","0","2",,"1","061","-","N",,0,0,,,0,,,,"N",1,"C","-",0,,"N","A","H","-","A","D","0","Y","-","-",0,0,1,0,0,0,0,0,1,"-","-","UNINCORPORATED","SACRAMENTO","CA",0,0
"6177015",-121.3851196,38.6332926,2013,"3400","5","6","2","08",0,1,"A","Y",,,,,300,7,"G","B","E","EDISON AV","WATT AV",659,"W","N","2014-03-22",9250,"2013-07-20",225,"18791",,"3","9","0","3",,"2","040","-","N",,0,0,,,0,,,,"N",2,"A","-",22107,,"F","A","H","-","C","D","0","Y","-","99",1,0,0,0,1,0,0,0,0,"-","-","UNINCORPORATED","SACRAMENTO","CA",0,0
"6177012",-121.3636781,38.6945651,2013,"3400","4","7","4","21",0,1,"A",,,,,,1500,7,"C","C","A","ELKHORN BL","WALERGA RD",10,"E","N","2014-03-22",9250,"2013-07-28",1310,"17818",,"1","9","0","2",,"1","014","-","N",,0,0,,,0,,,,"N",2,"A","-",22106,,"N","A","H","-","A","A","0","Y","A","01",0,0,1,0,0,0,0,0,0,"-","-","UNINCORPORATED","SACRAMENTO","CA",0,0
"6177011",-121.3830407,38.6508652,2013,"3400","4","7","2","11",0,1,"A","Y",,,,,300,7,"-","B","D","WATT AV","WINONA WY",335,"S","N","2014-03-22",9250,"2013-07-21",100,"18656",,"3","9","0","2",,"1","011","-","N",,0,0,,,0,,,,"N",2,"A","-",21954,"A","F","A","H","-","C","D","0","Y","N","60",1,0,0,0,1,0,0,0,0,"-","-","UNINCORPORATED","SACRAMENTO","CA",0,0
"6177008",-121.4615132,38.691225,2013,"3400","5","7","4","12",0,2,"A",,,,,,1800,7,"D","C","A","2ND ST","M ST",0,,"Y","2014-03-22",9250,"2013-07-28",1525,"18560",,"2","9","0","3",,"2","060","-","N",,0,0,,,0,,,,"N",2,"A","-",22450,"A","F","A","H","-","A","A","0","Y","A","07",0,0,2,0,0,0,0,0,0,"-","-","UNINCORPORATED","SACRAMENTO","CA",0,0
"6177007",-121.3505632,38.657565,2013,"3400","4","7","4","12",0,2,"A",,,,,,1800,7,"D","C","A","AUBURN BL","COLLEGE OAK DR",0,,"Y","2014-03-22",9250,"2013-07-21",1645,"17752",,"2","9","0","2",,"1","021","-","N",,0,0,,,0,,,,"Y",2,"A","-",21453,"A","N","A","H","-","A","A","0","Y","B","08",0,0,2,0,0,0,0,0,0,"-","-","UNINCORPORATED","SACRAMENTO","CA",0,0
"6177004",-121.2993778,38.6635051,2013,"3400","4","3","4","00",0,1,"A",,"Y",,,,900,7,"F","A","A","MADISON AV","LINCOLN OAKS DR",150,"E","N","2014-03-22",9250,"2013-07-24",830,"15869",,"1","9","0","2",,"1","024","-","N",,0,0,,,0,,,,"N",1,"D","-",0,,"N","A","H","-","A","D","0","Y","-","-",0,0,1,0,0,0,1,0,0,"-","-","UNINCORPORATED","SACRAMENTO","CA",0,0
"6177003",-121.392213,38.5937451,2013,"3400","5","7","3","09",0,1,"A",,,"Y",,,2100,7,"D","C","A","MORSE AV","MAISON WY",0,,"Y","2014-03-22",9250,"2013-07-21",1810,"15917",,"2","9","0","3",,"2","040","-","N",,0,0,,,0,,,,"Y",2,"A","-",21804,"A","N","A","H","-","A","D","0","Y","A","01",0,1,0,0,0,0,0,0,1,"-","-","UNINCORPORATED","SACRAMENTO","CA",0,0
"6177000",0,0,2013,"3400","5","6","3","09",0,1,"A","Y",,,,,1200,7,"G","B","B","EL CAMINO AV","HOWE AV",5,"W","N","2014-03-22",9250,"2013-07-20",1155,"17900",,"1","9","0","3",,"2","040","-","N",,0,0,,,0,,,,"N",2,"A","-",21453,"B","N","A","H","-","A","A","0","Y","A","01",0,1,0,0,1,0,0,0,0,"-","-","UNINCORPORATED","SACRAMENTO","CA",0,0
"6176999",0,0,2013,"3400","5","1","4","03",0,1,"A",,,,,,1500,7,"C","C","A","HURLEY WY","ETHAN WY",200,"E","N","2014-03-22",9250,"2013-07-22",1350,"16225",,"1","9","0","3",,"2","040","-","N",,0,0,,,0,,,,"Y",2,"A","-",22350,,"N","A","H","-","A","D","0","Y","A","01",0,0,1,0,0,0,0,0,0,"-","-","UNINCORPORATED","SACRAMENTO","CA",0,0
"6176996",-121.3183677,38.6996812,2013,"3400","1","5","3","01",0,1,"A",,,,,"Y",300,7,"E","I","A","RT 80","ANTELOPE RD",4224,"W","N","2014-03-22",9250,"2013-07-26",120,"16752",,"3","9","0","1",,"2","183","-","Y","SAC",3,80,"-","-",16.014,"R","4","W","Y",1,"A","-",23152,"A","N","A","H","-","D","D","1","Y","A","01",0,1,0,0,0,0,0,0,0,"-","-","UNINCORPORATED","SACRAMENTO","CA",-121.3203,38.69836
"6176995",-121.3830485,38.6075288,2013,"3400","4","4","4","03",0,2,"A",,,,,,1200,7,"C","C","A","WATT AV","BUTANO DR",300,"N","N","2014-03-22",9250,"2013-07-18",1125,"16225",,"1","9","0","2",,"1","045","-","N",,0,0,,,0,,,,"N",2,"A","-",22350,,"N","A","H","-","A","D","0","Y","A","01",0,0,2,0,0,0,0,0,0,"-","-","UNINCORPORATED","SACRAMENTO","CA",0,0
"6176992",-121.4161159,38.6244773,2013,"3404","3","4","3","08",0,1,"A",,,,,,1200,7,"C","E","A","RT 51","MARCONI AV",2000,"N","N","2014-03-22",9250,"2013-07-25",1145,"15369",,"1","7","0","1",,"2","151","-","Y","SAC",3,51,"-","-",5.88,"H","-","N","Y",2,"A","-",22107,,"N","A","H","-","A","D","1","Y","A","01",0,1,0,0,0,0,0,0,0,"-","-","SACRAMENTO","SACRAMENTO","CA",0,0
"6176991",-121.327723,38.649115,2013,"3404","4","4","3","12",0,1,"A",,"Y",,,,2400,7,"H","G","A","MANZANITA AV","WINDING WY",0,,"Y","2014-03-22",9250,"2013-07-18",2238,"17682",,"3","7","0","2",,"1","023","-","N",,0,0,,,0,,,,"N",2,"A","-",21453,"A","N","A","H","-","A","D","0","Y","L","04",0,1,0,0,0,0,1,0,0,"-","-","SACRAMENTO","SACRAMENTO","CA",0,0
"6176988",-121.4719105,38.6414987,2013,"3404","1","3","4","01",0,3,"A",,,,,"Y",2400,7,"B","C","A","RT 80","NORTHGATE BL",1236,"E","N","2015-01-22",9250,"2013-07-17",2220,"17127",,"3","7","0","1",,"2","181","-","Y","SAC",3,80,"-","M",5.21,"H","-","W","Y",3,"A","-",23152,"A","N","A","H","-","C","D","1","Y","A","01",0,0,3,0,0,0,0,0,0,"-","-","SACRAMENTO","SACRAMENTO","CA",0,0
"6176987",0,0,2013,"3400","5","7","3","08",0,1,"A",,,"Y",,,2100,7,"B","E","A","CARRIAGE OAKS WY","LEWIS AV",60,"W","N","2014-03-22",9250,"2013-07-14",1856,"17999",,"2","9","0","3",,"2","010","-","N",,0,0,,,0,,,,"Y",2,"A","-",22107,,"N","A","H","-","A","D","0","Y","C","02",0,1,0,0,0,0,0,0,1,"-","-","UNINCORPORATED","SACRAMENTO","CA",0,0
"6176984",-121.4154447,38.5869578,2013,"3400","4","1","4","03",0,2,"A",,,,,,1500,7,"C","C","A","HOWE AV","FAIRLAKE AV",50,"S","N","2014-03-24",9250,"2013-07-22",1440,"17509",,"2","9","0","2",,"1","041","-","N",,0,0,,,0,,,,"Y",3,"A","-",22350,,"N","A","H","-","A","D","0","Y","A","01",0,0,2,0,0,0,0,0,0,"-","-","UNINCORPORATED","SACRAMENTO","CA",0,0
"6176983",-121.3393072,38.684765,2013,"3400","4","1","4","03",0,2,"A",,,,,,900,7,"C","C","A","ELKHORN BL","DIABLO DR",80,"E","N","2014-03-24",9250,"2013-07-08",715,"13997",,"1","9","0","2",,"1","014","-","Y",,0,0,,,0,,,,"N",3,"A","-",22350,,"N","A","H","-","A","D","0","Y","A","01",0,0,2,0,0,0,0,0,0,"-","-","UNINCORPORATED","SACRAMENTO","CA",0,0
"6176980",-121.3830463,38.5686254,2013,"3400","4","6","4","03",0,2,"A",,,,,,1800,7,"C","C","A","WATT AV","AMERICAN RIVER DR",528,"S","N","2014-03-22",9250,"2013-07-20",1704,"17863",,"2","9","0","2",,"1","045","-","N",,0,0,,,0,,,,"Y",2,"A","-",22350,,"N","A","H","-","A","D","0","Y","A","01",0,0,2,0,0,0,0,0,0,"-","-","UNINCORPORATED","SACRAMENTO","CA",0,0
"6176979",-121.4048818,38.6372199,2013,"3400","1","7","3","08",0,1,"A",,,,,,2400,7,"E","I","A","RT 80","ROSEVILLE RD",150,"W","N","2014-03-22",9250,"2013-07-07",2341,"16752",,"3","9","0","1",,"2","182","-","Y","SAC",3,80,"-","M",9.03,"H","-","E","Y",1,"A","-",22107,,"N","A","H","-","D","D","1","Y","A","01",0,1,0,0,0,0,0,0,0,"-","-","UNINCORPORATED","SACRAMENTO","CA",-121.4066,38.63718
"6176976",-121.3996601,38.5742452,2013,"3400","4","6","4","03",0,1,"A",,,,,,1500,7,"C","C","A","FAIR OAKS BL","SIERRA LN",2,"W","N","2014-03-22",9250,"2013-07-20",1240,"14344",,"1","9","0","2",,"1","048","-","N",,0,0,,,0,,,,"Y",2,"A","-",22350,,"N","A","H","-","A","D","0","Y","A","07",0,0,1,0,0,0,0,0,0,"-","-","UNINCORPORATED","SACRAMENTO","CA",0,0
"6176975",-121.5395503,38.6109705,2013,"3400","1","6","4","08",0,1,"A",,,,,,2100,7,"E","I","A","RT 80","WEST EL CAMINO AV",1584,"W","N","2014-03-22",9250,"2013-07-06",1925,"17863",,"2","9","0","1",,"2","181","-","Y","SAC",3,80,"-","M",1.05,"H","-","W","Y",1,"A","-",22107,,"N","A","D","-","A","D","1","Y","A","01",0,0,1,0,0,0,0,0,0,"-","-","UNINCORPORATED","SACRAMENTO","CA",0,0
"6176972",0,0,2013,"3400","5","5","4","08",0,1,"A",,,,,,1800,7,"B","E","A","VIR MAR ST","FAIR WY",300,"S","N","2014-03-22",9250,"2013-07-19",1600,"16419",,"2","9","0","3",,"2","020","-","N",,0,0,,,0,,,,"Y",3,"A","-",22107,,"N","A","H","-","A","D","0","Y","A","01",0,0,1,0,0,0,0,0,0,"-","-","UNINCORPORATED","SACRAMENTO","CA",0,0