"CASEID","POINT_X","POINT_Y","YEAR_","LOCATION","CHPTYPE","DAYWEEK","CRASHSEV","VIOLCAT","KILLED","INJURED","WEATHER1","PEDCOL","BICCOL","MCCOL","TRUCKCOL","ETOH","TIMECAT","MONTH_","CRASHTYP","INVOLVE","PED","PRIMARYRD","SECONDRD","DISTANCE","DIRECT","INTERSECT_","PROCDATE","JURIS","DATE_","TIME_","BADGE","JURIDIST","SHIFT","POP","SPECIAL","BEATTYPE","LAPDDIV","BEATCLAS","BEATNUMB","WEATHER2","STATEHW","CALTRANC","CALTRAND","STROUTE","ROUTESUF","POSTPRE","POSTMILE","LOCATYPE","RAMP","SIDEHW","TOWAWAY","PARTIES","PCF","VIOLCODE","VIOL","VIOLSUB","HITRUN","ROADSURF","RDCOND1","RDCOND2","LIGHTING","RIGHTWAY","CHPRDTYP","NOTPRIV","STFAULT","CHPFAULT","SEVINJ","OTHERINJ","COP","PEDKILL","PEDINJ","BICKILL","BICINJ","MCKILL","MCINJURE","RAMP1","RAMP2","CITY","COUNTY","STATE","X_CHP","Y_CHP"
"6176971",-121.3238531,38.6680251,2013,"3400","5","1","3","01",0,4,"A",,,,,"Y",2400,7,"A","C","A","COYLE AV","VIA CASITAS",0,,"Y","2014-03-22",9250,"2013-07-15",2130,"18816",,"2","9","0","3",,"2","020","-","Y",,0,0,,,0,,,,"Y",2,"A","-",23152,"A","N","A","H","-","C","A","0","Y","A","07",0,2,2,0,0,0,0,0,0,"-","-","UNINCORPORATED","SACRAMENTO","CA",0,0
"6176968",-121.4012982,38.5960151,2013,"3400","4","5","4","03",0,2,"A",,,,,,1500,7,"C","C","A","ARDEN WAY","FULTON AV",50,"E","N","2014-03-22",9250,"2013-07-19",1420,"14344",,"2","9","0","2",,"1","046","-","N",,0,0,,,0,,,,"N",2,"A","-",22350,,"N","A","H","-","A","D","0","Y","A","01",0,0,2,0,0,0,0,0,0,"-","-","UNINCORPORATED","SACRAMENTO","CA",0,0
"6176967",-121.311224,38.7057114,2013,"3400","1","2","4","03",0,2,"A",,,,"Y",,1200,7,"C","C","A","RT 80","ANTELOPE RD",2640,"E","N","2014-03-22",9250,"2013-07-16",930,"16114",,"1","9","0","1",,"2","184","-","Y","SAC",3,80,"-","-",16.57,"H","-","E","Y",2,"A","-",22350,,"N","A","H","-","A","D","1","Y","A","01",0,0,2,0,0,0,0,0,0,"-","-","UNINCORPORATED","SACRAMENTO","CA",0,0
"6176964",-121.3548229,38.660903,2013,"3400","4","5","4","03",0,1,"A",,,,,,1500,7,"C","C","A","MADISON AV","DATE AV",100,"E","N","2014-03-22",9250,"2013-07-19",1245,"16419",,"1","9","0","2",,"1","024","-","N",,0,0,,,0,,,,"N",2,"A","-",22350,,"N","A","H","-","A","D","0","Y","A","08",0,0,1,0,0,0,0,0,0,"-","-","UNINCORPORATED","SACRAMENTO","CA",0,0
"6176963",-121.3635531,38.6576151,2013,"3404","1","5","4","07",0,1,"A",,,,,,1500,7,"B","C","A","RT 80","MADISON AV",250,"S","N","2014-03-22",9250,"2013-07-12",1320,"18863",,"1","7","0","1",,"2","184","-","Y","SAC",3,80,"-","-",12.281,"R","2","E","N",2,"A","-",21658,"A","F","A","H","-","A","D","1","Y","A","01",0,0,1,0,0,0,0,0,0,"TO","-","SACRAMENTO","SACRAMENTO","CA",-121.35831,38.65989
"6176949",-121.4154228,38.5963275,2013,"3400","4","3","4","03",0,1,"A",,,,,,2400,6,"C","C","A","HOWE AV","ARDEN WY",30,"N","N","2014-03-13",9250,"2013-06-05",2120,"17734",,"2","9","0","2",,"1","041","-","N",,0,0,,,0,,,,"N",2,"A","-",22350,,"F","A","H","-","C","A","0","Y","A","01",0,0,1,0,0,0,0,0,0,"-","-","UNINCORPORATED","SACRAMENTO","CA",0,0
"6176945",-121.3831181,38.5989352,2013,"3400","4","6","4","09",0,1,"A",,"Y",,,,1800,6,"H","G","A","ALTA ARDEN EXPWY","WATT AV",10,"W","N","2014-03-13",9250,"2013-06-29",1735,"17863",,"2","9","0","2",,"1","049","-","N",,0,0,,,0,,,,"N",2,"A","-",21453,"B","F","A","H","-","A","A","0","Y","A","01",0,0,1,0,0,0,1,0,0,"-","-","UNINCORPORATED","SACRAMENTO","CA",0,0
"6176941",-121.4448954,38.5931424,2013,"3404","3","1","4","03",0,3,"B",,,,,,1500,6,"C","C","A","RT 51","TRIBUTE RD",300,"S","N","2014-03-13",9250,"2013-06-24",1410,"16225",,"2","7","0","1",,"2","151","C","Y","SAC",3,51,"-","-",3.08,"H","-","N","N",2,"A","-",22350,,"N","B","H","-","A","D","1","Y","A","01",0,0,3,0,0,0,0,0,0,"-","-","SACRAMENTO","SACRAMENTO","CA",0,0
"6176937",-121.3047394,38.7120572,2013,"3496","1","6","3","03",0,2,"A",,,,,,2400,6,"C","C","A","RT 80","ANTELOPE RD",1796,"E","N","2014-03-13",9250,"2013-06-22",2130,"17979",,"2","5","0","1",,"2","183","-","Y","SAC",3,80,"-","-",17.03,"H","-","W","Y",2,"A","-",22350,,"N","A","H","-","D","D","1","Y","A","01",0,1,1,0,0,0,0,0,0,"-","-","CITRUS HEIGHTS","SACRAMENTO","CA",0,0
"6176933",-121.4014432,38.625245,2013,"3400","4","1","3","09",0,3,"A",,,,,,1800,6,"D","C","A","FULTON AV","POPE AV",0,,"Y","2014-03-13",9250,"2013-06-10",1715,"16225",,"2","9","0","2",,"1","043","-","N",,0,0,,,0,,,,"Y",2,"A","-",21802,"A","N","A","H","-","A","A","0","Y","A","01",0,1,2,0,0,0,0,0,0,"-","-","UNINCORPORATED","SACRAMENTO","CA",0,0
"6176929",-121.382947,38.6903747,2013,"3400","4","3","3","01",0,3,"A",,"Y",,,,1800,6,"C","C","A","WATT AV","ELKHORN BL",40,"N","N","2014-03-13",9250,"2013-06-05",1625,"17482",,"2","9","0","2",,"1","011","-","N",,0,0,,,0,,,,"Y",3,"A","-",23152,"A","N","A","H","-","A","A","0","Y","A","01",0,1,2,0,0,0,1,0,0,"-","-","UNINCORPORATED","SACRAMENTO","CA",0,0
"6176925",-121.3830082,38.6286651,2013,"3400","4","4","3","05",0,1,"A",,"Y",,,,900,6,"H","G","A","WHITNEY AV","WATT AV",10,"E","N","2014-03-13",9250,"2013-06-13",755,"17900",,"1","9","0","2",,"1","045","-","N",,0,0,,,0,,,,"N",2,"A","-",21650,"1","N","A","H","-","A","A","0","Y","L","04",0,1,0,0,0,0,1,0,0,"-","-","UNINCORPORATED","SACRAMENTO","CA",0,0
"6176921",-121.2919269,38.6463789,2013,"3400","4","1","4","07",0,1,"A",,"Y",,,,1500,6,"H","G","A","SAN JUAN AV","SUMTER DR",300,"N","N","2014-03-13",9250,"2013-06-17",1315,"16225",,"1","9","0","2",,"1","025","-","N",,0,0,,,0,,,,"N",2,"A","-",21658,"A","N","A","H","-","A","D","0","Y","L","04",0,0,1,0,0,0,1,0,0,"-","-","UNINCORPORATED","SACRAMENTO","CA",0,0
"6176917",-121.3830989,38.5884078,2013,"3400","4","3","3","07",0,1,"A",,,,,,600,6,"E","I","A","WATT AV","HURLEY WY",50,"S","N","2014-03-13",9250,"2013-06-26",510,"17734",,"3","9","0","2",,"1","045","-","N",,0,0,,,0,,,,"Y",2,"A","-",21658,"A","F","A","H","-","C","D","0","Y","-","99",0,1,0,0,0,0,0,0,0,"-","-","UNINCORPORATED","SACRAMENTO","CA",0,0
"6176913",-121.3766958,38.704192,2013,"3400","5","6","4","08",0,1,"A",,,,,,2400,6,"B","C","A","BLACK BEAR DR","ANTELOPE RD",50,"N","N","2014-03-13",9250,"2013-06-29",2220,"18816",,"3","9","0","3",,"2","010","-","N",,0,0,,,0,,,,"Y",2,"A","-",22100,"A","F","A","H","-","C","D","0","Y","A","01",0,0,1,0,0,0,0,0,0,"-","-","UNINCORPORATED","SACRAMENTO","CA",0,0
"6176909",-121.3495831,38.595395,2013,"3400","4","4","4","09",0,1,"A",,,,,,900,6,"D","C","A","ARDEN WY","PALOMA AV",0,,"Y","2014-03-13",9250,"2013-06-27",740,"14845",,"1","9","0","2",,"1","056","-","N",,0,0,,,0,,,,"Y",2,"A","-",21802,"A","N","A","H","-","A","A","0","Y","A","01",0,0,1,0,0,0,0,0,0,"-","-","UNINCORPORATED","SACRAMENTO","CA",0,0
"6176905",-121.4824931,38.5570151,2013,"3400","5","6","3","12",0,1,"A",,,,,,2100,6,"D","C","A","24TH ST","1ST ST",0,,"Y","2014-03-13",9250,"2013-06-29",1800,"17818",,"2","9","0","3",,"2","060","-","N",,0,0,,,0,,,,"N",2,"A","-",22450,"A","F","A","H","-","A","A","0","Y","A","01",0,1,0,0,0,0,0,0,0,"-","-","UNINCORPORATED","SACRAMENTO","CA",0,0
"6176897",-121.3644931,38.713345,2013,"3400","5","2","4","00",0,1,"B",,,,,,1500,6,"D","C","A","ELVERTA RD","WALERGA RD",0,,"Y","2014-03-13",9250,"2013-06-25",1409,"17482",,"2","9","0","3",,"2","010","-","N",,0,0,,,0,,,,"Y",2,"D","-",0,,"N","A","H","-","A","A","0","Y","-","-",0,0,1,0,0,0,0,0,0,"-","-","UNINCORPORATED","SACRAMENTO","CA",0,0
"6176893",-121.363163,38.660985,2013,"3400","4","4","2","05",0,1,"A",,"Y",,,,300,6,"H","G","A","MADISON AV","INTERSTATE AV",0,,"Y","2014-03-13",9250,"2013-06-13",202,"17620",,"3","9","0","2",,"1","016","-","N",,0,0,,,0,,,,"N",2,"A","-",21650,"1","F","A","H","-","C","A","0","Y","L","04",1,0,0,0,0,0,1,0,0,"-","-","UNINCORPORATED","SACRAMENTO","CA",0,0
"6176839",-121.3652747,38.6436967,2013,"3404","0","7","2","12",0,2,"B",,,,,,600,8,"D","C","A","AUBURN BL","RT 244",0,,"Y","2014-04-04",3404,"2013-08-25",544,"0841",,"5","7","0","0",,"0","02A","-","Y","SAC",3,244,"-","T",1.076,"I","5","E","Y",2,"A","-",21453,"A","N","A","H","-","B","A","0","Y","-","-",1,1,0,0,0,0,0,0,0,"-","-","SACRAMENTO","SACRAMENTO","CA",0,0
"6176835",-121.4587047,38.6133644,2013,"3404","0","7","3","01",0,1,"-",,,,,"Y",300,8,"E","I","A","NORWOOD BYP","GROVE AV",180,"N","N","2014-03-28",3404,"2013-08-25",214,"0915","2","5","7","0","0",,"0","02B","-","N",,0,0,,,0,,,,"Y",1,"A","-",23152,"A","N","-","-","-","C","D","0","Y","D","22",0,1,0,0,0,0,0,0,0,"-","-","SACRAMENTO","SACRAMENTO","CA",0,0
"6175862",-121.4726531,38.5624551,2013,"3404","0","2","4","09",0,2,"A",,,,,,1500,8,"D","C","A","29TH ST","T ST",0,,"Y","2014-03-26",3404,"2013-08-06",1335,"0851","3","5","7","0","0",,"0","03B","-","N",,0,0,,,0,,,,"Y",2,"A","-",21801,"A","N","A","H","-","A","A","0","Y","A","01",0,0,2,0,0,0,0,0,0,"-","-","SACRAMENTO","SACRAMENTO","CA",0,0
"6175861",0,0,2013,"3404","0","7","4","03",0,3,"A",,,,,,1800,8,"C","C","A","TRUXEL RD","NATOMAS CROSSING DR",0,,"Y","2014-04-07",3404,"2013-08-11",1607,"0394","SACRA","5","7","0","0",,"0","01A","-","N",,0,0,,,0,,,,"N",2,"A","-",22350,,"N","A","H","-","A","A","0","Y","A","08",0,0,3,0,0,0,0,0,0,"-","-","SACRAMENTO","SACRAMENTO","CA",0,0
"6175860",-121.4754342,38.6112738,2013,"3404","0","3","3","09",0,1,"A",,,"Y",,,300,8,"A","C","A","WEST EL CAMINO AV","NORTHGATE BL",34,"E","N","2014-03-26",3404,"2013-08-14",47,"0823",,"5","7","0","0",,"0","01C","-","N",,0,0,,,0,,,,"N",2,"A","-",21801,,"N","A","H","-","C","D","0","Y","A","01",0,1,0,0,0,0,0,0,1,"-","-","SACRAMENTO","SACRAMENTO","CA",0,0
"6175859",0,0,2013,"3404","0","4","4","09",0,1,"A",,,,,,1800,8,"D","C","A","STOCKTON BL","STOCKTON BL 3307",15,"S","N","2015-01-22",3404,"2013-08-15",1741,"0524",,"5","7","0","0",,"0",,"-","N",,0,0,,,0,,,,"Y",2,"A","-",21804,,"N","A","H","-","A","D","0","Y","A","01",0,0,1,0,0,0,0,0,0,"-","-","SACRAMENTO","SACRAMENTO","CA",0,0
"6175517",-121.4090731,38.510555,2013,"3404","0","1","4","12",0,2,"A",,,,"Y",,900,8,"D","C","A","POWER INN RD","ELDER CREEK RD",0,,"Y","2014-04-05",3404,"2013-08-12",730,"810",,"5","7","0","0",,"0","060","-","N",,0,0,,,0,,,,"Y",2,"A","-",21453,"A","N","A","H","-","A","A","0","Y","D","22",0,0,2,0,0,0,0,0,0,"-","-","SACRAMENTO","SACRAMENTO","CA",0,0
"6175450",-121.3754155,38.5533606,2013,"3404","0","5","4","03",0,1,"A",,,,,,1500,7,"C","C","A","WATT AV","FOLSOM BL",110,"N","N","2014-03-19",3404,"2013-07-19",1340,"15944",,"5","7","0","0",,"0",,"-","N",,0,0,,,0,,,,"Y",3,"A","-",22350,,"N","A","H","-","A","A","0","Y","A","01",0,0,1,0,0,0,0,0,0,"-","-","SACRAMENTO","SACRAMENTO","CA",0,0
"6175015",-121.3841527,38.4531625,2013,"3400","4","5","3","08",0,1,"A",,,,,,300,8,"E","E","A","UNDERHILL DR","HARDESTER DR",60,"W","N","2014-03-25",9252,"2013-08-02",230,"018423",,"3","9","0","2",,"2","073","-","N",,0,0,,,0,,,,"Y",4,"A","-",22107,,"N","A","H","-","C","D","0","Y","A","01",0,1,0,0,0,0,0,0,0,"-","-","UNINCORPORATED","SACRAMENTO","CA",-121.3845,38.45316
"6175011",-121.4512433,38.4961963,2013,"3400","4","3","4","03",0,1,"A",,,,,,1800,8,"C","C","A","FLORIN RD","EAST PKWY",20,"E","N","2014-03-25",9252,"2013-08-07",1523,"017258",,"2","9","0","2",,"1","072","-","N",,0,0,,,0,,,,"N",2,"A","-",22350,,"N","A","H","-","A","A","0","Y","A","07",0,0,1,0,0,0,0,0,0,"-","-","UNINCORPORATED","SACRAMENTO","CA",-121.45102,38.49603
"6175007",-121.2739809,38.3913285,2013,"3400","5","3","3","09",0,2,"B",,,,,,600,8,"D","C","A","DILLARD RD","COSUMNES RD",10,"W","N","2014-03-25",9252,"2013-08-07",538,"017132",,"3","9","0","3",,"2","080","-","N",,0,0,,,0,,,,"Y",2,"A","-",21801,"A","N","A","H","-","D","D","0","Y","A","08",0,1,1,0,0,0,0,0,0,"-","-","UNINCORPORATED","SACRAMENTO","CA",-121.27417,38.39122
"6175003",-121.4737309,38.5423454,2013,"3404","3","7","4","08",0,1,"A",,,,,,2100,8,"D","C","A","RT 99","12TH AV",150,"N","N","2014-03-25",9252,"2013-08-04",1940,"018119",,"2","7","0","1",,"2","192","-","Y","SAC",3,99,"-","-",23.16,"H","-","N","Y",2,"A","-",22107,,"N","A","H","-","A","D","1","Y","A","01",0,0,1,0,0,0,0,0,0,"-","-","SACRAMENTO","SACRAMENTO","CA",-121.47368,38.5434
"6174999",-121.5223453,38.5107771,2013,"3404","1","4","4","08",0,1,"A",,,,,,1200,8,"E","I","A","RT 5","GLORIA DR",10,"N","N","2014-03-25",9252,"2013-08-08",900,"14561",,"1","7","0","1",,"2","107","-","Y","SAC",3,5,"-","-",18.19,"H","-","S","Y",1,"A","-",22107,,"N","A","H","-","A","D","1","Y","A","07",0,0,1,0,0,0,0,0,0,"-","-","SACRAMENTO","SACRAMENTO","CA",0,0
"6174899",-121.4119156,38.4816894,2013,"3400","4","6","4","09",0,1,"A",,,,,,900,7,"D","C","A","GERBER RD","PALMER HOUSE DR",400,"E","N","2014-03-22",9252,"2013-07-20",805,"15342",,"1","9","0","2",,"2","073","-","N",,0,0,,,0,,,,"Y",2,"A","-",21802,"A","N","A","H","-","A","D","0","Y","A","01",0,0,1,0,0,0,0,0,0,"-","-","UNINCORPORATED","SACRAMENTO","CA",-121.41066,38.48158
"6174637",-121.3366476,38.6481237,2013,"3400","5","2","3","03",0,1,"A",,,,,,1800,4,"C","C","A","GARFIELD AV","WINDING WY",25,"N","N","2014-08-16",9250,"2013-04-23",1650,"15272",,"2","9","0","3",,"2","020","-","N",,0,0,,,0,,,,"Y",2,"A","-",22350,,"N","A","H","-","A","D","0","Y","A","01",0,1,0,0,0,0,0,0,0,"-","-","UNINCORPORATED","SACRAMENTO","CA",0,0
"6174633",-121.3062048,38.6635574,2013,"3400","4","7","4","07",0,1,"A",,,,,,2400,6,"C","C","A","MADISON AV","TOOMBS ST",20,"W","N","2014-03-07",9250,"2013-06-30",2140,"17397",,"2","9","0","2",,"1","024","-","N",,0,0,,,0,,,,"N",2,"A","-",21658,"A","N","A","H","-","C","D","0","Y","A","01",0,0,1,0,0,0,0,0,0,"-","-","UNINCORPORATED","SACRAMENTO","CA",0,0
"6174629",-121.410703,38.615445,2013,"3400","5","4","3","09",0,2,"A",,,,,,1500,7,"D","C","A","PYRAMID WY","BELL ST",0,,"Y","2014-03-21",9250,"2013-07-04",1450,"18126",,"2","9","0","3",,"2","040","-","N",,0,0,,,0,,,,"Y",2,"A","-",21802,"A","N","A","H","-","A","A","0","Y","D","22",0,2,0,0,0,0,0,0,0,"-","-","UNINCORPORATED","SACRAMENTO","CA",0,0
"6174605",-121.4538642,38.6837671,2013,"3400","4","2","4","09",0,1,"A",,,,,,1800,7,"B","C","A","ELKHORN BL","6TH ST",300,"W","N","2014-03-21",9250,"2013-07-09",1709,"14810",,"2","9","0","2",,"1","064","-","N",,0,0,,,0,,,,"N",2,"A","-",21801,"A","N","A","H","-","A","D","0","Y","A","01",0,0,1,0,0,0,0,0,0,"-","-","UNINCORPORATED","SACRAMENTO","CA",0,0
"6174589",-121.3485231,38.703725,2013,"3404","4","6","4","09",0,3,"A",,,,,,1800,7,"D","C","A","COMPONENT WY","ANTELOPE RD",0,,"Y","2014-03-24",9250,"2013-07-06",1735,"18560",,"2","7","0","2",,"1","014","-","N",,0,0,,,0,,,,"Y",2,"A","-",21802,"A","N","A","H","-","A","A","0","Y","D","22",0,0,3,0,0,0,0,0,0,"-","-","SACRAMENTO","SACRAMENTO","CA",0,0
"6174586",-121.4753731,38.647345,2013,"3400","5","1","3","08",0,1,"A",,,,,,1800,6,"E","I","A","NORTH MARKET BL","NORTHGATE BL",0,,"Y","2014-03-07",9250,"2013-06-10",1615,"17509",,"2","9","0","3",,"2","080","-","N",,0,0,,,0,,,,"Y",1,"A","-",22107,,"N","A","H","-","A","A","0","Y","D","22",0,1,0,0,0,0,0,0,0,"-","-","UNINCORPORATED","SACRAMENTO","CA",0,0
"6174570",-121.415472,38.5904222,2013,"3400","4","3","4","05",0,1,"A",,"Y",,,,1800,7,"H","G","A","HOWE AV","HALLMARK DR",500,"S","N","2014-03-20",9250,"2013-07-03",1537,"18126",,"2","9","0","2",,"1","041","-","N",,0,0,,,0,,,,"N",2,"A","-",21650,,"N","A","H","-","A","D","0","Y","L","04",0,0,1,0,0,0,1,0,0,"-","-","UNINCORPORATED","SACRAMENTO","CA",0,0
"6174566",-121.3360726,38.6172311,2013,"3400","4","3","4","03",0,1,"A",,,,,,1800,7,"C","D","A","MARCONI AV","GARFIELD AV",203,"E","N","2014-03-24",9250,"2013-07-03",1700,"18461",,"2","9","0","2",,"1","052","-","N",,0,0,,,0,,,,"N",3,"A","-",22350,,"N","A","H","-","A","D","0","Y","A","01",0,0,1,0,0,0,0,0,0,"-","-","UNINCORPORATED","SACRAMENTO","CA",0,0
"6174565",-121.3702037,38.6743784,2013,"3400","5","7","3","09",0,3,"A",,,,,,2100,7,"A","C","A","KARL DR","SANTA FE WY",180,"W","N","2014-03-24",9250,"2013-07-21",1935,"15961",,"2","9","0","3",,"2","010","-","N",,0,0,,,0,,,,"Y",3,"A","-",21801,"A","N","A","H","-","A","D","0","Y","A","01",0,1,2,0,0,0,0,0,0,"-","-","UNINCORPORATED","SACRAMENTO","CA",0,0
"6174560",-121.2927132,38.6637042,2013,"3400","4","4","4","03",0,1,"A",,,,,,1200,7,"C","C","A","MADISON AV","SAN JUAN AV",120,"W","N","2014-03-21",9250,"2013-07-25",950,"16419",,"1","9","0","2",,"1","024","-","N",,0,0,,,0,,,,"N",3,"A","-",22350,,"N","A","H","-","A","D","0","Y","A","07",0,0,1,0,0,0,0,0,0,"-","-","UNINCORPORATED","SACRAMENTO","CA",0,0
"6174559",0,0,2013,"3400","4","6","3","11",0,1,"A","Y",,,,,2400,7,"G","B","E","ELKHORN BL","SAGEVIEW DR",1500,"E","N","2014-03-20",9250,"2013-07-06",2320,"12773",,"3","9","0","2",,"1","064","-","N",,0,0,,,0,,,,"N",2,"A","-",21956,"A","N","A","H","-","D","D","0","Y","N","60",0,1,0,0,1,0,0,0,0,"-","-","UNINCORPORATED","SACRAMENTO","CA",0,0
"6174558",-121.436637,38.643209,2013,"3400","1","5","4","03",0,1,"A",,,,"Y",,2100,7,"B","C","A","RT 80","RALEY BL",1320,"E","N","2014-03-24",9250,"2013-07-05",1806,"017863",,"2","9","0","1",,"2","181","-","Y","SAC",3,80,"-","M",7.381,"H","-","W","Y",2,"A","-",22350,,"N","A","H","-","A","D","1","Y","A","01",0,0,1,0,0,0,0,0,0,"-","-","UNINCORPORATED","SACRAMENTO","CA",0,0
"6174550",-121.5396627,38.6655088,2013,"3400","3","4","3","08",0,1,"A",,,,,,1800,7,"F","A","A","RT 99","RT 5",250,"N","N","2014-03-20",9250,"2013-07-11",1630,"18461",,"2","9","0","1",,"1","193","-","Y","SAC",3,99,"-","R",32.41,"H","-","S","Y",1,"A","-",22107,,"N","A","H","-","A","D","0","Y","D","22",0,1,0,0,0,0,0,0,0,"-","-","UNINCORPORATED","SACRAMENTO","CA",-121.54027,38.6714
"6174548",-121.4153631,38.610975,2013,"3400","4","3","4","12",0,1,"A",,,,,,1200,7,"D","C","A","EL CAMINO AV","HOWE AV",0,,"Y","2014-03-21",9250,"2013-07-24",1125,"18126",,"1","9","0","2",,"1","044","-","N",,0,0,,,0,,,,"Y",2,"A","-",21453,"A","N","A","H","-","A","A","0","Y","A","07",0,0,1,0,0,0,0,0,0,"-","-","UNINCORPORATED","SACRAMENTO","CA",0,0
"6174543",-121.3647134,38.6565471,2013,"3400","1","2","4","07",0,1,"A",,,,,,1200,4,"B","C","A","RT 80","MADISON AV",1584,"W","N","2014-02-13",9250,"2013-04-30",1145,"12047",,"1","9","0","1",,"2","184","-","Y","SAC",3,80,"-","-",12.18,"H","-","E","Y",2,"A","-",21658,"A","N","A","H","-","A","D","1","Y","D","22",0,0,1,0,0,0,0,0,0,"-","-","UNINCORPORATED","SACRAMENTO","CA",0,0
"6174540",-121.3831257,38.5736707,2013,"3400","4","1","3","01",0,3,"A",,,,,,1200,7,"C","C","A","WATT AV","FAIR OAKS BL",140,"S","N","2014-03-24",9250,"2013-07-15",1113,"18126",,"1","9","0","2",,"1","045","-","N",,0,0,,,0,,,,"Y",4,"A","-",23152,"A","N","A","H","-","A","A","0","Y","A","01",0,1,2,0,0,0,0,0,0,"-","-","UNINCORPORATED","SACRAMENTO","CA",0,0
"6174539",-121.5402731,38.7153484,2013,"3400","3","4","4","03",0,1,"A",,,,"Y",,600,6,"C","C","A","RT 99","ELVERTA RD",15,"S","N","2014-03-07",9250,"2013-06-27",415,"17862",,"3","9","0","1",,"1","193","-","Y","SAC",3,99,"-","-",35.36,"H","-","N","N",2,"A","-",22350,,"N","A","H","-","C","A","0","Y","G","27",0,0,1,0,0,0,0,0,0,"-","-","UNINCORPORATED","SACRAMENTO","CA",0,0
"6174537",-121.3952586,38.7144285,2013,"3400","4","5","3","03",0,1,"A",,,,,,900,6,"C","C","A","ELVERTA RD","WATT AV",813,"W","N","2014-03-07",9250,"2013-06-28",650,"17762",,"1","9","0","2",,"1","062","-","N",,0,0,,,0,,,,"Y",3,"A","-",22350,,"N","A","H","-","A","D","0","Y","D","22",0,1,0,0,0,0,0,0,0,"-","-","UNINCORPORATED","SACRAMENTO","CA",0,0
"6174535",-121.5297435,38.6499091,2013,"3404","1","1","2","07",0,2,"A",,,,"Y",,1200,3,"B","C","A","RT 5","DEL PASO RD",2600,"S","N","2014-11-13",9250,"2013-03-11",1020,"012813",,"1","7","0","1",,"2","105","-","Y","SAC",3,5,"-","-",28.67,"H","-","N","Y",2,"A","-",21658,"A","N","A","H","-","A","D","1","Y","F","55",1,1,0,0,0,0,0,0,0,"-","-","SACRAMENTO","SACRAMENTO","CA",0,0
"6174534",-121.5346199,38.6589141,2013,"3404","1","1","4","03",0,1,"A",,,,,,1500,7,"C","C","A","RT 5","DEL PASO RD",800,"N","N","2014-03-20",9250,"2013-07-08",1200,"12813",,"1","7","0","1",,"2","105","-","Y","SAC",3,5,"-","-",29.17,"H","-","N","Y",2,"A","-",22350,,"N","A","H","-","A","D","1","Y","A","01",0,0,1,0,0,0,0,0,0,"-","-","SACRAMENTO","SACRAMENTO","CA",0,0
"6174529",-121.3848955,38.5958,2013,"3400","4","4","3","03",0,3,"A",,,,,,1500,6,"C","C","A","ARDEN WY","RICHMOND ST",288,"E","N","2014-03-07",9250,"2013-06-27",1250,"17900",,"1","9","0","2",,"1","046","-","N",,0,0,,,0,,,,"Y",4,"A","-",22350,,"N","A","H","-","A","D","0","Y","D","22",0,2,1,0,0,0,0,0,0,"-","-","UNINCORPORATED","SACRAMENTO","CA",0,0
"6174524",-121.3216131,38.6168051,2013,"3400","5","2","4","12",0,3,"A",,,,,,1200,7,"D","C","A","CALIFORNIA AV","PALM AV",0,,"Y","2014-03-24",9250,"2013-07-16",1000,"15423",,"1","9","0","3",,"2","050","-","N",,0,0,,,0,,,,"Y",3,"A","-",22450,"A","N","A","H","-","A","A","0","Y","A","01",0,0,3,0,0,0,0,0,0,"-","-","UNINCORPORATED","SACRAMENTO","CA",0,0
"6174511",-121.4244324,38.6131476,2013,"3404","3","2","4","03",0,1,"A",,,,,,1800,7,"C","C","A","RT 51","EL CAMINO",300,"N","N","2014-03-21",9250,"2013-07-23",1531,"12229",,"2","7","0","1",,"2","151","-","Y","SAC",3,51,"-","-",4.916,"R","1","N","Y",2,"A","-",22350,,"N","A","H","-","A","A","1","Y","D","22",0,0,1,0,0,0,0,0,0,"-","-","SACRAMENTO","SACRAMENTO","CA",-121.42433,38.61298
"6174508",-121.292113,38.6545751,2013,"3400","4","4","3","01",0,3,"A",,,,,"Y",1200,7,"A","C","A","SAN JUAN AV","FALCON RD",0,,"Y","2014-03-24",9250,"2013-07-11",1155,"18560",,"1","9","0","2",,"1","025","-","N",,0,0,,,0,,,,"Y",3,"A","-",23152,"A","N","A","H","-","A","A","0","Y","A","01",0,1,2,0,0,0,0,0,0,"-","-","UNINCORPORATED","SACRAMENTO","CA",0,0
"6174505",-121.3544531,38.7188251,2013,"3400","5","6","4","01",0,1,"A",,,,,"Y",1200,7,"D","C","A","NORTH LOOP BL","CAREO DR",0,,"Y","2014-03-20",9250,"2013-07-27",930,"17762",,"1","9","0","3",,"2","010","-","N",,0,0,,,0,,,,"Y",2,"A","-",23152,"A","N","A","H","-","A","D","0","Y","D","22",0,0,1,0,0,0,0,0,0,"-","-","UNINCORPORATED","SACRAMENTO","CA",0,0
"6174501",-121.4014732,38.611087,2013,"3400","4","1","4","03",0,1,"A",,,,,,1500,7,"C","C","A","FULTON AV","EL CAMINO AV",150,"N","N","2014-03-21",9250,"2013-07-22",1245,"18126",,"1","9","0","2",,"1","043","-","N",,0,0,,,0,,,,"Y",4,"A","-",22350,,"N","A","H","-","A","A","0","Y","A","07",0,0,1,0,0,0,0,0,0,"-","-","UNINCORPORATED","SACRAMENTO","CA",0,0