"CASEID","POINT_X","POINT_Y","YEAR_","LOCATION","CHPTYPE","DAYWEEK","CRASHSEV","VIOLCAT","KILLED","INJURED","WEATHER1","PEDCOL","BICCOL","MCCOL","TRUCKCOL","ETOH","TIMECAT","MONTH_","CRASHTYP","INVOLVE","PED","PRIMARYRD","SECONDRD","DISTANCE","DIRECT","INTERSECT_","PROCDATE","JURIS","DATE_","TIME_","BADGE","JURIDIST","SHIFT","POP","SPECIAL","BEATTYPE","LAPDDIV","BEATCLAS","BEATNUMB","WEATHER2","STATEHW","CALTRANC","CALTRAND","STROUTE","ROUTESUF","POSTPRE","POSTMILE","LOCATYPE","RAMP","SIDEHW","TOWAWAY","PARTIES","PCF","VIOLCODE","VIOL","VIOLSUB","HITRUN","ROADSURF","RDCOND1","RDCOND2","LIGHTING","RIGHTWAY","CHPRDTYP","NOTPRIV","STFAULT","CHPFAULT","SEVINJ","OTHERINJ","COP","PEDKILL","PEDINJ","BICKILL","BICINJ","MCKILL","MCINJURE","RAMP1","RAMP2","CITY","COUNTY","STATE","X_CHP","Y_CHP"
"6165511",-121.3905731,38.5007064,2013,"3400","4","2","4","07",0,1,"A",,,,"Y",,1800,7,"C","C","A","FLORIN PERKINS RD","CLOVELY LN",25,"S","N","2014-03-22",9252,"2013-07-16",1515,"016747",,"2","9","0","2",,"2","073","-","N",,0,0,,,0,,,,"N",2,"A","-",21658,"A","N","A","H","-","A","D","0","Y","A","01",0,0,1,0,0,0,0,0,0,"-","-","UNINCORPORATED","SACRAMENTO","CA",-121.3905,38.50064
"6165506",-121.5150951,38.2770123,2013,"3400","5","2","2","08",0,1,"A",,,,"Y",,1200,5,"E","I","A","TWIN CITIES RD","RIVER RD",5280,"E","N","2014-02-22",9252,"2013-05-21",1121,"012096",,"1","9","0","3",,"2","090","-","N",,0,0,,,0,,,,"Y",1,"A","-",22107,,"N","A","H","-","A","D","0","Y","F","27",1,0,0,0,0,0,0,0,0,"-","-","UNINCORPORATED","SACRAMENTO","CA",-121.51498,38.27702
"6165502",0,0,2013,"3400","5","6","4","08",0,1,"A",,,,,,1200,7,"A","C","A","QUAKER RIDGE WY","ARTHUR HILLS CT",20,"S","N","2014-03-22",9252,"2013-07-13",920,"015342",,"1","9","0","3",,"2","074","-","N",,0,0,,,0,,,,"Y",2,"A","-",22107,,"N","A","H","-","A","D","0","Y","A","01",0,0,1,0,0,0,0,0,0,"-","-","UNINCORPORATED","SACRAMENTO","CA",-121.32079,38.47071
"6165490",-121.3698528,38.5220776,2013,"3400","5","2","3","03",0,2,"A",,,,,,1800,7,"C","C","A","SOUTH WATT AV","OSAGE AV",10,"S","N","2014-03-22",9252,"2013-07-09",1630,"016747",,"2","9","0","3",,"2","076","-","N",,0,0,,,0,,,,"Y",2,"A","-",22350,,"N","A","H","-","A","A","0","Y","A","01",0,1,1,0,0,0,0,0,0,"-","-","UNINCORPORATED","SACRAMENTO","CA",-121.36976,38.52185
"6165474",-121.4021331,38.4817051,2013,"3400","4","4","4","21",0,1,"A","Y",,,,,900,6,"G","B","E","GERBER RD","SAINT ANDRE LN",0,,"Y","2014-03-10",9252,"2013-06-20",820,"017325",,"1","9","0","2",,"2","073","-","N",,0,0,,,0,,,,"N",2,"A","-",22106,,"N","A","H","-","A","B","0","Y","D","22",0,0,1,0,1,0,0,0,0,"-","-","UNINCORPORATED","SACRAMENTO","CA",-121.57901,38.15719
"6165466",-121.4185232,38.4733806,2013,"3400","4","3","4","03",0,1,"A",,,,,,1500,7,"C","C","A","STOCKTON BL","QUINTA CT",25,"S","N","2014-03-22",9252,"2013-07-17",1415,"16895",,"2","9","0","2",,"2","073","-","N",,0,0,,,0,,,,"N",2,"A","-",22350,,"N","A","H","-","A","D","0","Y","D","22",0,0,1,0,0,0,0,0,0,"-","-","UNINCORPORATED","SACRAMENTO","CA",-121.42552,38.47862
"6165458",-121.390892,38.4816898,2013,"3400","4","2","4","03",0,1,"B",,,,,,1500,6,"C","C","A","GERBER RD","TIOGAWOODS DR",180,"W","N","2014-03-10",9252,"2013-06-25",1450,"016747",,"2","9","0","2",,"2","073","C","N",,0,0,,,0,,,,"N",3,"A","-",22350,,"N","B","H","-","A","A","0","Y","D","22",0,0,1,0,0,0,0,0,0,"-","-","UNINCORPORATED","SACRAMENTO","CA",-121.38925,38.48205
"6165156",-121.3958018,38.4090668,2013,"3450","0","5","4","03",0,1,"A",,,,,,1500,8,"C","C","A","ELK GROVE BL","LAGUNA SPRINGS DR",34,"W","N","2014-03-28",340,"2013-08-02",1235,"10058","4202","5","5","0","0",,"0","004","-","N",,0,0,,,0,,,,"Y",2,"A","-",22350,,"N","A","H","-","A","A","0","Y","A","01",0,0,1,0,0,0,0,0,0,"-","-","ELK GROVE","SACRAMENTO","CA",0,0
"6165005",-121.4094536,38.5563004,2013,"3404","0","4","4","08",0,1,"A",,,,,,1200,8,"B","C","A","HOWE AV","COLLEGE TOWN DR",297,"N","N","2014-10-21",3404,"2013-08-01",1030,"0355","3","5","7","0","0",,"0","03C","-","N",,0,0,,,0,,,,"Y",2,"A","-",22107,,"N","A","H","-","A","A","0","Y","A","01",0,0,1,0,0,0,0,0,0,"-","-","SACRAMENTO","SACRAMENTO","CA",0,0
"6164397",-121.4207183,38.4744151,2013,"3404","0","3","4","03",0,4,"A",,,,,,2100,7,"C","C","A","MACK RD","STOCKTON BL",500,"W","N","2014-03-22",3404,"2013-07-31",1804,"0296","5C","5","7","0","0",,"0",,"-","N",,0,0,,,0,,,,"N",3,"A","-",22350,,"N","A","H","-","A","D","0","Y","A","01",0,0,4,0,0,0,0,0,0,"-","-","SACRAMENTO","SACRAMENTO","CA",0,0
"6164307",-121.3725611,38.4526478,2013,"3450","0","3","3","08",0,1,"A",,"Y",,,,1800,7,"B","G","A","CALVINE RD","ELK GROVE FLORIN RD",220,"W","N","2014-03-25",340,"2013-07-31",1635,"10060","3201","5","5","0","0",,"0","003","-","N",,0,0,,,0,,,,"N",2,"A","-",22107,,"N","A","H","-","A","D","0","Y","L","04",0,1,0,0,0,0,1,0,0,"-","-","ELK GROVE","SACRAMENTO","CA",0,0
"6164303",-121.3522256,38.4381451,2013,"3450","0","3","4","17",0,1,"A",,,,,,2400,7,"E","I","A","SHELDON RD","WATERMAN RD",300,"E","N","2014-03-25",340,"2013-07-31",2346,"10257","3501","5","5","0","0",,"0","003","-","N",,0,0,,,0,,,,"Y",1,"A","-",21658,"B","N","A","H","-","C","A","0","Y","A","07",0,0,1,0,0,0,0,0,0,"-","-","ELK GROVE","SACRAMENTO","CA",0,0
"6164299",-121.4500231,38.408755,2013,"3450","0","5","3","08",0,2,"-",,"Y",,,,1200,7,"B","G","A","ELK GROVE BL","FRANKLIN BL",0,"E","N","2014-03-25",340,"2013-07-12",1151,"10058","4101","5","5","0","0",,"0","004","-","N",,0,0,,,0,,,,"N",2,"A","-",22107,,"N","A","H","-","A","D","0","Y","L","04",0,1,1,0,0,0,2,0,0,"-","-","ELK GROVE","SACRAMENTO","CA",0,0
"6164295",-121.334693,38.409085,2013,"3450","0","2","4","09",0,2,"A",,,,,,2400,7,"D","C","A","BRASHAW RD","ELK GROVE BL",0,,"Y","2014-03-25",340,"2013-07-30",2154,"10076","5602","5","5","0","0",,"0","005","-","N",,0,0,,,0,,,,"Y",2,"A","-",21802,"A","N","A","H","-","C","D","0","Y","A","07",0,0,2,0,0,0,0,0,0,"-","-","ELK GROVE","SACRAMENTO","CA",0,0
"6164291",-121.400933,38.437885,2013,"3450","0","3","4","03",0,4,"A",,,,,,1800,7,"C","C","A","SHELDON RD","E STOCKTON BL",0,,"Y","2014-03-21",340,"2013-07-31",1517,"10009","3401","5","5","0","0",,"0","003","-","N",,0,0,,,0,,,,"Y",4,"A","-",22350,,"N","A","H","-","A","A","0","Y","-","-",0,0,4,0,0,0,0,0,0,"-","-","ELK GROVE","SACRAMENTO","CA",0,0
"6164228",-121.4841645,38.5593871,2013,"3404","0","2","4","09",0,1,"A",,,,,,1800,8,"D","C","A","BROADWAY","22ND AV",78,"E","N","2014-04-01",3404,"2013-08-06",1609,"342",,"5","7","0","0",,"0","004","-","N",,0,0,,,0,,,,"N",2,"A","-",21804,"A","N","A","H","-","A","A","0","Y","-","-",0,0,1,0,0,0,0,0,0,"-","-","SACRAMENTO","SACRAMENTO","CA",0,0
"6164220",0,0,2013,"3404","0","2","4","-",0,1,"A",,,,,,2400,8,"D","C","A","COSUMNES RIVER BL","CENTER PKWY",0,,"Y","2014-04-01",3404,"2013-08-06",2312,"581",,"5","7","0","0",,"0","05L","-","N",,0,0,,,0,,,,"Y",2,"A","-",0,,"N","A","H","-","C","A","0","Y","A","01",0,0,1,0,0,0,0,0,0,"-","-","SACRAMENTO","SACRAMENTO","CA",0,0
"6164158",-121.4438832,38.6342125,2013,"3404","0","1","2","05",0,1,"A",,"Y",,,"Y",1500,8,"B","E","A","BRANCH ST","ROANOKE AV",234,"S","N","2014-03-29",3404,"2013-08-05",1216,"829","2","5","7","0","0",,"0","00A","-","N",,0,0,,,0,,,,"N",2,"A","-",21650,"1","N","A","H","-","A","-","0","Y","L","04",1,0,0,0,0,0,1,0,0,"-","-","SACRAMENTO","SACRAMENTO","CA",0,0
"6164154",-121.4199573,38.6039764,2013,"3404","0","5","4","03",0,1,"A",,,,,,1800,8,"C","C","A","ETHAN WY","SURREY RD",117,"N","N","2014-03-29",3404,"2013-08-02",1713,"873",,"5","7","0","0",,"0","02C","-","N",,0,0,,,0,,,,"N",2,"A","-",22350,,"N","A","H","-","A","A","0","Y","A","01",0,0,1,0,0,0,0,0,0,"-","-","SACRAMENTO","SACRAMENTO","CA",0,0
"6164150",-121.488629,38.6083751,2013,"3404","0","3","3","05",0,2,"A",,,,,,900,8,"A","C","A","GARDEN HWY","TRUXEL RD",2640,"E","N","2014-03-29",3404,"2013-08-07",737,"395",,"5","7","0","0",,"0","01B","-","Y",,0,0,,,0,,,,"Y",2,"A","-",21650,,"N","A","H","-","A","D","0","Y","A","01",0,1,1,0,0,0,0,0,0,"-","-","SACRAMENTO","SACRAMENTO","CA",0,0
"6164142",-121.4461332,38.629685,2013,"3404","0","3","4","09",0,1,"A",,,,,,1200,8,"D","C","A","RIO LINDA BL","CARMELITA AV",0,,"Y","2014-04-08",3404,"2013-08-07",938,"0237","SACRA","5","7","0","0",,"0","02B","-","N",,0,0,,,0,,,,"N",2,"A","-",21801,"A","N","A","H","-","A","D","0","Y","A","07",0,0,1,0,0,0,0,0,0,"-","-","SACRAMENTO","SACRAMENTO","CA",0,0
"6164138",-121.4870532,38.577355,2013,"3404","0","3","3","09",0,1,"A",,"Y",,,,2100,8,"D","G","A","K ST","15TH ST",0,,"Y","2014-03-29",3404,"2013-08-07",1810,"527","3","5","7","0","0",,"0","00M","-","N",,0,0,,,0,,,,"N",2,"A","-",21801,"A","N","A","-","-","A","A","0","Y","A","01",0,1,0,0,0,0,1,0,0,"-","-","SACRAMENTO","SACRAMENTO","CA",0,0
"6163719",-121.3056308,38.7069226,2013,"3496","0","7","4","03",0,1,"A",,,,,,900,8,"B","C","A","GARDENVINE AV","GARDEN GATE DR",72,"E","N","2014-04-04",3496,"2013-08-11",700,"348","3496","5","5","0","0",,"0","002","-","N",,0,0,,,0,,,,"Y",2,"A","-",22350,,"N","A","H","-","A","D","0","Y","D","22",0,0,1,0,0,0,0,0,0,"-","-","CITRUS HEIGHTS","SACRAMENTO","CA",0,0
"6163503",-121.4927798,38.5633993,2013,"3404","2","4","3","03",0,4,"A",,,,,,2100,8,"C","C","A","RT 50","15TH ST",135,"W","N","2014-04-08",9252,"2013-08-01",1943,"018159",,"2","7","0","1",,"2","150","-","Y","SAC",3,50,"-","L",1.34,"H","-","E","Y",4,"A","-",22350,,"N","A","H","-","A","D","1","Y","D","22",0,3,1,0,0,0,0,0,0,"-","-","SACRAMENTO","SACRAMENTO","CA",-121.49521,38.49521
"6163335",-121.1764331,38.6777851,2013,"3401","0","2","3","08",0,1,"A",,,"Y","Y",,1200,7,"D","C","A","RILEY ST","SUTTER ST",0,,"Y","2014-03-19",3401,"2013-07-23",1051,"209","2","5","5","0","0",,"0","002","-","N",,0,0,,,0,,,,"Y",2,"A","-",22101,"D","N","A","H","-","A","A","0","Y","C","02",0,1,0,0,0,0,0,0,1,"-","-","FOLSOM","SACRAMENTO","CA",-121.17649,38.67793
"6163279",-121.4863025,38.5616382,2013,"3404","2","4","3","03",0,3,"A",,,,,,1800,8,"C","C","A","RT 50","19TH ST",200,"E","N","2014-03-25",9252,"2013-08-01",1750,"018159",,"2","7","0","1",,"2","150","-","Y","SAC",3,50,"-","L",1.72,"H","-","E","Y",3,"A","-",22350,,"N","A","H","-","A","D","1","Y","A","01",0,1,2,0,0,0,0,0,0,"-","-","SACRAMENTO","SACRAMENTO","CA",-121.49053,38.56323
"6163211",-121.4967177,38.4662816,2013,"3404","1","4","3","01",0,1,"A",,,,,"Y",300,8,"E","I","A","RT 5","STONECREST AV",200,"S","N","2014-03-25",9252,"2013-08-01",30,"017679",,"3","7","0","1",,"2","106","-","Y","SAC",3,5,"-","-",14.86,"H","-","N","Y",1,"A","-",23152,"A","N","A","H","-","D","D","1","Y","A","01",0,1,0,0,0,0,0,0,0,"-","-","SACRAMENTO","SACRAMENTO","CA",-121.49685,38.46655
"6163207",-121.5178684,38.5015728,2013,"3404","1","4","4","03",0,1,"A",,,,,,2100,8,"C","C","A","RT 5","FLORIN RD",1584,"N","N","2014-03-25",9252,"2013-08-01",1830,"018782",,"2","7","0","1",,"2","107","-","Y","SAC",3,5,"-","-",17.49,"H","-","S","N",3,"A","-",22350,,"N","A","H","-","A","D","1","Y","A","01",0,0,1,0,0,0,0,0,0,"-","-","SACRAMENTO","SACRAMENTO","CA",-121.51791,38.49997
"6163164",-121.2440006,38.6643815,2013,"3400","4","4","4","03",0,1,"A",,,,,,1500,8,"C","C","A","MADISON AV","KENNETH AV",75,"E","N","2014-03-28",9260,"2013-08-01",1330,"013708",,"1","9","0","2",,"2","304","-","N",,0,0,,,0,,,,"N",2,"A","-",22350,,"N","A","H","-","A","D","0","Y","A","07",0,0,1,0,0,0,0,0,0,"-","-","UNINCORPORATED","SACRAMENTO","CA",0,0
"6163160",-121.3416362,38.562988,2013,"3400","5","4","3","09",0,1,"A",,,,,,1200,8,"D","C","A","MICRON AV","BRADSHAW RD",1584,"W","N","2014-03-28",9260,"2013-08-01",1035,"015944",,"1","9","0","3",,"2","001","-","N",,0,0,,,0,,,,"Y",2,"A","-",21804,"A","N","A","H","-","A","D","0","Y","A","07",0,1,0,0,0,0,0,0,0,"-","-","UNINCORPORATED","SACRAMENTO","CA",-121.34262,38.56265
"6163011",-121.4538431,38.546755,2013,"3404","0","5","4","09",0,2,"A",,,,,,900,8,"D","C","A","STOCKTON BL","BROADWAY",0,"S","N","2014-04-01",3404,"2013-08-09",701,"0842","6","5","7","0","0",,"0","00A","-","N",,0,0,,,0,,,,"Y",2,"A","-",21801,"A","N","A","H","-","A","D","0","Y","A","01",0,0,2,0,0,0,0,0,0,"-","-","SACRAMENTO","SACRAMENTO","CA",0,0
"6163007",-121.4380683,38.6365845,2013,"3404","0","4","3","11",0,1,"A","Y",,,,,2100,8,"G","B","E","GRAND AV","DRY CREEK RD",110,"E","N","2014-04-01",3404,"2013-08-08",1856,"0211",,"5","7","0","0",,"0","02A","-","N",,0,0,,,0,,,,"N",2,"A","-",21954,"A","N","A","H","-","-","D","0","Y","N","60",0,1,0,0,1,0,0,0,0,"-","-","SACRAMENTO","SACRAMENTO","CA",0,0
"6163003",-121.365803,38.643265,2013,"3404","0","4","4","03",0,3,"A",,,,,,1800,8,"C","C","A","AUBURN BL","PARK RD",0,,"Y","2014-04-01",3404,"2013-08-08",1500,"0211",,"5","7","0","0",,"0","02A","-","N",,0,0,,,0,,,,"N",3,"A","-",22350,,"N","-","H","-","A","D","0","Y","A","01",0,0,3,0,0,0,0,0,0,"-","-","SACRAMENTO","SACRAMENTO","CA",0,0
"6162999",-121.519383,38.510915,2013,"3404","0","1","4","09",0,2,"A",,,,,,1200,8,"D","C","A","GLORIA DR","LAKE PARK DR",0,,"Y","2014-04-01",3404,"2013-08-05",923,"0242",,"5","7","0","0",,"0",,"-","N",,0,0,,,0,,,,"Y",2,"A","-",21802,"A","N","A","H","-","A","A","0","Y","A","08",0,0,2,0,0,0,0,0,0,"-","-","SACRAMENTO","SACRAMENTO","CA",0,0
"6162976",-121.4533731,38.545935,2013,"3404","0","3","4","03",0,1,"A",,,"Y",,,1200,8,"C","C","A","STOCKTON BL","6TH AV",0,,"Y","2014-04-01",3404,"2013-08-07",1133,"8842","6","5","7","0","0",,"0","00B","-","N",,0,0,,,0,,,,"Y",2,"A","-",22350,,"N","A","H","-","A","D","0","Y","-","-",0,0,1,0,0,0,0,0,0,"-","-","SACRAMENTO","SACRAMENTO","CA",0,0
"6162972",-121.4865731,38.578455,2013,"3404","0","1","4","12",0,1,"A",,,,,,600,8,"D","C","A","J ST","15TH ST",0,,"Y","2014-04-01",3404,"2013-08-05",548,"0871","3M","5","7","0","0",,"0",,"-","N",,0,0,,,0,,,,"Y",2,"A","-",21453,"A","N","A","H","-","A","A","0","Y","A","07",0,0,1,0,0,0,0,0,0,"-","-","SACRAMENTO","SACRAMENTO","CA",0,0
"6162968",-121.4566731,38.5534851,2013,"3404","0","4","4","03",0,3,"A",,,,,,1500,8,"C","C","A","STOCKTON BL","X ST",0,"S","N","2014-04-01",3404,"2013-08-01",1300,"0842","6","5","7","0","0",,"0","00B","-","N",,0,0,,,0,,,,"Y",3,"A","-",22350,,"N","A","H","-","A","D","0","Y","A","01",0,0,3,0,0,0,0,0,0,"-","-","SACRAMENTO","SACRAMENTO","CA",0,0
"6162378",-121.5236431,38.495885,2013,"3404","0","5","3","12",0,1,"A",,,,,,1200,8,"D","C","A","FLORIN RD","GREENHAVEN DR",0,,"Y","2014-03-27",3404,"2013-08-02",1131,"200","4","5","7","0","0",,"0","00C","-","N",,0,0,,,0,,,,"Y",2,"A","-",21453,"A","N","A","H","-","A","A","0","Y","D","22",0,1,0,0,0,0,0,0,0,"-","-","SACRAMENTO","SACRAMENTO","CA",0,0
"6162374",-121.5028432,38.565645,2013,"3404","0","4","4","09",0,1,"A",,,,"Y",,1200,8,"B","C","A","X ST","8TH ST",0,,"Y","2014-03-27",3404,"2013-08-08",1114,"729","4A","5","7","0","0",,"0",,"-","Y",,0,0,,,0,,,,"Y",2,"A","-",21802,"A","N","A","H","-","A","A","0","Y","G","25",0,0,1,0,0,0,0,0,0,"-","-","SACRAMENTO","SACRAMENTO","CA",0,0
"6162366",-121.3909031,38.544445,2013,"3404","0","5","4","-",0,2,"A",,,,,,600,8,"D","C","A","FLORIN PERKINS RD","JACKSON RD",0,,"Y","2014-04-19",3404,"2013-08-09",409,"509","3","5","7","0","0",,"0","00C","-","N",,0,0,,,0,,,,"Y",2,"A","-",0,,"N","A","H","-","C","A","0","Y","-","-",0,0,2,0,0,0,0,0,0,"-","-","SACRAMENTO","SACRAMENTO","CA",0,0
"6161508",0,0,2013,"3490","0","1","3","03",0,1,"A",,,"Y",,,1500,3,"H","A","A","ATV TRACK","WHITE ROCK RD",7392,"E","N","2014-02-12",3400,"2013-03-11",1450,"1127","TWIN","5","5","0","0",,"0","367","-","N",,0,0,,,0,,,,"N",1,"A","-",38305,,"N","-","B","-","A","A","0","Y","C","06",0,1,0,0,0,0,0,0,1,"-","-","RANCHO CORDOVA","SACRAMENTO","CA",-121.15161,38.60748
"6161479",-121.4791531,38.498535,2013,"3404","0","7","4","03",0,2,"A",,,,,,600,8,"D","C","A","WOODBINE AV","YREKA AV",0,,"Y","2014-04-01",3404,"2013-08-04",448,"509","5","5","7","0","0",,"0","00B","-","N",,0,0,,,0,,,,"Y",2,"A","-",22350,,"N","A","H","-","C","A","0","Y","A","01",0,0,2,0,0,0,0,0,0,"-","-","SACRAMENTO","SACRAMENTO","CA",0,0
"6161475",-121.4671553,38.6111451,2013,"3404","0","6","4","03",0,1,"B",,,,,,1800,8,"C","C","A","EL CAMINO AV","AMERICAN AV",1320,"E","N","2014-04-08",3404,"2013-08-03",1607,"0688",,"5","7","0","0",,"0",,"-","N",,0,0,,,0,,,,"N",2,"A","-",22350,,"N","-","-","-","-","D","0","Y","A","01",0,0,1,0,0,0,0,0,0,"-","-","SACRAMENTO","SACRAMENTO","CA",0,0
"6161471",-121.2919031,38.5881451,2013,"3490","2","5","4","03",0,1,"A",,,"Y",,,900,8,"C","C","A","RT 50","ZINFANDEL DR",75,"W","N","2014-04-01",9260,"2013-08-02",820,"012900",,"1","5","0","1",,"2","501","-","Y","SAC",3,50,"-","R",10.726,"R","2","E","N",2,"A","-",22350,,"F","A","H","-","A","A","1","Y","A","01",0,0,1,0,0,0,0,0,1,"TO","-","RANCHO CORDOVA","SACRAMENTO","CA",0,0
"6161315",-121.2253531,38.6930451,2013,"3400","4","3","4","12",0,3,"A",,,,,,1500,7,"D","C","A","HAZEL AV","ELM AV",0,,"Y","2014-03-17",9260,"2013-07-31",1340,"013708",,"1","9","0","2",,"2","307","-","N",,0,0,,,0,,,,"Y",2,"A","-",21453,"A","N","A","H","-","A","A","0","Y","A","01",0,0,3,0,0,0,0,0,0,"-","-","UNINCORPORATED","SACRAMENTO","CA",0,0
"6161208",-121.5274931,38.514795,2013,"3404","0","2","4","03",0,2,"A",,,,,,1800,7,"-","C","A","RIVERSIDE BL","GREENHAVEN DR",0,"E","N","2014-03-25",3404,"2013-07-30",1708,"574",,"5","7","0","0",,"0",,"-","N",,0,0,,,0,,,,"Y",2,"A","-",22350,,"N","A","H","-","A","A","0","Y","A","01",0,0,2,0,0,0,0,0,0,"-","-","SACRAMENTO","SACRAMENTO","CA",0,0
"6160667",0,0,2013,"3401","0","5","3","11",0,1,"A","Y",,,,,1800,8,"G","B","D","GREENBACK LN","FOLSOM-AUBURN RD",163,"E","N","2014-04-03",3401,"2013-08-09",1502,"206","1","5","5","0","0",,"0","001","-","N",,0,0,,,0,,,,"N",2,"A","-",21955,,"N","A","H","-","A","D","0","Y","N","60",0,1,0,0,1,0,0,0,0,"-","-","FOLSOM","SACRAMENTO","CA",-121.17797,38.67899
"6160666",-121.1639597,38.6724549,2013,"3401","0","4","2","03",0,1,"A","Y",,,,,2400,8,"G","B","D","GLENN DR","BIDWELL ST",143,"S","N","2014-04-03",3401,"2013-08-01",2244,"190","2","5","5","0","0",,"0","002","-","N",,0,0,,,0,,,,"N",2,"A","-",22350,,"N","A","D","H","C","A","0","Y","A","01",1,0,0,0,1,0,0,0,0,"-","-","FOLSOM","SACRAMENTO","CA",0,0
"6160406",-121.1687731,38.6563751,2013,"3401","0","4","3","08",0,1,"A",,"Y",,,,1500,8,"H","G","A","SIBLEY ST","BLUE RAVINE RD",0,,"Y","2014-03-25",3401,"2013-08-01",1314,"209","4","5","5","0","0",,"0","004","-","N",,0,0,,,0,,,,"N",2,"A","-",22101,"D","N","A","H","-","A","A","0","Y","D","22",0,1,0,0,0,0,1,0,0,"-","-","FOLSOM","SACRAMENTO","CA",-121.17533,38.65083
"6160405",-121.1725031,38.673815,2013,"3401","0","6","4","03",0,3,"A",,,,,,1500,8,"C","C","A","RILEY ST","E BIDWELL ST",0,,"Y","2014-03-25",3401,"2013-08-03",1412,"197","2","5","5","0","0",,"0","002","-","N",,0,0,,,0,,,,"Y",3,"A","-",22350,,"N","A","H","-","A","A","0","Y","D","22",0,0,3,0,0,0,0,0,0,"-","-","FOLSOM","SACRAMENTO","CA",0,0
"6158823",-121.284783,38.581805,2013,"3490","0","6","4","12",0,1,"A",,,,,,900,6,"C","C","A","ZINFANDEL DR","INTERNATIONAL DR",0,,"Y","2014-03-07",3400,"2013-06-29",812,"777",,"5","5","0","0",,"0",,"-","N",,0,0,,,0,,,,"N",2,"A","-",21453,"A","N","A","H","-","A","A","0","Y","-","-",0,0,1,0,0,0,0,0,0,"-","-","RANCHO CORDOVA","SACRAMENTO","CA",0,0
"6158819",-121.3227075,38.5649919,2013,"3490","0","6","3","08",0,1,"A","Y",,,,,2400,6,"G","B","F","ORBIT CT","NEBULA WY",33,"S","N","2014-03-07",3400,"2013-06-29",2138,"232",,"5","5","0","0",,"0",,"-","N",,0,0,,,0,,,,"N",2,"A","-",22107,,"F","A","H","-","C","D","0","Y","-","-",0,1,0,0,1,0,0,0,0,"-","-","RANCHO CORDOVA","SACRAMENTO","CA",0,0
"6158815",0,0,2013,"3490","0","3","4","08",0,1,"A",,"Y",,,,2100,6,"B","G","A","ROUTIER RD","MILLS STATION RD",0,,"Y","2014-03-07",3400,"2013-06-26",1810,"03CSO","RC","5","5","0","0",,"0","005","-","N",,0,0,,,0,,,,"N",2,"A","-",22107,,"N","A","H","-","A","D","0","Y","A","08",0,0,1,0,0,0,1,0,0,"-","-","RANCHO CORDOVA","SACRAMENTO","CA",0,0
"6158811",-121.2835728,38.619339,2013,"3490","0","2","4","01",0,1,"A",,,,,"Y",1500,6,"B","I","A","AMBASSADOR DR","GIVET WY",271,"E","N","2014-04-26",3400,"2013-06-11",1358,"1291","RC","5","5","0","0",,"0","005","-","N",,0,0,,,0,,,,"N",1,"A","-",23152,"A","N","A","H","-","A","D","0","Y","A","01",0,0,1,0,0,0,0,0,0,"-","-","RANCHO CORDOVA","SACRAMENTO","CA",0,0
"6158505",-121.4479668,38.6374603,2013,"3404","0","1","4","06",0,1,"A",,,,,,1500,8,"B","C","A","ALTOS AV","MORRISON AV",60,"S","N","2014-03-27",3404,"2013-08-05",1307,"844","2","5","7","0","0",,"0","00A","-","N",,0,0,,,0,,,,"N",2,"A","-",21750,,"N","A","H","-","A","D","0","Y","D","22",0,0,1,0,0,0,0,0,0,"-","-","SACRAMENTO","SACRAMENTO","CA",0,0
"6158501",-121.4916132,38.542195,2013,"3404","0","3","2","09",0,1,"A",,,"Y",,,1500,7,"D","C","A","FREEPORT BL","13TH AV",0,,"Y","2014-03-22",3404,"2013-07-24",1328,"729","4A","5","7","0","0",,"0",,"-","N",,0,0,,,0,,,,"Y",2,"A","-",21801,"A","N","A","H","-","A","A","0","Y","D","22",1,0,0,0,0,0,0,0,1,"-","-","SACRAMENTO","SACRAMENTO","CA",0,0
"6158055",-121.3209874,38.6791118,2013,"3496","0","5","4","04",0,1,"A",,,,,,1500,4,"C","C","A","GREENBACK LN","AUBURN BL",75,"W","N","2014-03-25",3496,"2013-04-12",1430,"221",,"5","5","0","0",,"0",,"-","N",,0,0,,,0,,,,"N",2,"A","-",21703,,"N","A","H","-","A","A","0","Y","A","01",0,0,1,0,0,0,0,0,0,"-","-","CITRUS HEIGHTS","SACRAMENTO","CA",0,0
"6158048",-121.490729,38.495898,2013,"3404","0","1","4","03",0,1,"A",,,,,,1200,8,"E","I","A","FLORIN RD","21ST ST",150,"E","N","2014-04-08",3404,"2013-08-05",1026,"0718",,"5","7","0","0",,"0",,"-","N",,0,0,,,0,,,,"Y",1,"A","-",22350,,"N","A","H","-","A","A","0","Y","-","-",0,0,1,0,0,0,0,0,0,"-","-","SACRAMENTO","SACRAMENTO","CA",0,0
"6158036",-121.4719631,38.6553851,2013,"3404","0","4","4","00",0,2,"A",,,,,,1800,8,"D","C","A","MAIN AV","PELL DR",0,,"Y","2014-04-01",3404,"2013-08-01",1549,"0211",,"5","7","0","0",,"0","02A","-","N",,0,0,,,0,,,,"Y",2,"D","-",0,,"N","A","H","-","A","A","0","Y","-","-",0,0,2,0,0,0,0,0,0,"-","-","SACRAMENTO","SACRAMENTO","CA",0,0