"CASEID","POINT_X","POINT_Y","YEAR_","LOCATION","CHPTYPE","DAYWEEK","CRASHSEV","VIOLCAT","KILLED","INJURED","WEATHER1","PEDCOL","BICCOL","MCCOL","TRUCKCOL","ETOH","TIMECAT","MONTH_","CRASHTYP","INVOLVE","PED","PRIMARYRD","SECONDRD","DISTANCE","DIRECT","INTERSECT_","PROCDATE","JURIS","DATE_","TIME_","BADGE","JURIDIST","SHIFT","POP","SPECIAL","BEATTYPE","LAPDDIV","BEATCLAS","BEATNUMB","WEATHER2","STATEHW","CALTRANC","CALTRAND","STROUTE","ROUTESUF","POSTPRE","POSTMILE","LOCATYPE","RAMP","SIDEHW","TOWAWAY","PARTIES","PCF","VIOLCODE","VIOL","VIOLSUB","HITRUN","ROADSURF","RDCOND1","RDCOND2","LIGHTING","RIGHTWAY","CHPRDTYP","NOTPRIV","STFAULT","CHPFAULT","SEVINJ","OTHERINJ","COP","PEDKILL","PEDINJ","BICKILL","BICINJ","MCKILL","MCINJURE","RAMP1","RAMP2","CITY","COUNTY","STATE","X_CHP","Y_CHP"
"6137127",-121.4176207,38.6240661,2013,"3404","3","3","4","03",0,1,"A",,,,,,900,4,"C","C","A","RT 51","MARCONI AV",1584,"N","N","2014-02-15",9250,"2013-04-17",745,"012047",,"1","7","0","1",,"2","152","-","Y","SAC",3,51,"-","-",5.8,"H","-","S","Y",2,"A","-",22350,,"N","A","H","-","A","D","1","Y","A","01",0,0,1,0,0,0,0,0,0,"-","-","SACRAMENTO","SACRAMENTO","CA",0,0
"6137126",-121.4098374,38.6374792,2013,"3404","1","4","3","03",0,3,"A",,,,,,900,4,"C","C","A","RT 80","WINTERS AV",30,"W","N","2014-02-15",9250,"2013-04-11",800,"012047",,"1","7","0","1",,"2","181","-","Y","SAC",3,80,"-","M",8.71,"H","-","W","Y",4,"A","-",22350,,"N","A","H","-","A","D","1","Y","A","07",0,1,2,0,0,0,0,0,0,"-","-","SACRAMENTO","SACRAMENTO","CA",0,0
"6137125",-121.4986378,38.634588,2013,"3404","1","1","2","03",0,1,"A",,,"Y",,,1800,4,"C","C","A","RT 80","TRUXEL RD",25,"E","N","2014-02-15",9250,"2013-04-15",1701,"14810",,"2","7","0","1",,"2","182","-","Y","SAC",3,80,"-","M",3.64,"H","-","E","Y",2,"A","-",22350,,"N","A","H","-","A","D","1","Y","C","02",1,0,0,0,0,0,0,0,1,"-","-","SACRAMENTO","SACRAMENTO","CA",0,0
"6137124",-121.4197046,38.6387015,2013,"3404","1","1","4","03",0,1,"A",,,"Y",,,1800,4,"C","C","A","RT 80","RALEY BL",300,"E","N","2014-02-15",9250,"2013-04-22",1613,"14810",,"2","7","0","1",,"2","182","-","Y","SAC",3,80,"-","M",8.19,"H","-","E","Y",2,"A","-",22350,,"N","A","H","-","A","D","1","Y","C","02",0,0,1,0,0,0,0,0,1,"-","-","SACRAMENTO","SACRAMENTO","CA",0,0
"6137122",-121.3768078,38.6466626,2013,"3400","3","2","4","03",0,1,"A",,,,,,900,4,"C","C","A","RT 51","RT 244",270,"S","N","2014-02-15",9250,"2013-04-16",730,"012047",,"1","9","0","1",,"2","152","-","Y","SAC",3,51,"-","-",8.47,"H","-","S","N",2,"A","-",22350,,"N","A","H","-","A","D","1","Y","A","01",0,0,1,0,0,0,0,0,0,"-","-","UNINCORPORATED","SACRAMENTO","CA",0,0
"6137080",-121.354313,38.7037651,2013,"3400","4","3","4","09",0,3,"A",,,,,,2100,5,"A","C","A","ANTELOPE RD","ESTEEM DR",0,,"Y","2014-02-28",9250,"2013-05-15",1920,"012602",,"2","9","0","2",,"1","012","-","N",,0,0,,,0,,,,"Y",2,"A","-",21802,"A","N","A","H","-","A","A","0","Y","A","01",0,0,3,0,0,0,0,0,0,"-","-","UNINCORPORATED","SACRAMENTO","CA",0,0
"6137079",-121.3818434,38.7158768,2013,"3400","5","4","3","08",0,1,"A",,"Y",,,,1500,5,"H","G","A","AZTEC WY","DRIVER WY",65,"S","N","2014-02-28",9250,"2013-05-30",1210,"017762",,"1","9","0","3",,"2","010","-","N",,0,0,,,0,,,,"N",2,"A","-",22107,,"N","A","H","-","A","D","0","Y","L","04",0,1,0,0,0,0,1,0,0,"-","-","UNINCORPORATED","SACRAMENTO","CA",0,0
"6137078",-121.3459432,38.7029886,2013,"3400","5","5","4","03",0,1,"A",,,,,,1500,5,"C","C","A","DON JULIO BL","ANTELOPE RD",250,"S","N","2014-02-28",9250,"2013-05-31",1430,"017818",,"2","9","0","3",,"2","010","-","N",,0,0,,,0,,,,"N",2,"A","-",22350,,"N","A","H","-","A","D","0","Y","A","01",0,0,1,0,0,0,0,0,0,"-","-","UNINCORPORATED","SACRAMENTO","CA",0,0
"6137077",-121.3644866,38.7147947,2013,"3400","4","4","4","09",0,1,"A",,,,,,1800,5,"D","C","A","WALERGA RD","ELVERTA RD",528,"N","N","2014-02-28",9250,"2013-05-23",1510,"017482",,"2","9","0","2",,"1","013","-","N",,0,0,,,0,,,,"Y",2,"A","-",21804,"A","N","A","H","-","A","D","0","Y","A","01",0,0,1,0,0,0,0,0,0,"-","-","UNINCORPORATED","SACRAMENTO","CA",0,0
"6137076",-121.3416777,38.6863085,2013,"3400","4","3","4","09",0,1,"A",,,"Y",,,2100,5,"D","C","A","ELKHORN BL","CARTER WY",133,"E","N","2014-02-28",9250,"2013-05-22",1841,"017482",,"2","9","0","2",,"1","014","-","N",,0,0,,,0,,,,"Y",2,"A","-",21801,"B","N","A","H","-","A","D","0","Y","C","02",0,0,1,0,0,0,0,0,1,"-","-","UNINCORPORATED","SACRAMENTO","CA",0,0
"6137075",-121.3468629,38.6896912,2013,"3400","4","2","4","07",0,1,"B",,,,,,900,5,"B","C","A","ELKHORN BL","HILLSDALE BL",170,"W","N","2014-02-28",9250,"2013-05-28",740,"015423",,"1","9","0","2",,"1","014","-","N",,0,0,,,0,,,,"Y",2,"A","-",21658,"A","N","A","H","-","A","A","0","Y","A","01",0,0,1,0,0,0,0,0,0,"-","-","UNINCORPORATED","SACRAMENTO","CA",0,0
"6137074",-121.3830731,38.5957651,2013,"3400","4","1","4","12",0,2,"A",,,,,,2100,5,"D","C","A","WATT AV","ARDEN WY",0,,"Y","2014-02-28",9250,"2013-05-27",2045,"012931",,"2","9","0","2",,"1","045","-","N",,0,0,,,0,,,,"Y",2,"A","-",21453,"A","N","B","H","-","C","A","0","Y","A","07",0,0,2,0,0,0,0,0,0,"-","-","UNINCORPORATED","SACRAMENTO","CA",0,0
"6137073",-121.4678209,38.5593176,2013,"3400","5","1","4","03",0,1,"B",,,,,,1200,5,"E","I","A","U ST","34TH ST",327,"W","N","2014-02-28",9250,"2013-05-27",1150,"013997",,"1","9","0","3",,"2","060","-","N",,0,0,,,0,,,,"Y",1,"A","-",22350,,"N","A","H","-","A","D","0","Y","A","01",0,0,1,0,0,0,0,0,0,"-","-","UNINCORPORATED","SACRAMENTO","CA",0,0
"6137072",-121.4153631,38.6036014,2013,"3400","4","4","4","21",0,1,"A",,,,,,2100,5,"C","C","A","HOWE AV","COTTAGE WY",5,"S","N","2014-02-28",9250,"2013-05-30",1940,"017863",,"2","9","0","2",,"1","041","-","N",,0,0,,,0,,,,"N",2,"A","-",22106,,"N","A","H","-","A","A","0","Y","A","01",0,0,1,0,0,0,0,0,0,"-","-","UNINCORPORATED","SACRAMENTO","CA",0,0
"6137071",-121.3374031,38.592885,2013,"3400","5","2","3","11",0,1,"A","Y",,,,,1500,5,"G","B","B","GARY WY","IVANHOE WY",0,,"Y","2014-02-28",9250,"2013-05-28",1440,"012470",,"2","9","0","3",,"2","050","-","N",,0,0,,,0,,,,"N",2,"A","-",21950,"B","N","A","H","-","A","D","0","Y","N","60",0,1,0,0,1,0,0,0,0,"-","-","UNINCORPORATED","SACRAMENTO","CA",0,0
"6137070",-121.3268105,38.6809992,2013,"3400","4","3","3","03",0,3,"A",,,,,,1800,5,"C","C","A","GREENBACK LN","INDIAN RIVER DR",600,"W","N","2014-02-28",9250,"2013-05-29",1724,"012229",,"2","9","0","2",,"1","022","-","N",,0,0,,,0,,,,"Y",4,"A","-",22350,,"N","A","H","-","A","D","0","Y","A","01",0,2,1,0,0,0,0,0,0,"-","-","UNINCORPORATED","SACRAMENTO","CA",-121.32676,38.68114
"6137069",-121.3718133,38.6863964,2013,"3400","5","3","2","08",0,1,"A",,,,,,1200,5,"H","A","A","MELROSE AV","STONEMAN DR",5,"N","N","2014-02-28",9250,"2013-05-29",959,"017369",,"1","9","0","3",,"2","010","-","N",,0,0,,,0,,,,"N",1,"A","-",22107,,"F","A","H","-","A","D","0","Y","A","08",1,0,0,0,0,0,0,0,0,"-","-","UNINCORPORATED","SACRAMENTO","CA",0,0
"6137068",-121.4056734,38.581551,2013,"3400","5","7","2","11",0,1,"A","Y",,,,,2100,5,"G","B","D","NORTHROP AV","DORNAJO WY",120,"E","N","2014-02-28",9250,"2013-05-19",1800,"016419",,"2","9","0","3",,"2","040","-","N",,0,0,,,0,,,,"N",2,"A","-",21954,"A","N","A","H","-","A","D","0","Y","N","60",1,0,0,0,1,0,0,0,0,"-","-","UNINCORPORATED","SACRAMENTO","CA",0,0
"6137067",-121.3829837,38.664568,2013,"3400","4","4","4","08",0,1,"A",,,,,,1800,5,"E","I","A","WATT AV","WINGS WY",12,"N","N","2014-02-28",9250,"2013-05-30",1734,"017482",,"2","9","0","2",,"1","011","-","N",,0,0,,,0,,,,"Y",1,"A","-",22107,,"N","A","H","-","A","D","0","Y","A","07",0,0,1,0,0,0,0,0,0,"-","-","UNINCORPORATED","SACRAMENTO","CA",0,0
"6137066",-121.3413887,38.6109562,2013,"3400","5","2","4","08",0,2,"A",,,,,,2400,5,"E","I","A","GUNN RD","EL CAMINO AV",350,"N","N","2014-02-28",9250,"2013-05-14",2355,"016141",,"3","9","0","3",,"2","050","-","N",,0,0,,,0,,,,"Y",1,"A","-",22107,,"N","A","H","-","D","D","0","Y","A","01",0,0,2,0,0,0,0,0,0,"-","-","UNINCORPORATED","SACRAMENTO","CA",0,0
"6137065",-121.3304514,38.7027239,2013,"3400","4","7","2","08",0,1,"A",,,,,,600,5,"F","A","A","ANTELOPE RD","ROSEVILLE RD",400,"E","N","2014-02-28",9250,"2013-05-05",545,"018656",,"3","9","0","2",,"1","012","-","N",,0,0,,,0,,,,"Y",1,"A","-",22107,,"F","A","H","-","B","D","0","Y","A","01",1,0,0,0,0,0,0,0,0,"-","-","UNINCORPORATED","SACRAMENTO","CA",0,0
"6137064",-121.3244587,38.6332419,2013,"3400","5","5","3","11",0,1,"A","Y",,,,,2100,5,"G","B","E","SUTTER AV","OLIVEBRANCH LN",47,"E","N","2014-02-28",9250,"2013-05-31",1800,"015917",,"2","9","0","3",,"2","050","-","N",,0,0,,,0,,,,"N",2,"A","-",21955,,"N","A","H","-","A","D","0","Y","N","60",0,1,0,0,1,0,0,0,0,"-","-","UNINCORPORATED","SACRAMENTO","CA",0,0
"6137063",-121.3645632,38.6284551,2013,"3400","5","3","3","08",0,1,"A",,"Y",,,,1800,5,"H","G","A","WHITNEY AV","EASTERN AV",20,"W","N","2014-02-28",9250,"2013-05-29",1730,"016225",,"2","9","0","3",,"2","040","-","N",,0,0,,,0,,,,"N",2,"A","-",22107,,"N","A","H","-","A","D","0","Y","A","07",0,1,0,0,0,0,1,0,0,"-","-","UNINCORPORATED","SACRAMENTO","CA",0,0
"6137062",-121.3557149,38.7037773,2013,"3400","4","6","4","03",0,1,"A",,,,,,1500,5,"C","C","A","ANTELOPE RD","ESTEEM DR",400,"W","N","2014-02-28",9250,"2013-05-25",1210,"017762",,"1","9","0","2",,"1","012","-","N",,0,0,,,0,,,,"N",2,"A","-",22350,,"N","A","H","-","A","A","0","Y","A","01",0,0,1,0,0,0,0,0,0,"-","-","UNINCORPORATED","SACRAMENTO","CA",0,0
"6137061",-121.3043682,38.649103,2013,"3400","4","5","2","11",0,1,"A","Y",,,,,2400,5,"G","B","E","WINDING WY","RUSTIC RD",50,"W","N","2014-02-28",9250,"2013-05-24",2350,"018791",,"3","9","0","2",,"1","026","-","N",,0,0,,,0,,,,"N",2,"A","-",21956,"A","N","A","H","-","C","D","0","Y","N","60",1,0,0,0,1,0,0,0,0,"-","-","UNINCORPORATED","SACRAMENTO","CA",0,0
"6137060",-121.4998238,38.6339614,2013,"3400","1","5","4","07",0,1,"A",,,,,,2100,5,"B","C","A","RT 80","TRUXEL RD",300,"W","N","2014-02-28",9250,"2013-05-31",2025,"016419",,"2","9","0","1",,"2","182","-","Y","SAC",3,80,"-","M",3.58,"H","-","E","Y",2,"A","-",21658,"A","N","A","H","-","B","D","1","Y","A","01",0,0,1,0,0,0,0,0,0,"-","-","UNINCORPORATED","SACRAMENTO","CA",0,0
"6137059",-121.4829912,38.6401995,2013,"3404","1","2","3","07",0,1,"A",,,,,,2400,5,"B","C","A","RT 80","NORTHGATE BL",1000,"W","N","2014-03-29",9250,"2013-05-14",2155,"018115",,"2","7","0","1",,"2","181","-","Y","SAC",3,80,"-","M",4.79,"H","-","W","Y",2,"A","-",21658,"A","N","A","H","-","C","D","1","Y","-","-",0,1,0,0,0,0,0,0,0,"-","-","SACRAMENTO","SACRAMENTO","CA",0,0
"6137058",-121.4075122,38.6281462,2013,"3404","3","2","3","07",0,2,"A",,,,,,2100,5,"E","I","A","RT 51","FULTON AV",2200,"N","N","2014-02-28",9250,"2013-05-14",1935,"014142",,"2","7","0","1",,"2","152","-","Y","SAC",3,51,"-","-",6.41,"H","-","S","Y",2,"A","-",21658,"A","F","A","H","-","A","D","1","Y","A","01",0,2,0,0,0,0,0,0,0,"-","-","SACRAMENTO","SACRAMENTO","CA",0,0
"6137057",-121.3788705,38.6436321,2013,"3404","3","3","4","07",0,3,"A",,,,,,2100,5,"E","I","A","RT 51","WATT AV",2000,"N","N","2014-02-28",9250,"2013-05-15",1920,"014142",,"2","7","0","1",,"2","151","-","Y","SAC",3,51,"-","-",8.35,"H","-","N","Y",1,"A","-",21658,"A","N","A","H","-","A","D","1","Y","A","01",0,0,3,0,0,0,0,0,0,"-","-","SACRAMENTO","SACRAMENTO","CA",0,0
"6137056",-121.3884031,38.6442151,2013,"3404","1","7","4","05",0,1,"A",,"Y",,,,1800,5,"H","G","A","RT 80","WATT AV",10,"W","N","2014-02-28",9250,"2013-05-19",1725,"017682",,"2","7","0","1",,"2","184","-","Y","SAC",3,80,"-","M",10.146,"R","1","E","N",2,"A","-",21650,"1","N","A","H","-","A","A","1","Y","L","04",0,0,1,0,0,0,1,0,0,"-","-","SACRAMENTO","SACRAMENTO","CA",0,0
"6137055",-121.5052944,38.6009,2013,"3404","1","4","4","03",0,1,"A",,,,,,1800,5,"C","C","A","RT 5","RICHARDS BL",1000,"N","N","2014-02-28",9250,"2013-05-23",1725,"014142",,"2","7","0","1",,"2","106","-","Y","SAC",3,5,"-","-",24.86,"H","-","S","N",2,"A","-",22350,,"N","A","H","-","A","D","1","Y","A","07",0,0,1,0,0,0,0,0,0,"-","-","SACRAMENTO","SACRAMENTO","CA",0,0
"6137053",-121.3564131,38.6642251,2013,"3400","1","1","3","03",0,3,"A",,,,,,1800,5,"C","C","A","RT 80","MADISON AV",775,"E","N","2014-02-28",9250,"2013-05-20",1712,"014142",,"2","9","0","1",,"2","184","-","Y","SAC",3,80,"-","-",12.648,"R","1","E","Y",2,"A","-",22350,,"N","A","H","-","A","A","1","Y","A","01",0,1,2,0,0,0,0,0,0,"-","-","UNINCORPORATED","SACRAMENTO","CA",0,0
"6137052",-121.505268,38.6310583,2013,"3404","1","2","4","07",0,1,"A",,,,,,900,5,"F","A","A","RT 80","SAN JUAN RD",2640,"E","N","2014-02-28",9250,"2013-05-21",817,"013997",,"1","7","0","1",,"2","182","-","Y","SAC",3,80,"-","M",3.37,"H","-","E","Y",2,"A","-",21658,"A","F","A","H","-","A","D","1","Y","-","99",0,0,1,0,0,0,0,0,0,"-","-","SACRAMENTO","SACRAMENTO","CA",0,0
"6137051",-121.5046459,38.59954,2013,"3404","1","4","3","03",0,1,"A",,,,,,1800,5,"C","C","A","RT 5","RICHARDS BL",500,"N","N","2014-02-28",9250,"2013-05-23",1640,"014142",,"2","7","0","1",,"2","106","-","Y","SAC",3,5,"-","-",24.76,"H","-","S","Y",3,"A","-",22350,,"N","A","H","-","A","D","0","Y","A","01",0,1,0,0,0,0,0,0,0,"-","-","SACRAMENTO","SACRAMENTO","CA",0,0
"6137050",-121.3444902,38.6758467,2013,"3400","1","6","4","08",0,1,"A",,,,,,2100,5,"E","I","A","RT 80","FOOTHILL FARMS PED",450,"E","N","2014-02-28",9250,"2013-05-18",2015,"015369",,"2","9","0","1",,"2","183","-","Y","SAC",3,80,"-","-",13.83,"H","-","W","Y",1,"A","-",22107,,"N","A","H","-","B","D","1","Y","A","07",0,0,1,0,0,0,0,0,0,"-","-","UNINCORPORATED","SACRAMENTO","CA",0,0
"6137049",-121.3393831,38.6799551,2013,"3400","4","5","4","03",0,2,"A",,,,,,1800,5,"C","C","A","GREENBACK LN","RT 80",30,"W","N","2014-02-28",9250,"2013-05-17",1535,"015369",,"2","9","0","2",,"1","022","-","Y","SAC",3,80,"-","-",14.274,"R","4","E","N",4,"A","-",22350,,"N","A","H","-","A","D","1","Y","A","07",0,0,2,0,0,0,0,0,0,"-","-","UNINCORPORATED","SACRAMENTO","CA",0,0
"6137048",-121.3830217,38.5760724,2013,"3400","4","1","4","03",0,3,"A",,,,,,1800,5,"C","C","A","WATT AV","SAN LUCAS WY",50,"N","N","2014-02-28",9250,"2013-05-20",1515,"012818",,"2","9","0","2",,"1","045","-","N",,0,0,,,0,,,,"N",2,"A","-",22350,,"N","A","H","-","A","A","0","Y","A","01",0,0,3,0,0,0,0,0,0,"-","-","UNINCORPORATED","SACRAMENTO","CA",0,0
"6137047",-121.3151909,38.6680851,2013,"3400","5","1","4","03",0,1,"A",,,,,,1500,5,"C","C","A","COYLE AV","MILBURN ST",85,"W","N","2014-02-28",9250,"2013-05-20",1350,"012470",,"1","9","0","3",,"2","020","-","N",,0,0,,,0,,,,"N",2,"A","-",22350,,"N","A","H","-","A","D","0","Y","A","01",0,0,1,0,0,0,0,0,0,"-","-","UNINCORPORATED","SACRAMENTO","CA",0,0
"6137046",-121.3637079,38.6972012,2013,"3400","4","3","4","03",0,2,"A",,,,,,1500,5,"C","C","A","WALERGA RD","GALBRATH DR",158,"S","N","2014-02-28",9250,"2013-05-29",1416,"017482",,"2","9","0","2",,"1","013","-","N",,0,0,,,0,,,,"Y",3,"A","-",22350,,"N","A","H","-","A","A","0","Y","A","01",0,0,2,0,0,0,0,0,0,"-","-","UNINCORPORATED","SACRAMENTO","CA",0,0
"6137045",-121.3285929,38.6179553,2013,"3400","4","2","4","09",0,1,"A",,,,,,1800,5,"D","C","A","FAIR OAKS BL","MARCONI AV",350,"N","N","2014-02-28",9250,"2013-05-28",1745,"14281",,"2","9","0","2",,"1","053","-","N",,0,0,,,0,,,,"Y",2,"A","-",21804,"A","N","A","H","-","A","D","0","Y","A","08",0,0,1,0,0,0,0,0,0,"-","-","UNINCORPORATED","SACRAMENTO","CA",0,0
"6137044",-121.3697715,38.6908418,2013,"3400","5","2","2","03",0,1,"A",,"Y",,,,1800,5,"H","G","A","LARCHMONT DR","GOTHBERG AV",32,"N","N","2014-02-28",9250,"2013-05-28",1737,"017482",,"2","9","0","3",,"2","010","-","N",,0,0,,,0,,,,"N",1,"A","-",22350,,"N","A","H","-","A","A","0","Y","L","04",1,0,0,0,0,0,1,0,0,"-","-","UNINCORPORATED","SACRAMENTO","CA",0,0
"6137043",-121.3272331,38.671675,2013,"3400","5","3","4","10",0,1,"B","Y",,,,,900,5,"G","B","B","HILLTOP DR","MANZANITA AV",0,,"Y","2014-02-28",9250,"2013-05-08",720,"012470",,"1","9","0","3",,"2","020","-","N",,0,0,,,0,,,,"N",2,"A","-",21950,"A","N","A","H","-","A","A","0","Y","A","01",0,0,1,0,1,0,0,0,0,"-","-","UNINCORPORATED","SACRAMENTO","CA",0,0
"6137042",-121.3493519,38.6812156,2013,"3400","4","4","4","09",0,2,"A",,,,,,1500,5,"E","I","A","HILLSDALE BL","MCCLOUD DR",5,"N","N","2014-02-28",9250,"2013-05-30",1230,"017482",,"1","9","0","2",,"1","017","-","N",,0,0,,,0,,,,"N",2,"A","-",21801,"A","N","A","H","-","A","D","0","Y","A","01",0,0,2,0,0,0,0,0,0,"-","-","UNINCORPORATED","SACRAMENTO","CA",0,0
"6137041",-121.3554281,38.5954551,2013,"3400","4","5","4","21",0,1,"A",,,,,,1800,5,"C","C","A","ARDEN WY","MISSION AV",50,"W","N","2014-02-28",9250,"2013-05-31",1525,"017752",,"2","9","0","2",,"1","056","-","N",,0,0,,,0,,,,"N",2,"A","-",22106,,"N","A","H","-","A","A","0","Y","A","01",0,0,1,0,0,0,0,0,0,"-","-","UNINCORPORATED","SACRAMENTO","CA",0,0
"6137040",-121.3225656,38.6680153,2013,"3400","5","2","4","03",0,1,"A",,,,,,1200,5,"C","C","A","COYLE AV","WOODLEIGH DR",5,"E","N","2014-03-01",9250,"2013-05-21",1030,"15423",,"1","9","0","3",,"2","020","-","N",,0,0,,,0,,,,"Y",2,"A","-",22350,,"N","A","H","-","A","A","0","Y","A","01",0,0,1,0,0,0,0,0,0,"-","-","UNINCORPORATED","SACRAMENTO","CA",0,0
"6137039",-121.3831318,38.5739864,2013,"3400","4","4","4","21",0,1,"A",,,,,,1200,5,"C","C","A","WATT AV","FAIR OAKS BL",25,"S","N","2014-03-01",9250,"2013-05-23",940,"17509",,"1","9","0","2",,"1","045","-","N",,0,0,,,0,,,,"Y",2,"A","-",22106,,"N","A","H","-","A","A","0","Y","A","01",0,0,1,0,0,0,0,0,0,"-","-","UNINCORPORATED","SACRAMENTO","CA",0,0
"6136625",-121.2696189,38.6434464,2013,"3400","5","1","4","09",0,1,"A",,,,,,2100,7,"B","C","A","FAIR OAKS BL","WINDING WY",56,"W","N","2014-03-22",9260,"2013-07-08",1945,"018456",,"2","9","0","3",,"2","003","-","N",,0,0,,,0,,,,"N",2,"A","-",21802,"A","F","A","H","-","A","A","0","Y","A","01",0,0,1,0,0,0,0,0,0,"-","-","UNINCORPORATED","SACRAMENTO","CA",0,0
"6136553",-121.2593391,38.5756211,2013,"3490","0","2","3","03",0,2,"A",,,,,,900,4,"C","C","A","SUNRISE BL","FITZGERALD RD",400,"S","N","2014-02-13",3400,"2013-04-30",825,"480",,"5","5","0","0",,"0",,"-","Y",,0,0,,,0,,,,"Y",2,"A","-",22350,,"N","A","H","-","A","A","0","Y","-","-",0,1,1,0,0,0,0,0,0,"-","-","RANCHO CORDOVA","SACRAMENTO","CA",0,0
"6136466",-121.2879339,38.5936897,2013,"3490","0","4","4","03",0,1,"A",,,,,,300,5,"E","I","A","OLSON DR","ZINFANDEL DR",17,"E","N","2014-02-26",3400,"2013-05-02",202,"1256","RC","5","5","0","0",,"0","005","-","N",,0,0,,,0,,,,"N",1,"A","-",22350,,"N","A","H","-","C","A","0","Y","A","01",0,0,1,0,0,0,0,0,0,"-","-","RANCHO CORDOVA","SACRAMENTO","CA",0,0
"6136462",-121.2874431,38.580675,2013,"3490","0","3","2","09",0,1,"A",,,,,,1200,5,"D","C","A","INTERNATIONAL DR","QUALITY DR",0,,"Y","2014-02-26",3400,"2013-05-29",1112,"1033",,"5","5","0","0",,"0",,"-","N",,0,0,,,0,,,,"Y",2,"A","-",21801,"A","N","A","H","-","A","D","0","Y","-","-",1,0,0,0,0,0,0,0,0,"-","-","RANCHO CORDOVA","SACRAMENTO","CA",0,0
"6136458",-121.2888797,38.5959016,2013,"3490","0","3","4","08",0,1,"A",,,,,,1500,5,"C","C","A","ZINFANDEL DR","FOLSOM BL",40,"S","N","2014-02-26",3400,"2013-05-01",1445,"1033",,"5","5","0","0",,"0",,"-","N",,0,0,,,0,,,,"N",2,"A","-",22107,,"N","A","H","-","A","D","0","Y","-","-",0,0,1,0,0,0,0,0,0,"-","-","RANCHO CORDOVA","SACRAMENTO","CA",0,0
"6136447",0,0,2013,"3450","0","1","3","12",0,2,"A",,,,,,2100,7,"D","C","A","BIG HORN BL","CIVIC CENTER DR",0,,"Y","2014-03-11",340,"2013-07-08",1812,"10060","4201","5","5","0","0",,"0","004","-","N",,0,0,,,0,,,,"Y",2,"A","-",21453,"A","N","A","H","-","A","A","0","Y","A","01",0,1,1,0,0,0,0,0,0,"-","-","ELK GROVE","SACRAMENTO","CA",0,0
"6136443",-121.3141214,38.430905,2013,"3450","0","5","4","01",0,1,"A",,,,,"Y",2400,7,"F","A","A","PLEASANT GROVE SCHOOL RD","MACKEY RD",750,"W","N","2014-03-11",340,"2013-07-05",2140,"10150","3601","5","5","0","0",,"0","003","-","N",,0,0,,,0,,,,"Y",1,"A","-",23152,"A","N","A","H","-","D","D","0","Y","A","01",0,0,1,0,0,0,0,0,0,"-","-","ELK GROVE","SACRAMENTO","CA",0,0
"6136442",-121.3360892,38.5567851,2013,"3490","0","2","2","03",0,1,"A",,"Y",,,,2100,5,"C","G","A","OLD PLACERVILLE RD","BRADSHAW RD",50,"E","N","2014-02-26",3400,"2013-05-28",1926,"969",,"5","5","0","0",,"0",,"-","N",,0,0,,,0,,,,"N",2,"A","-",22350,,"F","A","H","-","A","A","0","Y","-","-",1,0,0,0,0,0,1,0,0,"-","-","RANCHO CORDOVA","SACRAMENTO","CA",0,0
"6136439",-121.3592529,38.3735193,2013,"3450","0","2","4","09",0,1,"A",,,,,,2100,7,"A","C","A","KAMMERER RD","RT 99",0,,"Y","2014-03-11",340,"2013-07-02",1843,"10076","0","5","5","0","0",,"0",,"-","Y","SAC",3,99,"-","-",9.877,"R","4","S","N",2,"A","-",21801,"A","N","A","H","-","A","A","0","Y","A","07",0,0,1,0,0,0,0,0,0,"-","-","ELK GROVE","SACRAMENTO","CA",0,0
"6136430",-121.289683,38.584895,2013,"3490","0","5","4","12",0,1,"A",,,,,,1500,5,"D","C","A","DATA DR","QUALITY DR",0,,"Y","2014-02-26",3400,"2013-05-31",1232,"108","RC","5","5","0","0",,"0","005","-","N",,0,0,,,0,,,,"Y",2,"A","-",22450,"A","N","D","H","-","A","A","0","Y","A","08",0,0,1,0,0,0,0,0,0,"-","-","RANCHO CORDOVA","SACRAMENTO","CA",0,0
"6136427",0,0,2013,"3450","0","4","4","09",0,1,"A",,,,,,2400,7,"D","C","A","MAGNOLIA HILL WY","TERRIORIAL WY",0,,"Y","2015-01-22",340,"2013-07-04",2306,"10336","3103","5","5","0","0",,"0","003","-","N",,0,0,,,0,,,,"N",2,"A","-",21800,"B","N","A","H","-","C","D","0","Y","A","01",0,0,1,0,0,0,0,0,0,"-","-","ELK GROVE","SACRAMENTO","CA",0,0
"6136416",-121.482178,38.4958451,2013,"3404","0","1","4","03",0,3,"A",,,,,,1800,7,"C","C","A","FLORIN RD","24TH ST",156,"E","N","2014-03-11",3404,"2013-07-01",1726,"859",,"5","7","0","0",,"0","04B","-","N",,0,0,,,0,,,,"Y",3,"A","-",22350,,"N","A","H","-","A","A","0","Y","A","01",0,0,3,0,0,0,0,0,0,"-","-","SACRAMENTO","SACRAMENTO","CA",0,0