"CASEID","POINT_X","POINT_Y","YEAR_","LOCATION","CHPTYPE","DAYWEEK","CRASHSEV","VIOLCAT","KILLED","INJURED","WEATHER1","PEDCOL","BICCOL","MCCOL","TRUCKCOL","ETOH","TIMECAT","MONTH_","CRASHTYP","INVOLVE","PED","PRIMARYRD","SECONDRD","DISTANCE","DIRECT","INTERSECT_","PROCDATE","JURIS","DATE_","TIME_","BADGE","JURIDIST","SHIFT","POP","SPECIAL","BEATTYPE","LAPDDIV","BEATCLAS","BEATNUMB","WEATHER2","STATEHW","CALTRANC","CALTRAND","STROUTE","ROUTESUF","POSTPRE","POSTMILE","LOCATYPE","RAMP","SIDEHW","TOWAWAY","PARTIES","PCF","VIOLCODE","VIOL","VIOLSUB","HITRUN","ROADSURF","RDCOND1","RDCOND2","LIGHTING","RIGHTWAY","CHPRDTYP","NOTPRIV","STFAULT","CHPFAULT","SEVINJ","OTHERINJ","COP","PEDKILL","PEDINJ","BICKILL","BICINJ","MCKILL","MCINJURE","RAMP1","RAMP2","CITY","COUNTY","STATE","X_CHP","Y_CHP"
"6133647",-121.4534825,38.5033121,2013,"3404","3","2","4","03",0,4,"A",,,,,"Y",900,6,"C","C","A","RT 99","47TH AV",2112,"N","N","2014-03-07",9252,"2013-06-18",755,"15006",,"1","7","0","1",,"2","192","-","Y","SAC",3,99,"-","-",20.26,"H","-","N","Y",3,"A","-",22350,,"N","A","H","-","A","D","1","Y","A","07",0,0,4,0,0,0,0,0,0,"-","-","SACRAMENTO","SACRAMENTO","CA",-121.1937,38.1591
"6133643",-121.4604275,38.5840752,2013,"3404","3","6","4","03",0,1,"A",,,,,,300,6,"E","I","A","RT 51","CAL TRANS SERVICE RD",622,"N","N","2014-03-07",9252,"2013-06-08",140,"18986",,"3","7","0","1",,"2","193","-","Y","SAC",3,51,"-","-",1.89,"H","-","S","Y",1,"A","-",22350,,"F","A","H","-","C","A","1","Y","A","01",0,0,1,0,0,0,0,0,0,"-","-","SACRAMENTO","SACRAMENTO","CA",-121.46219,38.58274
"6133633",-121.4455731,38.4958651,2013,"3400","3","7","4","01",0,1,"A",,,"Y",,"Y",2100,6,"F","A","A","RT 99","FLORIN RD",100,"S","N","2014-03-10",9252,"2013-06-30",2005,"18119",,"2","9","0","1",,"2","192","-","Y","SAC",3,99,"-","-",19.516,"R","2","N","Y",1,"A","-",23152,"A","N","A","H","-","A","D","1","Y","C","02",0,0,1,0,0,0,0,0,1,"FR","-","UNINCORPORATED","SACRAMENTO","CA",-121.44409,38.49524
"6133629",-121.3340419,38.5108651,2013,"3400","5","2","3","08",0,1,"A",,,,,,2100,6,"E","I","A","ELDER CREEK RD","BRADSHAW RD",255,"E","N","2014-03-10",9252,"2013-06-25",2055,"17099",,"2","9","0","3",,"2","076","-","N",,0,0,,,0,,,,"Y",1,"A","-",22107,,"N","A","H","-","D","D","0","Y","A","01",0,1,0,0,0,0,0,0,0,"-","-","UNINCORPORATED","SACRAMENTO","CA",-121.33158,38.51099
"6133625",-121.4543724,38.4961594,2013,"3400","5","2","4","09",0,1,"A","Y",,,,,1200,6,"G","B","E","FLORIN RD","BOWLING DR",315,"E","N","2014-03-10",9252,"2013-06-18",930,"14699",,"1","9","0","3",,"2","070","-","N",,0,0,,,0,,,,"N",2,"A","-",21804,"A","N","A","H","-","A","D","0","Y","A","01",0,0,1,0,1,0,0,0,0,"-","-","UNINCORPORATED","SACRAMENTO","CA",-121.4538,38.4962
"6133621",-121.4238431,38.484945,2013,"3400","4","7","4","09",0,2,"A",,,,,,1500,6,"D","C","A","STOCKTON BL","WALTER AV",0,,"Y","2014-03-10",9252,"2013-06-23",1338,"18787",,"1","9","0","2",,"2","073","-","N",,0,0,,,0,,,,"N",2,"A","-",21801,"A","N","A","H","-","A","D","0","Y","A","01",0,0,2,0,0,0,0,0,0,"-","-","UNINCORPORATED","SACRAMENTO","CA",-121.42379,38.48494
"6133619",-121.4052731,38.481715,2013,"3400","4","3","4","00",0,1,"A",,,,,,1800,6,"D","C","A","GERBER RD","FERNRIDGE DR",0,,"Y","2014-03-06",9252,"2013-06-05",1530,"16747",,"2","9","0","2",,"2","073","-","N",,0,0,,,0,,,,"N",2,"D","-",0,,"N","A","H","-","A","A","0","Y","-","-",0,0,1,0,0,0,0,0,0,"-","-","UNINCORPORATED","SACRAMENTO","CA",-121.40542,38.48162
"6133617",-121.3736965,38.4525413,2013,"3400","4","4","4","03",0,1,"A",,,,,,1800,6,"D","C","A","CALVINE RD","ELK GROVE FLORIN RD",650,"E","N","2014-03-10",9252,"2013-06-20",1645,"19071",,"2","9","0","2",,"2","073","-","N",,0,0,,,0,,,,"Y",2,"A","-",22350,,"N","A","H","-","A","D","0","Y","A","01",0,0,1,0,0,0,0,0,0,"-","-","UNINCORPORATED","SACRAMENTO","CA",-121.36953,38.4528
"6133611",-121.4352027,38.5003156,2013,"3400","5","3","3","11",0,1,"A",,"Y",,,,1800,6,"D","G","A","65TH ST","SKY PKWY",3,"E","N","2014-03-07",9252,"2013-06-05",1555,"17134",,"2","9","0","3",,"2","070","-","N",,0,0,,,0,,,,"N",2,"A","-",21456,"A","N","A","H","-","A","A","0","Y","L","04",0,1,0,0,0,0,1,0,0,"-","-","UNINCORPORATED","SACRAMENTO","CA",-121.43501,38.50022
"6133600",0,0,2013,"3400","4","6","4","01",0,1,"A",,,,,"Y",600,7,"E","I","A","CALVINE RD","AUBERRY DR",300,"W","N","2014-03-10",9252,"2013-07-06",553,"018423",,"3","9","0","2",,"2","073","-","N",,0,0,,,0,,,,"Y",1,"A","-",23152,"A","N","A","H","-","A","D","0","Y","A","01",0,0,1,0,0,0,0,0,0,"-","-","UNINCORPORATED","SACRAMENTO","CA",-121.40331,38.45591
"6133532",-121.4521516,38.5852516,2013,"3404","3","6","3","01",0,3,"A",,,,,"Y",300,7,"E","I","A","RT 51","ELVAS RXR",518,"S","N","2014-03-10",9252,"2013-07-06",217,"018872",,"3","7","0","1",,"2","193","-","Y","SAC",3,51,"-","-",2.34,"H","-","N","Y",1,"A","-",23152,"A","N","A","H","-","C","D","1","Y","A","01",0,3,0,0,0,0,0,0,0,"-","-","SACRAMENTO","SACRAMENTO","CA",-121.46354,38.58117
"6133198",0,0,2013,"3400","5","3","4","03",0,2,"A",,,,,,900,6,"D","C","A","CLAY STATION RD","STABLEGATE RD",0,,"Y","2014-03-06",9252,"2013-06-26",830,"016616",,"1","9","0","3",,"2","080","-","N",,0,0,,,0,,,,"Y",2,"A","-",22350,,"N","A","H","-","A","D","0","Y","A","01",0,0,2,0,0,0,0,0,0,"-","-","UNINCORPORATED","SACRAMENTO","CA",-121.17994,38.41593
"6133194",0,0,2013,"3400","4","4","4","03",0,1,"A",,,,,,2100,6,"C","C","A","CALVINE RD","CLIFFCREST DR",300,"W","N","2014-03-06",9252,"2013-06-13",1945,"016747",,"2","9","0","2",,"2","073","-","N",,0,0,,,0,,,,"Y",2,"A","-",22350,,"N","A","H","-","A","A","0","Y","A","01",0,0,1,0,0,0,0,0,0,"-","-","UNINCORPORATED","SACRAMENTO","CA",-121.39702,38.45327
"6133190",-121.4283231,38.502405,2013,"3400","4","6","4","09",0,1,"A",,,,,,2100,6,"D","C","A","65TH ST","53RD AV",0,,"Y","2014-03-06",9252,"2013-06-29",1945,"019071",,"2","9","0","2",,"2","073","-","N",,0,0,,,0,,,,"Y",2,"A","-",21801,"A","M","A","H","-","A","D","0","Y","A","01",0,0,1,0,0,0,0,0,0,"-","-","UNINCORPORATED","SACRAMENTO","CA",-121.42846,38.50246
"6133170",-121.5188577,38.5038482,2013,"3404","1","5","3","08",0,2,"A",,,,,"Y",1800,6,"D","C","A","RT 5","FLORIN RD",2478,"N","N","2014-03-06",9252,"2013-06-28",1715,"018159",,"2","7","0","1",,"2","107","-","Y","SAC",3,5,"-","-",17.66,"H","-","S","Y",2,"A","-",22107,,"N","A","H","-","A","D","1","Y","A","01",0,1,1,0,0,0,0,0,0,"-","-","SACRAMENTO","SACRAMENTO","CA",-121.51789,38.50233
"6133166",-121.4976202,38.4675769,2013,"3404","1","5","4","03",0,2,"A",,,,,,2100,6,"C","C","A","RT 5","STONECREST AV",1056,"N","N","2014-03-06",9252,"2013-06-28",1910,"018159",,"2","7","0","1",,"2","106","-","Y","SAC",3,5,"-","-",15.1,"H","-","S","N",2,"A","-",22350,,"N","A","D","-","A","D","1","Y","A","01",0,0,2,0,0,0,0,0,0,"-","-","SACRAMENTO","SACRAMENTO","CA",-121.49892,38.47031
"6133162",-121.4279658,38.4792669,2013,"3404","3","6","4","03",0,5,"A",,,,,,2400,6,"C","C","A","RT 99","MACK RD",2112,"N","N","2014-03-18",9252,"2013-06-29",2222,"018723",,"3","7","0","1",,"2","192","-","Y","SAC",3,99,"-","-",18.06,"H","-","N","Y",4,"A","-",22350,,"N","A","H","-","D","D","1","Y","A","01",0,0,5,0,0,0,0,0,0,"-","-","SACRAMENTO","SACRAMENTO","CA",-121.42975,38.48109
"6133158",-121.4905129,38.5630484,2013,"3404","2","7","3","18",0,2,"A",,,,,,1200,6,"E","I","A","RT 50","15TH ST",10,"W","N","2014-03-06",9252,"2013-06-30",922,"016484",,"1","7","0","1",,"2","150","-","Y","SAC",3,50,"-","L",1.4,"H","-","W","Y",1,"C","-",0,,"N","A","H","-","A","D","1","Y","-","-",0,1,1,0,0,0,0,0,0,"-","-","SACRAMENTO","SACRAMENTO","CA",-121.4925,38.56356
"6133154",0,0,2013,"3400","4","5","4","03",0,2,"B",,,,,,1800,6,"C","C","A","FRUITRIDGE RD","ENCINO BL",0,,"Y","2014-03-06",9252,"2013-06-28",1600,"018243",,"2","9","0","2",,"1","071","-","N",,0,0,,,0,,,,"N",2,"A","-",22350,,"F","A","H","-","A","D","0","Y","A","07",0,0,2,0,0,0,0,0,0,"-","-","UNINCORPORATED","SACRAMENTO","CA",-121.45975,38.52495
"6133150",0,0,2013,"3400","4","5","4","09",0,1,"A",,,,,,2400,6,"D","C","A","ORCHARD LOOP LN","POWER INN RD",80,"W","N","2014-03-06",9252,"2013-06-28",2125,"018423",,"2","9","0","2",,"2","073","-","N",,0,0,,,0,,,,"N",2,"A","-",21804,"A","N","A","H","-","C","D","0","Y","A","01",0,0,1,0,0,0,0,0,0,"-","-","UNINCORPORATED","SACRAMENTO","CA",-121.40579,38.45526
"6133146",-121.3349238,38.5003805,2013,"3400","5","5","4","03",0,1,"A",,,,,,900,6,"C","C","A","BRADSHAW RD","HORSELESS CARRIAGE LN",100,"S","N","2014-03-06",9252,"2013-06-28",615,"018787",,"1","9","0","3",,"2","074","-","N",,0,0,,,0,,,,"Y",2,"A","-",22350,,"N","A","H","-","A","D","0","Y","A","01",0,0,1,0,0,0,0,0,0,"-","-","UNINCORPORATED","SACRAMENTO","CA",-121.24477,38.28427
"6132852",-121.4132433,38.4836573,2013,"3400","4","5","3","03",0,1,"A","Y",,,,,900,6,"G","B","D","MACFADDEN DR","PALMER HOUSE DR",20,"E","N","2014-09-16",9252,"2013-06-28",825,"018787",,"1","9","0","2",,"2","073","-","N",,0,0,,,0,,,,"N",2,"A","-",22350,,"N","A","H","-","A","D","0","Y","A","07",0,1,0,0,1,0,0,0,0,"-","-","UNINCORPORATED","SACRAMENTO","CA",-121.24477,38.28427
"6132749",-121.4740114,38.5455145,2013,"3400","3","6","3","03",0,1,"A",,,,,,2100,6,"B","C","A","RT 99","12TH AV",15840,"N","N","2014-03-11",9252,"2013-06-29",2055,"18119",,"2","9","0","1",,"2","192","-","Y","SAC",3,99,"-","-",23.43,"H","-","S","Y",2,"A","-",22350,,"F","A","H","-","D","D","1","Y","A","01",0,1,0,0,0,0,0,0,0,"-","-","UNINCORPORATED","SACRAMENTO","CA",-121.47459,38.54691
"6132729",-121.4316794,38.501576,2013,"3400","4","5","4","08",0,1,"A",,,,,,1800,6,"B","C","A","STOCKTON BL","65TH ST",350,"N","N","2014-03-11",9252,"2013-06-28",1510,"19071",,"2","9","0","2",,"1","071","-","N",,0,0,,,0,,,,"N",2,"A","-",22100,"A","N","A","H","-","A","D","0","Y","D","22",0,0,1,0,0,0,0,0,0,"-","-","UNINCORPORATED","SACRAMENTO","CA",-121.43182,38.50149
"6132470",-121.4989699,38.4699806,2013,"3404","1","5","3","03",0,1,"A",,,,,,2100,6,"C","C","A","RT 5","STONECREST AV",2112,"N","N","2014-03-11",9252,"2013-06-28",1845,"18159",,"2","7","0","1",,"2","106","-","Y","SAC",3,5,"-","-",15.3,"H","-","S","Y",2,"A","-",22350,,"N","A","H","-","A","D","1","Y","A","01",0,1,0,0,0,0,0,0,0,"-","-","SACRAMENTO","SACRAMENTO","CA",-121.50039,38.47197
"6132442",-121.4114231,38.4589051,2013,"3404","3","3","3","03",0,1,"A",,,"Y",,,900,6,"D","C","A","RT 99","CALVIN RD",410,"N","N","2014-03-11",9252,"2013-06-26",840,"15006",,"1","7","0","1",,"2","191","-","Y","SAC",3,99,"-","-",16.321,"R","1","N","Y",2,"A","-",22350,,"N","A","H","-","A","D","1","Y","C","02",0,1,0,0,0,0,0,0,1,"FR","-","SACRAMENTO","SACRAMENTO","CA",-121.9158,38.6329
"6131485",-121.3832337,38.4089551,2013,"3450","0","2","4","03",0,1,"A",,,,,,1500,7,"C","C","A","ELK GROVE BL","ELK RIDGE WY",152,"W","N","2014-03-20",340,"2013-07-09",1226,"10081","5401","5","5","0","0",,"0","005","-","Y",,0,0,,,0,,,,,3,"A","-",22350,,"N","A","H","-","A","D","0","Y","D","22",0,0,1,0,0,0,0,0,0,"-","-","ELK GROVE","SACRAMENTO","CA",0,0
"6131469",0,0,2013,"3450","0","4","4","09",0,1,"A",,,,,,2400,7,"D","C","A","BRUCEVILLE RD","WHITELOCK PKWY",0,,"Y","2014-03-20",340,"2013-07-11",2209,"10463","4302","5","5","0","0",,"0","004","-","N",,0,0,,,0,,,,"Y",2,"A","-",21453,"C","N","A","H","-","C","A","0","Y","A","01",0,0,1,0,0,0,0,0,0,"-","-","ELK GROVE","SACRAMENTO","CA",0,0
"6131365",-121.5373913,38.5032715,2013,"3404","0","1","2","01",0,3,"A",,,,,"Y",2400,7,"A","C","A","FLORIN RD","ROUND TREE CT",183,"W","N","2014-03-29",3404,"2013-07-15",2222,"0342",,"5","7","0","0",,"0","04C","-","N",,0,0,,,0,,,,"Y",2,"A","-",23152,"A","N","A","H","-","C","D","0","Y","A","07",1,0,2,0,0,0,0,0,0,"-","-","SACRAMENTO","SACRAMENTO","CA",0,0
"6130959",-121.2443831,38.6787181,2013,"3400","4","6","3","08",0,1,"A",,,"Y",,,2100,7,"F","A","A","KENNETH AV","GREENBACK LN",12,"N","N","2014-03-25",9260,"2013-07-06",1820,"18352",,"2","9","0","2",,"2","302","-","N",,0,0,,,0,,,,"N",2,"A","-",22107,,"N","A","H","-","A","A","0","Y","C","02",0,1,0,0,0,0,0,0,1,"-","-","UNINCORPORATED","SACRAMENTO","CA",-121.24433,38.6788
"6130888",-121.2116931,38.6338151,2013,"3400","2","7","2","01",0,1,"A",,,,,,900,7,"E","J","A","RT 50","HAZEL AV",1000,"E","N","2014-03-25",9260,"2013-07-07",803,"12718",,"1","9","0","1",,"2","502","-","Y","SAC",3,50,"-","-",16.022,"R","2","W","Y",1,"A","-",23152,"A","N","A","H","-","A","A","1","Y","A","01",1,0,0,0,0,0,0,0,0,"TO","-","UNINCORPORATED","SACRAMENTO","CA",0,0
"6130884",-121.3129684,38.5607242,2013,"3400","4","3","3","08",0,1,"A",,,"Y",,,900,7,"D","C","A","MISSILE WY","NEELY WY",528,"W","N","2014-03-25",9260,"2013-07-10",855,"14633",,"1","9","0","2",,"2","101","-","N",,0,0,,,0,,,,"Y",2,"A","-",22107,,"N","A","H","-","A","D","0","Y","A","01",0,1,0,0,0,0,0,0,1,"-","-","UNINCORPORATED","SACRAMENTO","CA",0,0
"6130538",0,0,2013,"3400","4","4","4","04",0,1,"A",,,,,,1200,6,"C","C","A","EL CAMINO AV","CAMBON WY",40,"N","N","2015-01-22",9250,"2013-06-20",1105,"17317",,"1","9","0","2",,"1","044","-","N",,0,0,,,0,,,,"N",2,"A","-",21703,,"N","A","H","-","A","D","0","Y","A","07",0,0,1,0,0,0,0,0,0,"-","-","UNINCORPORATED","SACRAMENTO","CA",-121.37511,38.6104
"6130533",-121.3701731,38.578605,2013,"3400","5","1","4","09",0,3,"B",,,,,,1500,6,"A","C","A","LOS MOLINOS WY","FAIR OAKS BL",0,,"Y","2014-03-10",9250,"2013-06-24",1310,"018126",,"1","9","0","3",,"2","040","C","N",,0,0,,,0,,,,"Y",2,"A","-",21802,"A","N","B","H","-","A","A","0","Y","A","08",0,0,3,0,0,0,0,0,0,"-","-","UNINCORPORATED","SACRAMENTO","CA",0,0
"6130528",-121.4620897,38.6774477,2013,"3400","5","6","4","08",0,2,"A",,,,,,1800,6,"B","C","A","MARYSVILLE BL","E ST",300,"N","N","2014-03-07",9250,"2013-06-22",1657,"017863",,"2","9","0","3",,"2","060","-","N",,0,0,,,0,,,,"Y",2,"A","-",22107,,"N","A","H","-","A","D","0","Y","A","01",0,0,2,0,0,0,0,0,0,"-","-","UNINCORPORATED","SACRAMENTO","CA",0,0
"6130524",-121.3459192,38.6100349,2013,"3400","4","3","4","03",0,1,"A",,,,,,900,6,"C","C","A","EL CAMINO AV","WALNUT AV",24,"E","N","2014-03-07",9250,"2013-06-26",755,"017425",,"1","9","0","2",,"1","054","-","N",,0,0,,,0,,,,"N",2,"A","-",22350,,"N","A","H","-","A","A","0","Y","A","01",0,0,1,0,0,0,0,0,0,"-","-","UNINCORPORATED","SACRAMENTO","CA",0,0
"6130522",-121.3558241,38.5954556,2013,"3400","4","2","3","09",0,2,"A",,,,,,2100,6,"A","C","A","ARDEN WAY","OLYMPUS DR",6,"W","N","2014-03-07",9250,"2013-06-25",1907,"014142",,"2","9","0","2",,"1","056","-","N",,0,0,,,0,,,,"Y",2,"A","-",21801,"A","N","A","H","-","A","D","0","Y","A","01",0,1,1,0,0,0,0,0,0,"-","-","UNINCORPORATED","SACRAMENTO","CA",0,0
"6130519",-121.3644623,38.6634475,2013,"3400","4","5","3","07",0,1,"A",,,"Y",,,1800,6,"B","C","A","HILLSDALE BL","FRIZELL AV",30,"N","N","2014-03-07",9250,"2013-06-28",1605,"017818",,"2","9","0","2",,"1","017","-","N",,0,0,,,0,,,,"N",2,"A","-",21658,"A","N","A","H","-","A","A","0","Y","D","22",0,1,0,0,0,0,0,0,1,"-","-","UNINCORPORATED","SACRAMENTO","CA",0,0
"6130518",-121.3318897,38.6808869,2013,"3400","4","5","4","03",0,1,"A",,,,,,900,6,"C","C","A","GREENBACK LN","GARFIELD AV",450,"E","N","2014-03-10",9250,"2013-06-28",730,"017129",,"1","9","0","2",,"1","022","-","N",,0,0,,,0,,,,"Y",4,"A","-",22350,,"N","A","H","-","A","D","0","Y","D","22",0,0,1,0,0,0,0,0,0,"-","-","UNINCORPORATED","SACRAMENTO","CA",0,0
"6130517",-121.4084131,38.596065,2013,"3400","5","5","3","09",0,1,"A",,,,,,1500,6,"D","C","A","MARKSTON RD","ARDEN WAY",0,,"Y","2014-03-07",9250,"2013-06-28",1350,"015917",,"1","9","0","3",,"2","040","-","N",,0,0,,,0,,,,"Y",2,"A","-",21802,"A","N","A","H","-","A","A","0","Y","A","01",0,1,0,0,0,0,0,0,0,"-","-","UNINCORPORATED","SACRAMENTO","CA",0,0
"6130515",-121.3833962,38.6370421,2013,"3400","5","4","4","09",0,1,"A",,,,,,1800,6,"D","C","A","AUBURN BL","WATT AV",100,"W","N","2014-06-23",9250,"2013-06-27",1500,"017900",,"2","9","0","3",,"2","040","-","N",,0,0,,,0,,,,"N",2,"A","-",21804,"A","N","A","H","-","A","D","0","Y","A","01",0,0,1,0,0,0,0,0,0,"-","-","UNINCORPORATED","SACRAMENTO","CA",0,0
"6130514",-121.4044785,38.6372345,2013,"3404","1","3","4","03",0,1,"A",,,,,,2100,6,"C","C","A","RT 80","WINTERS BL",2000,"E","N","2014-03-10",9250,"2013-06-19",1815,"14810",,"2","7","0","1",,"2","182","-","Y","SAC",3,80,"-","M",9.08,"H","-","E","Y",4,"A","-",22350,,"N","A","H","-","A","D","1","Y","A","07",0,0,1,0,0,0,0,0,0,"-","-","SACRAMENTO","SACRAMENTO","CA",0,0
"6130512",-121.3349211,38.6840366,2013,"3496","1","4","4","03",0,1,"A",,,,,,1800,6,"C","C","A","RT 80","GREENBACK LN",100,"W","N","2014-03-10",9250,"2013-06-20",1700,"11483",,"2","5","0","1",,"2","184","-","Y","SAC",3,80,"-","-",14.43,"H","-","E","Y",3,"A","-",22350,,"N","A","H","-","A","D","1","Y","D","22",0,0,1,0,0,0,0,0,0,"-","-","CITRUS HEIGHTS","SACRAMENTO","CA",-121.3365,38.68261
"6130511",-121.4692446,38.6417794,2013,"3404","1","1","3","08",0,1,"A",,,,,,900,6,"E","I","A","RT 80","E LEVEE RD",200,"E","N","2014-03-05",9250,"2013-06-17",650,"12813",,"1","7","0","1",,"2","181","-","Y","SAC",3,80,"-","M",5.4,"H","-","W","Y",4,"A","-",22107,,"N","A","H","-","A","D","1","Y","A","01",0,1,0,0,0,0,0,0,0,"-","-","SACRAMENTO","SACRAMENTO","CA",0,0
"6130507",-121.5063233,38.6035054,2013,"3400","1","6","4","03",0,1,"A",,,,,,1500,5,"C","C","A","RT 5","GARDEN HWY",1000,"S","N","2014-09-10",9250,"2013-05-18",1245,"17306",,"1","9","0","1",,"2","105","-","Y","SAC",3,5,"-","-",25.15,"H","-","N","Y",3,"A","-",22350,,"N","A","H","-","A","D","1","Y","A","01",0,0,1,0,0,0,0,0,0,"-","-","UNINCORPORATED","SACRAMENTO","CA",0,0
"6130479",-121.4606958,38.6416451,2013,"3404","1","2","4","03",0,1,"A",,,,,,900,5,"C","C","A","RT 80","NORWOOD AV",700,"W","N","2014-02-27",9250,"2013-05-21",800,"12813",,"1","7","0","1",,"2","181","-","Y","SAC",3,80,"-","M",5.99,"H","-","W","Y",3,"A","-",22350,,"N","A","H","-","A","D","1","Y","D","22",0,0,1,0,0,0,0,0,0,"-","-","SACRAMENTO","SACRAMENTO","CA",0,0
"6130478",-121.5383413,38.6655422,2013,"3404","1","2","4","07",0,1,"A",,,,,,300,5,"B","C","A","RT 5","DEL PASO RD",2640,"S","N","2014-02-28",9250,"2013-05-21",130,"17620",,"3","7","0","1",,"2","105","-","Y","SAC",3,5,"-","-",29.52,"H","-","N","Y",2,"A","-",21658,"A","F","A","H","-","D","D","1","Y","D","22",0,0,1,0,0,0,0,0,0,"-","-","SACRAMENTO","SACRAMENTO","CA",0,0
"6130476",-121.428071,38.6101409,2013,"3404","3","5","4","03",0,2,"A",,,,,,1800,5,"C","C","A","RT 51","EL CAMINO AV",528,"S","N","2014-02-27",9250,"2013-05-24",1500,"17682",,"2","7","0","1",,"2","152","-","Y","SAC",3,51,"-","-",4.64,"H","-","S","Y",2,"A","-",22350,,"N","A","H","-","A","D","1","Y","A","01",0,0,2,0,0,0,0,0,0,"-","-","SACRAMENTO","SACRAMENTO","CA",0,0
"6130475",-121.540273,38.7154887,2013,"3400","3","2","2","12",0,1,"A",,,,,,1800,5,"D","C","A","RT 99","ELVERTA RD",0,,"Y","2014-02-27",9250,"2013-05-07",1728,"15866",,"2","9","0","1",,"1","193","-","Y","SAC",3,99,"-","-",35.37,"H","-","N","Y",2,"A","-",21453,"A","N","A","H","-","A","A","0","Y","E","22",1,0,0,0,0,0,0,0,0,"-","-","UNINCORPORATED","SACRAMENTO","CA",0,0
"6130398",-121.3834668,38.7073126,2013,"3400","4","2","4","08",0,1,"A",,"Y",,,,2100,6,"H","G","A","WATT AV","BLACKFOOT WY",25,"S","N","2014-03-05",9250,"2013-06-04",1903,"017482",,"2","9","0","2",,"1","011","-","N",,0,0,,,0,,,,"N",2,"A","-",22107,,"N","A","H","-","A","A","0","Y","L","04",0,0,1,0,0,0,1,0,0,"-","-","UNINCORPORATED","SACRAMENTO","CA",0,0
"6130393",-121.4009798,38.7143906,2013,"3400","4","6","3","01",0,1,"A",,,,,"Y",300,5,"E","I","A","ELVERTA RD","28TH ST",175,"E","N","2014-02-28",9250,"2013-05-25",11,"18656",,"3","9","0","2",,"1","062","-","N",,0,0,,,0,,,,"Y",1,"A","-",23152,"A","M","A","H","-","D","D","0","Y","D","22",0,1,0,0,0,0,0,0,0,"-","-","UNINCORPORATED","SACRAMENTO","CA",0,0
"6130390",-121.3830332,38.6516203,2013,"3400","4","4","4","03",0,2,"A",,,,,,1800,5,"C","C","A","WATT AV","WINONA WY",60,"S","N","2014-02-28",9250,"2013-05-23",1503,"18126",,"2","9","0","2",,"1","011","-","N",,0,0,,,0,,,,"Y",2,"A","-",22350,,"N","A","H","-","A","A","0","Y","D","22",0,0,2,0,0,0,0,0,0,"-","-","UNINCORPORATED","SACRAMENTO","CA",0,0
"6130387",-121.3822404,38.6685907,2013,"3400","5","5","4","09",0,1,"A",,,,,,1800,5,"D","C","A","A ST","WATT AV",215,"E","N","2014-02-28",9250,"2013-05-31",1540,"17762",,"2","9","0","3",,"2","010","-","N",,0,0,,,0,,,,"N",2,"A","-",21804,"A","N","A","H","-","A","D","0","Y","D","22",0,0,1,0,0,0,0,0,0,"-","-","UNINCORPORATED","SACRAMENTO","CA",0,0
"6130386",-121.3546478,38.6609019,2013,"3400","4","5","4","04",0,1,"A",,,,,,1500,5,"C","C","A","MADISON AV","DATE AV",150,"E","N","2014-03-03",9250,"2013-05-31",1455,"17752",,"2","9","0","2",,"1","024","-","N",,0,0,,,0,,,,"N",3,"A","-",21703,,"N","A","H","-","A","D","0","Y","D","22",0,0,1,0,0,0,0,0,0,"-","-","UNINCORPORATED","SACRAMENTO","CA",0,0
"6130382",-121.3830332,38.6513814,2013,"3400","4","2","3","03",0,1,"A",,,,,,900,5,"C","C","A","WATT AV","WINONA WY",147,"S","N","2014-03-03",9250,"2013-05-28",835,"13997",,"1","9","0","2",,"1","011","-","N",,0,0,,,0,,,,"N",2,"A","-",22350,,"N","A","H","-","A","D","0","Y","A","01",0,1,0,0,0,0,0,0,0,"-","-","UNINCORPORATED","SACRAMENTO","CA",0,0
"6130381",-121.3151231,38.6634651,2013,"3400","4","5","4","12",0,1,"A",,,,,,900,5,"D","C","A","MADISON AV","FLAGSTONE ST",0,,"Y","2014-02-28",9250,"2013-05-31",815,"17129",,"1","9","0","2",,"1","024","-","N",,0,0,,,0,,,,"Y",2,"A","-",21453,"A","N","A","H","-","A","A","0","Y","D","22",0,0,1,0,0,0,0,0,0,"-","-","UNINCORPORATED","SACRAMENTO","CA",0,0
"6130379",-121.3644531,38.7039151,2013,"3400","4","2","3","18",0,6,"A",,,,"Y",,1500,5,"D","C","A","ANTELOPE RD","WALERGA RD",0,,"Y","2014-02-26",9250,"2013-05-21",1337,"15869",,"1","9","0","2",,"1","012","-","N",,0,0,,,0,,,,"Y",7,"C","-",0,,"N","A","H","-","A","A","0","Y","-","-",0,1,5,0,0,0,0,0,0,"-","-","UNINCORPORATED","SACRAMENTO","CA",0,0