"CASEID","POINT_X","POINT_Y","YEAR_","LOCATION","CHPTYPE","DAYWEEK","CRASHSEV","VIOLCAT","KILLED","INJURED","WEATHER1","PEDCOL","BICCOL","MCCOL","TRUCKCOL","ETOH","TIMECAT","MONTH_","CRASHTYP","INVOLVE","PED","PRIMARYRD","SECONDRD","DISTANCE","DIRECT","INTERSECT_","PROCDATE","JURIS","DATE_","TIME_","BADGE","JURIDIST","SHIFT","POP","SPECIAL","BEATTYPE","LAPDDIV","BEATCLAS","BEATNUMB","WEATHER2","STATEHW","CALTRANC","CALTRAND","STROUTE","ROUTESUF","POSTPRE","POSTMILE","LOCATYPE","RAMP","SIDEHW","TOWAWAY","PARTIES","PCF","VIOLCODE","VIOL","VIOLSUB","HITRUN","ROADSURF","RDCOND1","RDCOND2","LIGHTING","RIGHTWAY","CHPRDTYP","NOTPRIV","STFAULT","CHPFAULT","SEVINJ","OTHERINJ","COP","PEDKILL","PEDINJ","BICKILL","BICINJ","MCKILL","MCINJURE","RAMP1","RAMP2","CITY","COUNTY","STATE","X_CHP","Y_CHP"
"6107374",-121.3829232,38.70423,2013,"3400","4","7","4","07",0,1,"A",,,,,,1500,5,"B","C","A","WATT AV","U ST",20,"N","N","2014-06-12",9250,"2013-05-19",1245,"017900",,"1","9","0","2",,"1","011","-","N",,0,0,,,0,,,,"Y",2,"A","-",21658,"A","N","A","H","-","A","D","0","Y","A","01",0,0,1,0,0,0,0,0,0,"-","-","UNINCORPORATED","SACRAMENTO","CA",0,0
"6107370",-121.3644715,38.6611577,2013,"3400","4","6","4","03",0,1,"A",,,,,,2400,5,"C","C","A","MADISON AV","HILLSDALE BL",15,"E","N","2014-02-26",9250,"2013-05-18",2227,"018791",,"3","9","0","2",,"1","016","-","N",,0,0,,,0,,,,"N",2,"A","-",22350,,"N","A","H","-","C","A","0","Y","A","01",0,0,1,0,0,0,0,0,0,"-","-","UNINCORPORATED","SACRAMENTO","CA",0,0
"6107366",-121.3830547,38.570108,2013,"3400","4","5","4","12",0,1,"A",,,,,,1800,5,"D","C","A","WATT AV","AMERICAN RIVER DR",12,"N","N","2014-02-25",9250,"2013-05-17",1645,"015917",,"2","9","0","2",,"1","045","-","N",,0,0,,,0,,,,"Y",2,"A","-",22450,"A","N","A","H","-","A","A","0","Y","A","01",0,0,1,0,0,0,0,0,0,"TO","-","UNINCORPORATED","SACRAMENTO","CA",0,0
"6107363",-121.4396267,38.6001216,2013,"3404","3","3","3","08",0,2,"A",,,,,,2100,5,"F","A","A","RT 160","ARDEN WY",1500,"S","N","2014-02-25",9250,"2013-05-08",1940,"014142",,"2","7","0","1",,"2","164","-","Y","SAC",3,160,"-","-",46.77,"H","-","N","Y",1,"A","-",22107,,"F","A","H","-","C","D","0","Y","A","01",0,1,1,0,0,0,0,0,0,"-","-","SACRAMENTO","SACRAMENTO","CA",0,0
"6106125",-121.4031237,38.437949,2013,"3450","0","6","4","03",0,1,"A",,,,,,1200,6,"C","C","A","SHELDON","WEST STOCKTON BL",20,"E","N","2014-03-03",340,"2013-06-01",1128,"10168","3401","5","5","0","0",,"0","003","-","N",,0,0,,,0,,,,"N",2,"A","-",22350,,"N","A","H","-","A","A","0","Y","A","08",0,0,1,0,0,0,0,0,0,"-","-","ELK GROVE","SACRAMENTO","CA",0,0
"6106105",-121.4102331,38.5534251,2013,"3404","2","1","3","01",0,2,"A",,,,,"Y",2400,6,"E","I","A","RT 50","HOWE AV",328,"W","N","2014-03-01",9252,"2013-06-03",2350,"17132",,"3","7","0","1",,"2","151","-","Y","SAC",3,50,"-","R",3.533,"R","2","E","Y",1,"A","-",23152,"A","N","A","H","-","C","D","1","Y","A","01",0,2,0,0,0,0,0,0,0,"-","-","SACRAMENTO","SACRAMENTO","CA",-121.41027,38.55245
"6105940",-121.5028432,38.565645,2013,"3404","0","5","4","09",0,1,"A",,,,,,2100,6,"D","C","A","X ST","8TH ST",0,,"Y","2014-03-01",3404,"2013-06-14",1813,"755","4","5","7","0","0",,"0","00A","-","N",,0,0,,,0,,,,"Y",2,"A","-",21802,"A","N","A","H","-","A","A","0","Y","A","01",0,0,1,0,0,0,0,0,0,"-","-","SACRAMENTO","SACRAMENTO","CA",0,0
"6105936",-121.4822196,38.5613348,2013,"3404","0","4","3","08",0,1,"A","Y",,,,,1200,6,"C","E","E","W ST","23RD ST",35,"W","N","2014-02-28",3404,"2013-06-20",900,"0600",,"5","7","0","0",,"0",,"-","N",,0,0,,,0,,,,"Y",3,"A","-",22107,,"N","A","H","-","A","D","0","Y","D","22",0,1,0,0,1,0,0,0,0,"-","-","SACRAMENTO","SACRAMENTO","CA",0,0
"6105928",-121.4747731,38.5679051,2013,"3404","0","4","4","09",0,1,"A",,,"Y",,,900,5,"D","C","A","26TH ST","P ST",0,,"Y","2014-04-05",3404,"2013-05-30",730,"482",,"5","7","0","0",,"0",,"-","N",,0,0,,,0,,,,"Y",3,"A","-",21802,"A","N","A","H","-","A","A","0","Y","A","01",0,0,1,0,0,0,0,0,0,"-","-","SACRAMENTO","SACRAMENTO","CA",0,0
"6105840",-121.3160571,38.7017425,2013,"3404","1","6","3","04",0,1,"A",,,"Y",,,1200,5,"F","A","A","RT 80","ANTELOPE RD",2500,"W","N","2014-03-04",9250,"2013-05-11",935,"16957",,"1","7","0","1",,"2","183","-","Y","SAC",3,80,"-","-",16.22,"H","-","W","Y",1,"A","-",21703,,"N","A","H","-","A","D","1","Y","C","02",0,1,0,0,0,0,0,0,1,"-","-","SACRAMENTO","SACRAMENTO","CA",0,0
"6105836",-121.5310233,38.6179019,2013,"3404","1","6","4","03",0,2,"A",,,,,,1500,5,"C","C","A","RT 80","WEST EL CAMINO AV",1265,"E","N","2014-03-04",9250,"2013-05-11",1245,"16957",,"1","7","0","1",,"2","181","-","Y","SAC",3,80,"-","M",1.6,"H","-","W","Y",2,"A","-",22350,,"N","A","H","-","A","D","1","Y","A","07",0,0,2,0,0,0,0,0,0,"-","-","SACRAMENTO","SACRAMENTO","CA",0,0
"6105832",-121.3384482,38.6842004,2013,"3400","4","5","4","03",0,1,"A",,,,,,2100,5,"C","C","A","ELKHORN BL","DIABLO DR",400,"E","N","2014-03-04",9250,"2013-05-10",2018,"15369",,"2","9","0","2",,"1","014","-","N",,0,0,,,0,,,,"N",2,"A","-",22350,,"N","A","H","-","C","D","0","Y","A","01",0,0,1,0,0,0,0,0,0,"-","-","UNINCORPORATED","SACRAMENTO","CA",0,0
"6105828",-121.4117131,38.6372351,2013,"3404","1","2","2","08",0,2,"A",,,,,,1500,5,"E","I","A","RT 80","WINTERS ST",500,"W","N","2014-03-04",9250,"2013-05-14",1350,"12602",,"1","7","0","1",,"2","182","-","Y","SAC",3,80,"-","M",8.63,"H","-","E","Y",1,"A","-",22107,,"N","A","H","-","A","D","1","Y","A","07",1,1,0,0,0,0,0,0,0,"-","-","SACRAMENTO","SACRAMENTO","CA",0,0
"6105824",-121.4454097,38.5917573,2013,"3404","3","1","4","03",0,2,"C",,,,,,2100,5,"C","C","A","RT 51","EXPOSITION BL",2000,"S","N","2014-03-04",9250,"2013-05-06",2040,"14142",,"2","7","0","1",,"2","151","-","Y","SAC",3,51,"-","-",2.98,"H","-","N","N",2,"A","-",22350,,"F","B","H","-","D","D","1","Y","A","01",0,0,2,0,0,0,0,0,0,"-","-","SACRAMENTO","SACRAMENTO","CA",0,0
"6105816",-121.4347231,38.6040151,2013,"3404","3","1","4","03",0,1,"C",,,,,,2100,5,"C","C","A","RT 51","ARDEN WY",100,"N","N","2014-03-04",9250,"2013-05-06",1943,"14142",,"2","7","0","1",,"2","152","-","Y","SAC",3,51,"-","-",4.07,"H","-","S","Y",2,"A","-",22350,,"N","B","H","-","C","D","1","Y","A","01",0,0,1,0,0,0,0,0,0,"-","-","SACRAMENTO","SACRAMENTO","CA",0,0
"6105777",-121.4915352,38.6382109,2013,"3404","1","5","3","03",0,1,"A",,,,,,1800,5,"C","C","A","RT 80","NORTHGATE BL",4224,"W","N","2014-02-28",9250,"2013-05-17",1550,"16752",,"2","7","0","1",,"2","182","-","Y","SAC",3,80,"-","M",4.18,"H","-","E","Y",2,"A","-",22350,,"N","A","H","-","A","D","1","Y","A","01",0,1,0,0,0,0,0,0,0,"-","-","SACRAMENTO","SACRAMENTO","CA",-121.49214,38.6378
"6105773",-121.46118,38.6416567,2013,"3404","1","7","4","08",0,1,"A",,,,,,1800,5,"E","I","A","RT 80","NORWOOD AV",767,"W","N","2014-02-28",9250,"2013-05-12",1647,"16752",,"2","7","0","1",,"2","181","-","Y","SAC",3,80,"-","M",5.97,"H","-","W","Y",1,"A","-",22107,,"N","A","H","-","A","D","1","Y","A","01",0,0,1,0,0,0,0,0,0,"-","-","SACRAMENTO","SACRAMENTO","CA",-121.45973,38.64149
"6105769",-121.3889231,38.6353351,2013,"3400","3","7","3","01",0,1,"A",,,,,"Y",2100,5,"E","I","A","RT 51","FULTON AV",3696,"N","N","2014-02-28",9250,"2013-05-12",2040,"18153",,"2","9","0","1",,"2","152","-","Y","SAC",3,51,"-","-",7.521,"R","1","S","Y",1,"A","-",23152,"A","M","A","H","-","C","D","1","Y","A","01",0,1,0,0,0,0,0,0,0,"FR","-","UNINCORPORATED","SACRAMENTO","CA",-121.38881,38.63557
"6105724",-121.3335131,38.6858451,2013,"3404","1","4","3","07",0,1,"A",,,,,"Y",300,4,"C","C","A","RT 80","ELKHORN BL",130,"N","N","2014-02-18",9250,"2013-04-25",157,"16141",,"3","7","0","1",,"2","183","-","Y","SAC",3,80,"-","-",14.645,"R","2","W","Y",2,"A","-",21658,"A","F","A","H","-","C","D","1","Y","-","99",0,1,0,0,0,0,0,0,0,"TO","-","SACRAMENTO","SACRAMENTO","CA",0,0
"6105720",-121.3453666,38.6750647,2013,"3400","1","2","4","03",0,1,"A",,,,,,900,4,"C","C","A","RT 80","FOOTHILL PED",60,"E","N","2014-02-18",9250,"2013-04-09",820,"12047",,"1","9","0","1",,"2","183","F","Y","SAC",3,80,"-","-",13.75,"H","-","W","Y",3,"A","-",22350,,"N","A","H","-","A","D","1","Y","A","01",0,0,1,0,0,0,0,0,0,"-","-","UNINCORPORATED","SACRAMENTO","CA",0,0
"6105716",-121.3313766,38.6878301,2013,"3400","1","2","3","03",0,1,"B",,,,,,900,4,"C","C","A","RT 80","GREENBACK LN",2044,"E","N","2014-02-18",9250,"2013-04-02",845,"12047",,"1","9","0","1",,"2","183","-","Y","SAC",3,80,"-","-",14.84,"H","-","W","Y",3,"A","-",22350,,"N","A","H","-","A","D","1","Y","A","01",0,1,0,0,0,0,0,0,0,"-","-","UNINCORPORATED","SACRAMENTO","CA",0,0
"6105712",-121.3332129,38.6855638,2013,"3496","1","1","4","03",0,2,"A",,,,,,1800,4,"C","C","A","RT 80","GREENBACK LN",1200,"E","N","2014-02-18",9250,"2013-04-22",1525,"12602",,"2","5","0","1",,"2","184","-","Y","SAC",3,80,"-","-",14.68,"H","-","E","Y",2,"A","-",22350,,"N","A","H","-","A","D","1","Y","A","07",0,0,2,0,0,0,0,0,0,"-","-","CITRUS HEIGHTS","SACRAMENTO","CA",0,0
"6104931",0,0,2013,"3401","0","4","3","08",0,1,"A",,,,,,1500,6,"D","C","A","IRON POINT RD","PALLADIO PKWY",345,"E","N","2014-04-16",3401,"2013-06-13",1415,"209","4","5","5","0","0",,"0","004","-","N",,0,0,,,0,,,,"Y",2,"A","-",22107,,"N","A","H","-","A","D","0","Y","A","07",0,1,0,0,0,0,0,0,0,"-","-","FOLSOM","SACRAMENTO","CA",-121.11639,38.64766
"6104309",-121.4931231,38.5634951,2013,"3404","2","5","4","07",0,1,"A",,,,,,1500,5,"C","C","A","RT 50","15TH ST",150,"W","N","2014-02-28",9252,"2013-05-24",1320,"016484",,"1","7","0","1",,"2","150","-","Y","SAC",3,50,"-","L",1.33,"H","-","E","Y",3,"A","-",21658,"A","N","A","H","-","A","D","1","Y","A","01",0,0,1,0,0,0,0,0,0,"-","-","SACRAMENTO","SACRAMENTO","CA",-121.49263,38.56402
"6104305",-121.4765077,38.3729354,2013,"3400","1","6","3","08",0,2,"A",,,,,,1200,5,"E","I","A","I 5","HOOD FRANKLIN RD",540,"S","N","2014-02-27",9252,"2013-05-25",1158,"014263",,"1","9","0","1",,"2","105","-","Y","SAC",3,5,"-","-",8.39,"H","-","S","Y",1,"A","-",22107,,"N","A","H","-","A","D","1","Y","D","22",0,2,0,0,0,0,0,0,0,"-","-","UNINCORPORATED","SACRAMENTO","CA",-121.47695,38.3756
"6104298",-121.429263,38.4961827,2013,"3400","4","5","4","03",0,1,"A",,,,,,2400,5,"C","C","A","FLORIN RD","STOCKTON BL",20,"W","N","2014-02-27",9252,"2013-05-24",2155,"018872",,"2","9","0","2",,"2","073","-","N",,0,0,,,0,,,,"N",2,"A","-",22350,,"F","A","H","-","C","A","0","Y","D","22",0,0,1,0,0,0,0,0,0,"-","-","UNINCORPORATED","SACRAMENTO","CA",0,0
"6104290",-121.401723,38.4817051,2013,"3400","4","6","4","09",0,3,"A",,,,,,1200,5,"D","C","A","GERBER RD","COUNTRY PARK DR",0,,"Y","2014-02-28",9252,"2013-05-25",1105,"017663",,"1","9","0","2",,"2","073","-","N",,0,0,,,0,,,,"Y",2,"A","-",21802,"A","N","A","H","-","A","A","0","Y","D","22",0,0,3,0,0,0,0,0,0,"-","-","UNINCORPORATED","SACRAMENTO","CA",0,0
"6104289",-121.4828911,38.5607464,2013,"3404","2","3","4","07",0,1,"A",,,,"Y",,1800,5,"B","C","A","RT 50","24TH ST",100,"W","N","2014-02-26",9252,"2013-05-29",1630,"017258",,"2","7","0","1",,"2","150","-","Y","SAC",3,50,"-","L",1.99,"H","-","E","Y",2,"A","-",21658,"A","N","A","H","-","A","D","1","Y","G","27",0,0,1,0,0,0,0,0,0,"-","-","SACRAMENTO","SACRAMENTO","CA",-121.48177,38.5604
"6104282",-121.4485175,38.5372626,2013,"3400","4","5","4","07",0,1,"A",,,"Y",,,1800,5,"B","C","A","STOCKTON BL","17TH AV",3,"N","N","2014-02-28",9252,"2013-05-24",1500,"018243",,"2","9","0","2",,"1","071","-","N",,0,0,,,0,,,,"N",2,"A","-",21658,"A","N","A","H","-","A","D","0","Y","D","22",0,0,1,0,0,0,0,0,1,"-","-","UNINCORPORATED","SACRAMENTO","CA",-121.44853,38.53718
"6104278",-121.3721772,38.4968706,2013,"3400","5","4","4","03",0,2,"A",,,,,,1500,5,"C","C","A","SOUTH WATT AV","FLORIN RD",250,"N","N","2014-02-28",9252,"2013-05-30",1205,"016616",,"1","9","0","3",,"2","074","-","N",,0,0,,,0,,,,"Y",2,"A","-",22350,,"N","A","H","-","A","D","0","Y","A","07",0,0,2,0,0,0,0,0,0,"-","-","UNINCORPORATED","SACRAMENTO","CA",-121.37192,38.49688
"6104277",-121.3854725,38.4039476,2013,"3450","3","1","4","07",0,2,"B",,,,,,2100,5,"B","C","A","RT 99","LAGUNA GROVE DR",800,"S","N","2014-02-27",9252,"2013-05-27",1800,"017258",,"2","5","0","1",,"2","191","-","Y","SAC",3,99,"-","-",12.43,"H","-","S","Y",2,"A","-",21658,"A","N","A","H","-","A","D","1","Y","A","01",0,0,2,0,0,0,0,0,0,"-","-","ELK GROVE","SACRAMENTO","CA",0,0
"6104274",-121.4544248,38.4961597,2013,"3400","4","6","4","03",0,1,"A",,,,,,1800,5,"C","C","A","FLORIN RD","BOWLING DR",300,"E","N","2014-02-28",9252,"2013-05-18",1655,"018243",,"2","9","0","2",,"1","072","G","N",,0,0,,,0,,,,"N",3,"A","-",22350,,"N","A","H","-","A","D","0","Y","D","22",0,0,1,0,0,0,0,0,0,"-","-","UNINCORPORATED","SACRAMENTO","CA",-121.45376,38.4906
"6104270",-121.4464186,38.4966585,2013,"3400","3","7","3","07",0,1,"A",,,"Y",,,1500,6,"B","C","A","RT 99","FLORIN RD",200,"N","N","2014-03-01",9252,"2013-06-02",1400,"18119",,"2","9","0","1",,"2","192","-","Y","SAC",3,99,"-","-",19.65,"H","-","N","Y",2,"A","-",21658,"A","N","A","H","-","A","D","1","Y","C","02",0,1,0,0,0,0,0,0,1,"-","-","UNINCORPORATED","SACRAMENTO","CA",-121.44669,38.49688
"6104257",-121.3132231,38.2910251,2013,"3400","3","6","4","03",0,1,"A",,,,,,1800,6,"C","C","A","RT 104","RT 99",10,"W","N","2014-03-05",9252,"2013-06-08",1505,"18073",,"2","9","0","1",,"1","104","-","Y","SAC",3,104,"-","-",0,"H","-","W","Y",3,"A","-",22350,,"N","A","H","-","A","D","0","Y","D","22",0,0,1,0,0,0,0,0,0,"-","-","UNINCORPORATED","SACRAMENTO","CA",-121.31235,38.29108
"6104254",-121.1651145,38.3355623,2013,"3400","5","5","3","08",0,1,"A",,,,,,1500,5,"F","A","A","TWIN CITIES RD","CLAY STATION RD",1000,"E","N","2014-02-27",9252,"2013-05-24",1420,"017522",,"2","9","0","3",,"2","080","-","N",,0,0,,,0,,,,"Y",1,"A","-",22107,,"N","A","H","-","A","D","0","Y","D","22",0,1,0,0,0,0,0,0,0,"-","-","UNINCORPORATED","SACRAMENTO","CA",-121.16476,38.33567
"6104253",-121.3814229,38.3982998,2013,"3450","3","3","4","07",0,2,"A",,,,,,2400,5,"D","C","A","RT 99","ELK GROVE BL",4224,"S","N","2014-02-27",9252,"2013-05-22",2103,"017048",,"2","5","0","1",,"2","191","-","Y","SAC",3,99,"-","-",11.96,"H","-","N","Y",2,"A","-",21658,"A","N","A","H","-","D","D","1","Y","D","22",0,0,2,0,0,0,0,0,0,"-","-","ELK GROVE","SACRAMENTO","CA",-121.38146,38.3984
"6104250",-121.3002596,38.4306834,2013,"3450","0","5","4","09",0,2,"A",,,,,,1200,6,"A","C","A","WILTON RD","GRANT LINE RD",150,"E","N","2014-03-01",340,"2013-06-07",1106,"10328","3602","5","5","0","0",,"0","003","-","N",,0,0,,,0,,,,"Y",2,"A","-",21804,"A","N","A","H","-","A","D","0","Y","A","01",0,0,2,0,0,0,0,0,0,"-","-","ELK GROVE","SACRAMENTO","CA",0,0
"6104242",-121.378353,38.423535,2013,"3450","0","7","4","12",0,1,"A",,,,,,2100,6,"D","C","A","BOND RD","TERRA LINDA DR",0,,"Y","2014-03-01",340,"2013-06-09",1903,"10060","5102","5","5","0","0",,"0","005","-","N",,0,0,,,0,,,,"N",2,"A","-",21453,"A","N","A","H","-","A","A","0","Y","D","22",0,0,1,0,0,0,0,0,0,"-","-","ELK GROVE","SACRAMENTO","CA",0,0
"6104215",-121.3625097,38.5603925,2013,"3490","2","3","3","08",0,1,"A",,,,,,1200,6,"B","C","A","RT 50","WATT AV",4752,"E","N","2014-03-01",9260,"2013-06-12",900,"12900",,"1","5","0","1",,"2","501","-","Y","SAC",3,50,"-","R",6.24,"H","-","E","Y",2,"A","-",22107,,"N","A","H","-","A","D","1","Y","D","23",0,1,0,0,0,0,0,0,0,"-","-","RANCHO CORDOVA","SACRAMENTO","CA",0,0
"6104211",-121.3571793,38.5669762,2013,"3400","5","1","4","21",0,1,"A","Y",,,,,1500,6,"G","B","E","LINDA RIO DR","MIRA DEL RIO DR",320,"W","N","2014-03-01",9260,"2013-06-10",1300,"18316",,"1","9","0","3",,"2","001","-","N",,0,0,,,0,,,,"N",2,"A","-",22106,,"N","A","H","-","A","D","0","Y","D","22",0,0,1,0,1,0,0,0,0,"-","-","UNINCORPORATED","SACRAMENTO","CA",-121.35057,38.56857
"6104203",-121.3445799,38.5684267,2013,"3400","4","7","4","03",0,3,"A",,,,,,2100,6,"C","D","A","FOLSOM BL","BUTTERFIELD WY",35,"E","N","2014-02-28",9260,"2013-06-09",2010,"18352",,"2","9","0","2",,"2","101","-","N",,0,0,,,0,,,,"Y",2,"A","-",22350,,"N","A","H","-","A","A","0","Y","D","22",0,0,3,0,0,0,0,0,0,"-","-","UNINCORPORATED","SACRAMENTO","CA",-121.34447,35.56852
"6104199",-121.225703,38.672485,2013,"3400","4","1","3","08",0,1,"A",,,,,,1500,6,"D","C","A","HAZEL AV","KONA WY",0,,"Y","2014-03-01",9260,"2013-06-03",1435,"18276",,"2","9","0","2",,"2","307","-","N",,0,0,,,0,,,,"N",2,"A","-",21460,"5","N","A","H","-","A","D","0","Y","A","01",0,1,0,0,0,0,0,0,0,"-","-","UNINCORPORATED","SACRAMENTO","CA",0,0
"6103378",-121.4996631,38.583185,2013,"3404","0","4","4","09",0,1,"A",,,,,,1800,5,"D","C","A","I ST","5TH ST",0,,"Y","2014-04-02",3404,"2013-05-23",1522,"759",,"5","7","0","0",,"0","03M","-","N",,0,0,,,0,,,,,2,"A","-",21801,"A","N","A","H","-","A","A","0","Y","H","13",0,0,1,0,0,0,0,0,0,"-","-","SACRAMENTO","SACRAMENTO","CA",0,0
"6103374",-121.4094132,38.5550074,2013,"3404","0","6","4","03",0,1,"A",,,,,,1800,5,"C","C","A","HOWE AV","COLLEGE TOWN DR",174,"S","N","2014-03-06",3404,"2013-05-25",1537,"886","3C","5","7","0","0",,"0","003","-","N",,0,0,,,0,,,,"Y",3,"A","-",22350,,"M","A","H","-","A","D","0","Y","A","01",0,0,1,0,0,0,0,0,0,"-","-","SACRAMENTO","SACRAMENTO","CA",0,0
"6103370",-121.4851596,38.5007527,2013,"3404","0","7","3","03",0,1,"A",,,,,,1800,5,"B","E","A","MIDDLECOFF WY","55TH AV",30,"S","N","2014-04-02",3404,"2013-05-26",1608,"870",,"5","7","0","0",,"0","04B","-","N",,0,0,,,0,,,,"Y",3,"A","-",22350,,"M","A","H","-","A","D","0","Y","A","01",0,1,0,0,0,0,0,0,0,"-","-","SACRAMENTO","SACRAMENTO","CA",0,0
"6103366",-121.5271813,38.4966145,2013,"3404","0","4","3","-",0,2,"A",,,,,,1800,5,"A","I","A","FLORIN RD","LONG RIVER DR",112,"W","N","2014-03-06",3404,"2013-05-30",1557,"755","4","5","7","0","0",,"0","00C","-","N",,0,0,,,0,,,,"Y",1,"A","-",0,,"N","A","H","-","A","D","0","Y","A","01",0,2,0,0,0,0,0,0,0,"-","-","SACRAMENTO","SACRAMENTO","CA",0,0
"6103362",-121.4948031,38.5806451,2013,"3404","0","4","3","11",0,1,"A","Y",,,,"Y",1800,5,"G","B","-","J ST","9TH ST",0,,"Y","2014-03-06",3404,"2013-05-30",1624,"757","3","5","7","0","0",,"0","00M","-","N",,0,0,,,0,,,,"N",2,"A","-",21456,"B","N","A","H","-","A","A","0","Y","N","60",0,1,0,0,1,0,0,0,0,"-","-","SACRAMENTO","SACRAMENTO","CA",0,0
"6102551",-121.4736965,38.5395369,2013,"3404","3","4","3","08",0,1,"B",,,,,,2100,5,"E","I","A","RT 99","SUTTERVILLE RD",381,"S","N","2014-07-23",9252,"2013-05-16",1915,"06661",,"2","7","0","1",,"2","192","-","Y","SAC",3,99,"-","-",23.06,"H","-","N","Y",1,"A","-",22107,,"N","A","H","-","A","D","1","Y","A","01",0,1,0,0,0,0,0,0,0,"-","-","SACRAMENTO","SACRAMENTO","CA",-121.47355,38.53954
"6101336",0,0,2013,"3401","0","1","3","03",0,2,"A",,,,,,1800,6,"C","C","A","OAK AVENUE PKWY","BLUE LAKE DR",650,"E","N","2014-02-27",3401,"2013-06-03",1726,"167","1","5","5","0","0",,"0","001","-","N",,0,0,,,0,,,,"Y",2,"A","-",22350,,"N","A","H","-","A","D","0","Y","A","01",0,1,1,0,0,0,0,0,0,"-","-","FOLSOM","SACRAMENTO","CA",0,0
"6101274",-121.4094232,38.5553203,2013,"3404","0","1","4","00",0,1,"A",,,"Y",,,1800,6,"H","A","A","HOWE AV","COLLEGE TOWN DR",60,"S","N","2014-04-25",3404,"2013-06-17",1524,"0500",,"5","7","0","0",,"0","03C","-","N",,0,0,,,0,,,,"Y",2,"D","-",0,,"N","A","H","-","A","A","0","Y","-","-",0,0,1,0,0,0,0,0,1,"-","-","SACRAMENTO","SACRAMENTO","CA",0,0
"6099946",0,0,2013,"3496","0","4","4","09",0,1,"A",,"Y",,,,1800,5,"D","G","A","SUNRISE BL","SUNRISE BL 7711",300,"S","N","2014-08-13",3496,"2013-05-02",1521,"190","1","5","5","0","0",,"0","001","-","N",,0,0,,,0,,,,"N",2,"A","-",21804,"A","F","A","D","H","A","D","0","Y","A","01",0,0,1,0,0,0,0,0,0,"-","-","CITRUS HEIGHTS","SACRAMENTO","CA",0,0
"6099554",-121.1793131,38.654935,2013,"3401","0","5","3","00",0,3,"A",,,,,,1500,5,"D","C","A","PLAZA DR","BLUE RAVINE RD",0,,"Y","2014-02-25",3401,"2013-05-31",1421,"206","4","5","5","0","0",,"0","004","-","N",,0,0,,,0,,,,"Y",2,"D","-",0,,"N","A","H","-","A","A","0","Y","-","-",0,1,2,0,0,0,0,0,0,"-","-","FOLSOM","SACRAMENTO","CA",-121.16789,38.65942
"6099553",-121.1371397,38.676818,2013,"3401","0","4","4","03",0,2,"A",,,,,,1800,5,"C","C","A","BLUE RAVINE RD","OAK AVENUE PKWY",20,"W","N","2014-02-25",3401,"2013-05-23",1725,"217","3","5","5","0","0",,"0","003","-","Y",,0,0,,,0,,,,"N",2,"A","-",22350,,"N","A","H","-","A","A","0","Y","A","01",0,0,2,0,0,0,0,0,0,"-","-","FOLSOM","SACRAMENTO","CA",-121.13709,38.6766
"6099552",0,0,2013,"3401","0","3","4","03",0,1,"A",,,,,,1500,5,"C","C","A","CREEKSIDE DR","OAK AVENUE PKWY",39,"W","N","2014-02-25",3401,"2013-05-29",1422,"209","3","5","5","0","0",,"0","003","-","N",,0,0,,,0,,,,"N",2,"A","-",22350,,"N","A","H","-","A","A","0","Y","A","07",0,0,1,0,0,0,0,0,0,"-","-","FOLSOM","SACRAMENTO","CA",0,0
"6099551",-121.1530213,38.6691341,2013,"3401","0","5","4","03",0,1,"A",,,,,,1800,5,"C","C","A","E BIDWELL ST","OLD PLACERVILLE RD",255,"S","N","2014-02-25",3401,"2013-05-31",1610,"178","4","5","5","0","0",,"0","004","-","N",,0,0,,,0,,,,"Y",3,"A","-",22350,,"N","A","H","-","A","A","0","Y","A","01",0,0,1,0,0,0,0,0,0,"-","-","FOLSOM","SACRAMENTO","CA",-121.11508,38.64549
"6099347",-121.3764834,38.4016667,2013,"3450","0","2","3","01",0,1,"A",,,,,"Y",300,5,"E","I","A","VALLEY OAK LN","VISTA GRANDE WY",20,"E","N","2014-02-27",340,"2013-05-21",221,"10046","5401","5","5","0","0",,"0","005","-","N",,0,0,,,0,,,,"Y",1,"A","-",23152,"A","M","A","H","-","C","D","0","Y","A","01",0,1,0,0,0,0,0,0,0,"-","-","ELK GROVE","SACRAMENTO","CA",0,0
"6099346",-121.459773,38.4245451,2013,"3450","0","2","4","-",0,1,"A",,"Y",,,,2100,5,"D","G","A","DWIGHT RD","LAGUNA BL",0,,"Y","2014-02-27",340,"2013-05-21",1840,"10258","1205","5","5","0","0",,"0","001","-","N",,0,0,,,0,,,,"N",2,"A","-",0,,"N","A","H","-","A","A","0","Y","L","04",0,0,1,0,0,0,1,0,0,"-","-","ELK GROVE","SACRAMENTO","CA",0,0
"6099345",-121.4437631,38.434165,2013,"3450","0","1","4","12",0,2,"A",,,,,,2100,5,"D","C","A","AMBER CREEK DR","BIG HORN BL",0,,"Y","2014-02-27",340,"2013-05-27",1908,"10258","2101","5","5","0","0",,"0","002","-","N",,0,0,,,0,,,,"N",2,"A","-",21453,"A","N","A","H","-","A","A","0","Y","A","01",0,0,2,0,0,0,0,0,0,"-","-","ELK GROVE","SACRAMENTO","CA",0,0