"CASEID","POINT_X","POINT_Y","YEAR_","LOCATION","CHPTYPE","DAYWEEK","CRASHSEV","VIOLCAT","KILLED","INJURED","WEATHER1","PEDCOL","BICCOL","MCCOL","TRUCKCOL","ETOH","TIMECAT","MONTH_","CRASHTYP","INVOLVE","PED","PRIMARYRD","SECONDRD","DISTANCE","DIRECT","INTERSECT_","PROCDATE","JURIS","DATE_","TIME_","BADGE","JURIDIST","SHIFT","POP","SPECIAL","BEATTYPE","LAPDDIV","BEATCLAS","BEATNUMB","WEATHER2","STATEHW","CALTRANC","CALTRAND","STROUTE","ROUTESUF","POSTPRE","POSTMILE","LOCATYPE","RAMP","SIDEHW","TOWAWAY","PARTIES","PCF","VIOLCODE","VIOL","VIOLSUB","HITRUN","ROADSURF","RDCOND1","RDCOND2","LIGHTING","RIGHTWAY","CHPRDTYP","NOTPRIV","STFAULT","CHPFAULT","SEVINJ","OTHERINJ","COP","PEDKILL","PEDINJ","BICKILL","BICINJ","MCKILL","MCINJURE","RAMP1","RAMP2","CITY","COUNTY","STATE","X_CHP","Y_CHP"
"6092335",0,0,2013,"3450","0","7","4","05",0,1,"A",,"Y",,,,1500,5,"A","G","A","ELK GROVE BL","FIRE POPPY DR",0,,"Y","2014-02-25",340,"2013-05-26",1234,"10145","4102","5","5","0","0",,"0","004","-","N",,0,0,,,0,,,,"N",2,"A","-",21650,"1","N","A","H","-","A","A","0","Y","L","04",0,0,1,0,0,0,1,0,0,"-","-","ELK GROVE","SACRAMENTO","CA",0,0
"6092331",-121.3566239,38.4090451,2013,"3450","0","2","4","03",0,2,"A",,,,,,1800,5,"C","C","A","ELK GROVE BL","WEBB ST",80,"E","N","2014-02-25",340,"2013-05-28",1618,"10076","5203","5","5","0","0",,"0","005","-","N",,0,0,,,0,,,,"N",4,"A","-",22350,,"N","A","H","-","A","D","0","Y","A","01",0,0,2,0,0,0,0,0,0,"-","-","ELK GROVE","SACRAMENTO","CA",0,0
"6092327",-121.4063059,38.4218552,2013,"3450","0","5","4","01",0,1,"A",,,,,"Y",2400,5,"C","C","A","LAGUNA BL","BIG HORN BL",25,"E","N","2014-03-05",340,"2013-05-31",2339,"10150","2401","5","5","0","0",,"0","002","-","N",,0,0,,,0,,,,"N",2,"A","-",23153,"A","F","A","H","-","C","A","0","Y","A","07",0,0,1,0,0,0,0,0,0,"-","-","ELK GROVE","SACRAMENTO","CA",0,0
"6091906",-121.2637641,38.6641294,2013,"3400","4","3","4","03",0,1,"A",,,"Y",,,1800,6,"C","C","A","MADISON AV","FAIR OAKS BL",440,"W","N","2014-03-01",9260,"2013-06-05",1525,"14633",,"2","9","0","2",,"2","304","-","N",,0,0,,,0,,,,"N",2,"A","-",22350,,"N","A","H","-","A","A","0","Y","C","02",0,0,1,0,0,0,0,0,1,"-","-","UNINCORPORATED","SACRAMENTO","CA",-121.26452,38.66395
"6091902",-121.300508,38.5829337,2013,"3490","2","3","3","08",0,2,"A",,,,,,900,6,"E","I","A","RT 50","MATHER BL",2640,"E","N","2014-03-01",9260,"2013-06-05",625,"12900",,"1","5","0","1",,"2","501","-","Y","SAC",3,50,"-","R",10.01,"H","-","E","Y",1,"A","-",22107,,"N","A","H","-","A","D","1","Y","A","07",0,1,1,0,0,0,0,0,0,"-","-","RANCHO CORDOVA","SACRAMENTO","CA",0,0
"6091898",0,0,2013,"3400","4","6","3","08",0,1,"B",,,,,,1800,6,"E","J","A","CAMINO DEL LAGO","MURIETA PKWY",200,"W","N","2014-03-01",9260,"2013-06-01",1540,"16685",,"2","9","0","2",,"2","103","-","N",,0,0,,,0,,,,"Y",1,"A","-",22107,,"N","A","H","-","A","D","0","Y","A","07",0,1,0,0,0,0,0,0,0,"-","-","UNINCORPORATED","SACRAMENTO","CA",0,0
"6091893",-121.1975091,38.6397465,2013,"3401","2","3","4","03",0,1,"A",,,,,,1500,6,"C","C","A","RT 50","FOLSOM BL",30,"W","N","2014-03-01",9260,"2013-06-05",1345,"12718",,"1","5","0","1",,"2","502","-","Y","SAC",3,50,"-","-",16.92,"H","-","E","N",2,"A","-",22350,,"N","A","H","-","A","A","1","Y","A","01",0,0,1,0,0,0,0,0,0,"-","-","FOLSOM","SACRAMENTO","CA",0,0
"6091889",-121.2187395,38.6325752,2013,"3400","4","7","3","07",0,1,"A",,,"Y",,,2400,6,"B","C","A","HAZEL AV","TRIBUTARY PT DR",57,"S","N","2014-03-03",9260,"2013-06-02",2105,"18705",,"2","9","0","2",,"2","103","-","N",,0,0,,,0,,,,"Y",3,"A","-",21658,"A","N","A","H","-","C","A","0","Y","A","01",0,1,0,0,0,0,0,0,1,"-","-","UNINCORPORATED","SACRAMENTO","CA",-121.21853,38.63257
"6091885",-121.2550031,38.6786851,2013,"3400","4","6","2","12",0,3,"A",,,,,,1800,6,"D","C","A","GREENBACK LN","HOFFMAN LN",0,,"Y","2014-03-03",9260,"2013-06-01",1725,"16429",,"2","9","0","2",,"2","302","-","N",,0,0,,,0,,,,"Y",2,"A","-",22450,"A","N","A","H","-","A","A","0","Y","A","01",1,0,2,0,0,0,0,0,0,"-","-","UNINCORPORATED","SACRAMENTO","CA",0,0
"6091881",-121.2573931,38.6786851,2013,"3400","4","7","4","08",0,1,"A",,,,,,2400,6,"E","I","A","GREENBACK LN","KIFISIA WY",20,"E","N","2014-03-01",9260,"2013-06-02",2205,"18456",,"3","9","0","2",,"2","302","-","N",,0,0,,,0,,,,"Y",1,"A","-",22107,,"N","A","H","-","C","D","0","Y","A","01",0,0,1,0,0,0,0,0,0,"-","-","UNINCORPORATED","SACRAMENTO","CA",0,0
"6090899",-121.1305274,38.569963,2013,"3400","4","4","2","05",0,1,"A",,,"Y",,,1800,5,"A","C","A","SCOTT RD","WHITE ROCK RD",20064,"S","N","2014-02-25",9260,"2013-05-23",1513,"12781",,"2","9","0","2",,"2","103","-","N",,0,0,,,0,,,,"Y",2,"A","-",21460,"A","N","A","H","-","A","D","0","Y","A","01",1,0,0,0,0,0,0,0,1,"-","-","UNINCORPORATED","SACRAMENTO","CA",0,0
"6090831",-121.3580331,38.547305,2013,"3400","5","6","4","12",0,1,"A",,,,,,900,6,"A","C","A","KIEFER BL","TALLYHO DR",0,,"Y","2014-09-10",9260,"2013-06-08",805,"16429",,"1","9","0","3",,"2","001","-","N",,0,0,,,0,,,,"N",2,"A","-",21453,"A","N","A","H","-","A","A","0","Y","A","08",0,0,1,0,0,0,0,0,0,"-","-","UNINCORPORATED","SACRAMENTO","CA",0,0
"6090121",-121.4305275,38.4989717,2013,"3400","4","4","4","03",0,1,"A",,,,,,1500,5,"C","C","A","STOCKTON BL","LINDALE DR",100,"N","N","2014-04-12",9252,"2013-05-16",1220,"00001",,"1","9","0","2",,"2","073","-","N",,0,0,,,0,,,,"N",2,"A","-",22350,,"N","A","H","-","A","D","0","Y","A","01",0,0,1,0,0,0,0,0,0,"-","-","UNINCORPORATED","SACRAMENTO","CA",-121.43024,38.4987
"6090120",-121.4873431,38.5622051,2013,"3404","2","4","4","03",0,1,"A",,,,,,1200,5,"B","C","A","RT 50","16TH ST",35,"E","N","2014-04-12",9252,"2013-05-16",1105,"018763",,"1","7","0","1",,"2","151","-","Y","SAC",3,50,"-","L",1.6,"R","1","W","Y",3,"A","-",22350,,"N","A","H","-","A","A","1","Y","A","08",0,0,1,0,0,0,0,0,0,"-","-","SACRAMENTO","SACRAMENTO","CA",-121.49117,38.56355
"6090119",-121.5157915,38.5709028,2013,"3404","2","4","4","08",0,1,"B",,,,,,900,5,"E","I","A","RT 50","FRONT ST",600,"W","N","2014-04-12",9252,"2013-05-16",600,"18763",,"1","7","0","1",,"2","151","C","Y","SAC",3,50,"-","L",0.04,"H","-","E","Y",1,"A","-",22107,,"N","B","H","-","B","D","1","Y","A","01",0,0,1,0,0,0,0,0,0,"-","-","SACRAMENTO","SACRAMENTO","CA",-121.51512,38.57036
"6089840",-121.4723109,38.5558736,2013,"3404","0","4","4","-",0,2,"A",,,"Y",,,1800,5,"C","C","A","BROADWAY","ALHAMBRA BL",90,"E","N","2014-02-27",3404,"2013-05-09",1628,"487","6A","5","7","0","0",,"0",,"-","N",,0,0,,,0,,,,"N",2,"A","-",0,,"N","A","H","-","A","D","0","Y","C","06",0,0,2,0,0,0,0,0,2,"-","-","SACRAMENTO","SACRAMENTO","CA",0,0
"6089738",-121.3680431,38.5566851,2013,"3400","5","2","4","09",0,1,"A",,,,,,2100,5,"D","C","A","FOLSOM BL","LA QUINTA DR",0,,"Y","2014-02-24",9260,"2013-05-21",1845,"015833",,"2","9","0","3",,"2","001","-","N",,0,0,,,0,,,,"Y",2,"A","-",21802,"A","F","A","H","-","A","A","0","Y","A","01",0,0,1,0,0,0,0,0,0,"-","-","UNINCORPORATED","SACRAMENTO","CA",0,0
"6089737",-121.2017231,38.695835,2013,"3400","5","6","4","03",0,1,"A",,,,,,2100,5,"C","C","A","MAIN AV","NEVINS WY",0,,"Y","2014-02-24",9260,"2013-05-18",2043,"018316",,"2","9","0","3",,"2","003","-","N",,0,0,,,0,,,,"N",2,"A","-",22350,,"F","A","H","-","C","D","0","Y","A","07",0,0,1,0,0,0,0,0,0,"-","-","UNINCORPORATED","SACRAMENTO","CA",-121.1206,38.41448
"6089736",-121.3746713,38.5525645,2013,"3400","4","4","4","03",0,2,"A",,,,,,1200,5,"C","C","A","WATT AV","FOLSOM BL",250,"S","N","2014-02-24",9260,"2013-05-30",1150,"017084",,"1","9","0","2",,"2","101","-","N",,0,0,,,0,,,,"N",2,"A","-",22350,,"N","A","H","-","A","D","0","Y","A","01",0,0,2,0,0,0,0,0,0,"-","-","UNINCORPORATED","SACRAMENTO","CA",0,0
"6089735",-121.3370797,38.5721781,2013,"3400","4","3","4","03",0,1,"A",,,,,,1500,5,"C","C","A","FOLSOM BL","BRADSHAW RD",200,"W","N","2014-02-24",9260,"2013-05-29",1315,"012781",,"1","9","0","2",,"2","101","-","N",,0,0,,,0,,,,"N",2,"A","-",22350,,"N","A","H","-","A","D","0","Y","A","01",0,0,1,0,0,0,0,0,0,"-","-","UNINCORPORATED","SACRAMENTO","CA",0,0
"6089734",-121.0880016,38.6472755,2013,"3400","2","4","4","03",0,1,"A",,,,,,900,5,"C","C","A","RT 50","EL DORADO CO LINE",100,"W","N","2014-02-24",9260,"2013-05-30",750,"012718",,"1","9","0","1",,"2","502","-","Y","SAC",3,50,"-","-",23.12,"H","-","W","Y",3,"A","-",22350,,"N","A","H","-","A","D","1","Y","A","01",0,0,1,0,0,0,0,0,0,"-","-","UNINCORPORATED","SACRAMENTO","CA",0,0
"6089733",-121.295232,38.5863304,2013,"3490","2","4","4","08",0,1,"A",,,,,,900,5,"E","I","A","RT 50","ZINFANDEL DR",2640,"W","N","2014-02-24",9260,"2013-05-30",854,"012900",,"1","5","0","1",,"2","501","-","Y","SAC",3,50,"-","R",10.46,"H","-","W","Y",1,"A","-",22107,,"N","A","H","-","A","D","1","Y","A","01",0,0,1,0,0,0,0,0,0,"-","-","RANCHO CORDOVA","SACRAMENTO","CA",0,0
"6089732",-121.2724912,38.6529213,2013,"3400","4","7","4","07",0,1,"A",,,,,"Y",2100,5,"B","C","A","SUNRISE BL","SUNSET AV",50,"N","N","2014-02-24",9260,"2013-05-26",1910,"018456",,"2","9","0","2",,"2","301","-","N",,0,0,,,0,,,,"Y",2,"A","-",21658,"A","N","A","H","-","B","A","0","Y","A","01",0,0,1,0,0,0,0,0,0,"-","-","UNINCORPORATED","SACRAMENTO","CA",0,0
"6089731",-121.3676079,38.5569143,2013,"3400","4","4","4","03",0,1,"A",,,,,,900,5,"C","C","A","FOLSOM BL","LA QUINTA DR",150,"E","N","2014-02-24",9260,"2013-05-23",645,"015367",,"1","9","0","2",,"2","103","-","N",,0,0,,,0,,,,"N",4,"A","-",22350,,"N","A","H","-","A","D","0","Y","A","01",0,0,1,0,0,0,0,0,0,"-","-","UNINCORPORATED","SACRAMENTO","CA",-121.36738,38.36738
"6089346",-121.4435151,38.5250451,2013,"3404","0","5","3","06",0,3,"A",,,,"Y",,1200,6,"C","C","A","FRUITRIDGE RD","53RD ST",111,"E","N","2014-02-27",3404,"2013-06-07",1157,"0785",,"5","7","0","0",,"0",,"-","N",,0,0,,,0,,,,"Y",2,"A","-",21754,,"N","A","H","-","A","A","0","Y","A","01",0,2,1,0,0,0,0,0,0,"-","-","SACRAMENTO","SACRAMENTO","CA",0,0
"6089332",0,0,2013,"3404","0","1","3","03",0,3,"-",,,,,,900,6,"C","C","A","GATEWAY PARK BL","ARENA BL",162,"S","N","2014-02-28",3404,"2013-06-10",850,"0820","SACRA","5","7","0","0",,"0","01A","-","N",,0,0,,,0,,,,"Y",2,"A","-",22350,,"N","-","-","-","-","D","0","Y","-","-",0,1,2,0,0,0,0,0,0,"-","-","SACRAMENTO","SACRAMENTO","CA",0,0
"6089328",0,0,2013,"3404","0","5","2","-",0,2,"A",,,,,,900,6,"D","C","A","ARENA BL","E COMMERCE WY",0,,"Y","2014-03-01",3404,"2013-06-14",816,"0594","1","5","7","0","0",,"0","01A","-","N",,0,0,,,0,,,,"Y",2,"A","-",0,,"N","A","H","-","A","A","0","Y","A","01",1,0,1,0,0,0,0,0,0,"-","-","SACRAMENTO","SACRAMENTO","CA",0,0
"6088038",-121.4609831,38.606385,2013,"3404","0","5","3","09",0,1,"A",,,,,,2100,5,"-","C","A","ARDEN WY","EL MONTE AV",0,,"Y","2014-02-24",3404,"2013-05-31",1822,"234",,"5","7","0","0",,"0","02C","-","N",,0,0,,,0,,,,"Y",2,"A","-",21802,"A","N","A","H","-","A","D","0","Y","D","22",0,1,0,0,0,0,0,0,0,"-","-","SACRAMENTO","SACRAMENTO","CA",0,0
"6088034",-121.4778231,38.5711651,2013,"3404","0","6","3","12",0,1,"A",,"Y",,,,1200,6,"H","G","A","N ST","23RD ST",0,,"Y","2014-03-06",3404,"2013-06-01",1049,"0756",,"5","7","0","0",,"0","03B","-","N",,0,0,,,0,,,,"N",2,"A","-",22450,"A","N","A","H","-","A","A","0","Y","L","04",0,1,0,0,0,0,1,0,0,"-","-","SACRAMENTO","SACRAMENTO","CA",0,0
"6088030",-121.4785931,38.5591351,2013,"3404","0","5","4","00",0,1,"A",,,,,,300,5,"D","C","A","X ST","26TH ST",0,,"Y","2014-02-24",3404,"2013-05-31",147,"0463","DIST4","5","7","0","0",,"0","00A","-","N",,0,0,,,0,,,,"Y",2,"D","-",0,,"N","A","H","-","C","A","0","Y","-","-",0,0,1,0,0,0,0,0,0,"-","-","SACRAMENTO","SACRAMENTO","CA",0,0
"6087987",0,0,2013,"3404","0","5","4","03",0,1,"A",,,,,,1500,3,"C","C","A","NORTHGATE BL","NORTHGATE BL 2900",0,,"N","2014-02-08",3404,"2013-03-01",1340,"839",,"5","7","0","0",,"0",,"-","N",,0,0,,,0,,,,,4,"A","-",22350,,"F","A","H","-","A","D","0","Y","-","-",0,0,1,0,0,0,0,0,0,"-","-","SACRAMENTO","SACRAMENTO","CA",0,0
"6087873",-121.2942431,38.253965,2013,"3402","0","2","4","12",0,3,"A",,,,,,900,1,"D","C","A","FAIRWAY","C ST",0,,"Y","2014-01-24",3402,"2013-01-22",604,"189","0","5","3","0","0",,"0","000","-","N",,0,0,,,0,,,,"N",2,"A","-",21453,"A","N","A","H","-","C","A","0","Y","-","-",0,0,3,0,0,0,0,0,0,"-","-","GALT","SACRAMENTO","CA",0,0
"6087867",-121.290133,38.2487151,2013,"3402","0","4","4","12",0,1,"A",,,,,,1500,1,"D","C","A","A ST","RT 99",0,,"Y","2014-02-25",3402,"2013-01-17",1220,"29","0","5","3","0","0",,"0","002","-","Y","SAC",3,99,"-","-",0.35,"R","4","S","N",2,"A","-",21453,"A","N","A","H","-","A","A","0","Y","-","-",0,0,1,0,0,0,0,0,0,"-","TO","GALT","SACRAMENTO","CA",0,0
"6087615",-121.2255678,38.6535297,2013,"3400","4","2","4","03",0,1,"A",,,,"Y",,2100,5,"C","C","A","HAZEL AV","SUNSET AV",100,"N","N","2014-02-25",9260,"2013-05-28",1825,"12781",,"2","9","0","2",,"2","301","-","N",,0,0,,,0,,,,"N",3,"A","-",22350,,"N","A","H","-","A","D","0","Y","G","25",0,0,1,0,0,0,0,0,0,"-","-","UNINCORPORATED","SACRAMENTO","CA",0,0
"6087614",-121.3365367,38.5294179,2013,"3400","5","3","4","03",0,1,"A",,,,"Y",,1200,5,"C","C","A","RT 16","BRADSHAW RD",493,"W","N","2014-03-11",9260,"2013-05-29",1145,"016352",,"1","9","0","3",,"2","001","-","Y","SAC",3,16,"-","-",6.13,"H","-","W","Y",3,"A","-",22350,,"N","A","H","-","A","D","0","Y","F","21",0,0,1,0,0,0,0,0,0,"-","-","UNINCORPORATED","SACRAMENTO","CA",-121.33623,38.52924
"6087613",-121.2135695,38.6697471,2013,"3400","5","7","3","01",0,1,"A",,,,,"Y",300,5,"E","I","A","GREEN ACRES WY","KENDRICK WY",36,"S","N","2014-02-22",9260,"2013-05-26",205,"18352",,"3","9","0","3",,"2","003","-","N",,0,0,,,0,,,,"Y",1,"A","-",23152,"A","N","A","H","-","C","D","0","Y","D","22",0,1,0,0,0,0,0,0,0,"-","-","UNINCORPORATED","SACRAMENTO","CA",-121.21353,38.66963
"6087611",-121.3391231,38.5584716,2013,"3400","4","5","4","18",0,1,"A",,,,,,900,5,"H","A","A","HANK ST","KNICKERS CT",57,"N","N","2014-02-22",9260,"2013-05-31",815,"17084",,"1","9","1","2",,"2","101","-","N",,0,0,,,0,,,,"N",1,"C","-",0,,"N","A","H","-","A","A","0","Y","-","-",0,0,1,0,0,0,0,0,0,"-","-","UNINCORPORATED","SACRAMENTO","CA",-121.2021,38.33309
"6087555",-121.2447303,38.7165772,2013,"3496","0","3","4","00",0,1,"A",,,,,,1800,4,"E","I","A","OLD AUBURN RD","WACHTEL WY",85,"W","N","2014-02-19",3496,"2013-04-24",1628,"181",,"5","5","0","0",,"0","002","-","N",,0,0,,,0,,,,"Y",1,"D","-",0,,"N","A","H","-","A","A","0","Y","-","-",0,0,1,0,0,0,0,0,0,"-","-","CITRUS HEIGHTS","SACRAMENTO","CA",0,0
"6087549",-121.3146832,38.682895,2013,"3496","0","4","2","09",0,3,"A",,,,,,1800,4,"D","C","A","AUBURN BL","DONEGAL DR",0,,"Y","2014-02-19",3496,"2013-04-25",1615,"134",,"5","5","0","0",,"0",,"-","N",,0,0,,,0,,,,"Y",2,"A","-",21801,"A","N","A","H","-","A","D","0","Y","A","01",1,1,1,0,0,0,0,0,0,"-","-","CITRUS HEIGHTS","SACRAMENTO","CA",0,0
"6087529",-121.4180231,38.4235151,2013,"3450","0","5","4","03",0,1,"A",,,,,,1800,4,"C","C","A","LAGUNA BL","BRUCEVILLE RD",0,,"Y","2014-02-19",340,"2013-04-12",1651,"10309","2304","5","5","0","0",,"0","002","-","N",,0,0,,,0,,,,"Y",2,"A","-",22350,,"N","A","H","-","A","A","0","Y","A","01",0,0,1,0,0,0,0,0,0,"-","-","ELK GROVE","SACRAMENTO","CA",0,0
"6087398",-121.2688745,38.7035663,2013,"3496","0","6","3","09",0,1,"A",,,,,,1800,5,"D","C","A","SAGINAW WY","WAPITI PL",15,"N","N","2014-02-22",3496,"2013-05-18",1750,"183","3496","5","5","0","0",,"0","002","-","N",,0,0,,,0,,,,"N",2,"A","-",21800,"B","N","A","H","-","A","D","0","Y","A","01",0,1,0,0,0,0,0,0,0,"-","-","CITRUS HEIGHTS","SACRAMENTO","CA",0,0
"6087035",0,0,2013,"3450","0","5","4","03",0,1,"A",,,,,,1800,5,"C","C","A","POWER INN RD","GENEVA POINT DR",0,,"Y","2014-03-27",340,"2013-05-03",1556,"10328","3102","5","5","0","0",,"0","003","-","N",,0,0,,,0,,,,"N",2,"A","-",22350,,"N","A","H","-","A","A","0","Y","A","08",0,0,1,0,0,0,0,0,0,"-","-","ELK GROVE","SACRAMENTO","CA",0,0
"6086477",-121.4695531,38.5628551,2013,"3404","0","5","4","12",0,1,"A",,,,,,1800,5,"B","C","A","ALHAMBRA BL","S ST",0,,"Y","2014-02-20",3404,"2013-05-17",1657,"0723",,"5","7","0","0",,"0","03C","-","Y",,0,0,,,0,,,,"Y",2,"A","-",21453,"A","N","A","H","-","A","A","0","Y","A","01",0,0,1,0,0,0,0,0,0,"-","-","SACRAMENTO","SACRAMENTO","CA",0,0
"6086414",-121.4426077,38.5249388,2013,"3404","0","1","4","03",0,2,"B",,,,,,2400,5,"D","C","A","STOCKTON BL","FRUITRIDGE RD",40,"S","N","2014-02-20",3404,"2013-05-27",2251,"0399","6B","5","7","0","0",,"0",,"-","N",,0,0,,,0,,,,"N",3,"A","-",22350,,"N","B","H","-","C","D","0","Y","A","01",0,0,2,0,0,0,0,0,0,"-","-","SACRAMENTO","SACRAMENTO","CA",0,0
"6086410",-121.4462032,38.6064351,2013,"3404","0","7","3","01",0,1,"A",,,,,,2400,5,"E","I","A","ARDEN WY","BOXWOOD ST",0,,"Y","2014-02-20",3404,"2013-05-26",2308,"808","2C","5","7","0","0",,"0","02C","-","N",,0,0,,,0,,,,"Y",1,"A","-",23152,"A","N","A","H","-","C","A","0","Y","A","01",0,1,0,0,0,0,0,0,0,"-","-","SACRAMENTO","SACRAMENTO","CA",0,0
"6086406",-121.4700434,38.5532537,2013,"3404","0","3","3","09",0,1,"A",,,"Y",,,1800,5,"H","-","A","BROADWAY","2ND AV",5,"E","N","2014-02-20",3404,"2013-05-22",1711,"0487",,"5","7","0","0",,"0",,"-","N",,0,0,,,0,,,,"N",2,"A","-",21801,"A","F","A","H","-","A","D","0","Y","A","01",0,1,0,0,0,0,0,0,1,"-","-","SACRAMENTO","SACRAMENTO","CA",0,0
"6086402",-121.4496632,38.607505,2013,"3404","0","5","4","09",0,1,"A",,,,,,1800,5,"A","C","A","CAMBRIDGE ST","CALVADOS AV",0,,"Y","2014-02-20",3404,"2013-05-17",1730,"0584","2","5","7","0","0",,"0","00C","-","N",,0,0,,,0,,,,"Y",2,"A","-",21801,"B","N","A","H","-","A","A","0","Y","-","-",0,0,1,0,0,0,0,0,0,"-","-","SACRAMENTO","SACRAMENTO","CA",0,0
"6086130",-121.4090707,38.5250751,2013,"3404","0","3","4","04",0,1,"A",,,,"Y",,1800,5,"C","C","A","FRUIT RIDGE RD","POWER INN RD",15,"E","N","2014-02-21",3404,"2013-05-22",1647,"0593",,"5","7","0","0",,"0","06C","-","N",,0,0,,,0,,,,"N",2,"A","-",21703,,"N","A","H","-","A","A","0","Y","F","27",0,0,1,0,0,0,0,0,0,"-","-","SACRAMENTO","SACRAMENTO","CA",0,0
"6085815",-121.495633,38.495895,2013,"3404","0","2","2","11",0,1,"A","Y",,,,,2400,5,"-","B","D","FLORIN RD","CROMWELL WY",0,,"Y","2014-02-20",3404,"2013-05-14",2205,"529",,"5","7","0","0",,"0","04B","-","N",,0,0,,,0,,,,"N",2,"A","-",21954,"A","N","A","H","-","C","D","0","Y","N","60",1,0,0,0,1,0,0,0,0,"-","-","SACRAMENTO","SACRAMENTO","CA",0,0
"6085814",-121.4802124,38.5755495,2013,"3404","0","3","4","03",0,1,"A",,,,,,1500,5,"C","C","A","K ST","20TH ST",57,"E","N","2014-02-20",3404,"2013-05-15",1327,"0914",,"5","7","0","0",,"0",,"-","N",,0,0,,,0,,,,"N",2,"A","-",22350,,"N","A","H","-","A","D","0","Y","A","01",0,0,1,0,0,0,0,0,0,"-","-","SACRAMENTO","SACRAMENTO","CA",0,0
"6085430",-121.4912443,38.5632549,2013,"3404","2","7","4","03",0,1,"A",,,,,,1800,5,"C","C","A","RT 50","22ND ST",200,"E","N","2014-02-25",9252,"2013-05-12",1520,"14977",,"2","7","0","1",,"2","150","-","Y","SAC",3,50,"-","L",1.38,"H","-","W","Y",2,"A","-",22350,,"N","A","H","-","A","D","1","Y","A","01",0,0,1,0,0,0,0,0,0,"-","-","SACRAMENTO","SACRAMENTO","CA",-121.49347,38.56373
"6085410",-121.5072506,38.5782752,2013,"3404","1","3","4","03",0,2,"A",,,,,,1500,5,"C","-","A","RT 5","R ST",150,"S","N","2014-02-25",9252,"2013-05-22",1420,"14296",,"2","7","0","1",,"2","108","-","Y","SAC",3,5,"-","-",23.041,"R","1","S","N",3,"A","-",22350,,"N","A","H","-","A","D","1","Y","D","22",0,0,2,0,0,0,0,0,0,"TO","-","SACRAMENTO","SACRAMENTO","CA",-121.50917,38.57402
"6085402",-121.4565509,38.5062045,2013,"3404","3","2","4","03",0,1,"A",,,,,,900,5,"C","C","A","RT 99","47TH AV",1584,"S","N","2014-02-25",9252,"2013-05-14",620,"15006",,"1","7","0","1",,"2","192","-","Y","SAC",3,99,"-","-",20.56,"H","-","N","Y",4,"A","-",22350,,"N","A","H","-","A","D","1","Y","A","01",0,0,1,0,0,0,0,0,0,"-","-","SACRAMENTO","SACRAMENTO","CA",-121.4192,38.3988
"6085398",0,0,2013,"3400","5","3","3","08",0,1,"A",,,,,,1200,5,"C","E","A","LA GRANDE BL","FRANKLIN BL",2640,"W","N","2014-02-25",9252,"2013-05-15",1020,"12149",,"1","9","0","3",,"2","070","-","N",,0,0,,,0,,,,"Y",2,"A","-",22107,,"N","A","H","-","A","D","0","Y","D","22",0,1,0,0,0,0,0,0,0,"-","-","UNINCORPORATED","SACRAMENTO","CA",-121.76951,38.34169
"6085378",-121.446831,38.5250051,2013,"3400","4","1","3","11",0,2,"A","Y",,,,,2400,5,"G","B","D","FRUITRIDGE RD","49TH ST",48,"W","N","2014-02-25",9252,"2013-05-20",2125,"18139",,"2","9","0","2",,"1","071","-","N",,0,0,,,0,,,,"N",2,"A","-",21955,,"N","A","H","-","C","D","0","Y","N","60",0,1,1,0,1,0,0,0,0,"-","-","UNINCORPORATED","SACRAMENTO","CA",-121.4468,38.5247
"6085357",-121.5036331,38.5665751,2013,"3400","2","5","4","03",0,1,"A",,,,"Y",,1200,5,"C","C","A","RT 50","RT 5",1056,"E","N","2013-09-05",9252,"2013-05-17",925,"15342",,"1","9","0","1",,"2","150","-","Y","SAC",3,50,"-","L",0.68,"H","-","W","Y",4,"A","-",22350,,"N","A","H","-","A","D","1","Y","A","01",0,0,1,0,0,0,0,0,0,"-","-","UNINCORPORATED","SACRAMENTO","CA",-121.50445,38.56688
"6085353",-121.2422398,38.4850687,2013,"3400","4","2","3","01",0,1,"A",,,,,"Y",2400,5,"E","I","A","GRANT LINE RD","SHELDON LAKE DR",3,"W","N","2014-02-25",9252,"2013-05-21",2140,"17679",,"2","9","0","2",,"2","082","-","N",,0,0,,,0,,,,"Y",1,"A","-",23152,"A","N","A","H","-","C","A","0","Y","D","22",0,1,0,0,0,0,0,0,0,"-","-","UNINCORPORATED","SACRAMENTO","CA",-121.2424,38.48474
"6085337",-121.5044031,38.5813051,2013,"3404","1","5","4","03",0,1,"A",,,,,,1800,5,"C","C","A","RT 5","J ST",528,"S","N","2014-02-25",9252,"2013-05-17",1550,"18159",,"2","7","0","1",,"2","108","-","Y","SAC",3,5,"-","-",23.56,"H","-","S","N",2,"A","-",22350,,"N","A","H","-","A","D","1","Y","D","22",0,0,1,0,0,0,0,0,0,"-","-","SACRAMENTO","SACRAMENTO","CA",-121.50358,38.58362