"CASEID","POINT_X","POINT_Y","YEAR_","LOCATION","CHPTYPE","DAYWEEK","CRASHSEV","VIOLCAT","KILLED","INJURED","WEATHER1","PEDCOL","BICCOL","MCCOL","TRUCKCOL","ETOH","TIMECAT","MONTH_","CRASHTYP","INVOLVE","PED","PRIMARYRD","SECONDRD","DISTANCE","DIRECT","INTERSECT_","PROCDATE","JURIS","DATE_","TIME_","BADGE","JURIDIST","SHIFT","POP","SPECIAL","BEATTYPE","LAPDDIV","BEATCLAS","BEATNUMB","WEATHER2","STATEHW","CALTRANC","CALTRAND","STROUTE","ROUTESUF","POSTPRE","POSTMILE","LOCATYPE","RAMP","SIDEHW","TOWAWAY","PARTIES","PCF","VIOLCODE","VIOL","VIOLSUB","HITRUN","ROADSURF","RDCOND1","RDCOND2","LIGHTING","RIGHTWAY","CHPRDTYP","NOTPRIV","STFAULT","CHPFAULT","SEVINJ","OTHERINJ","COP","PEDKILL","PEDINJ","BICKILL","BICINJ","MCKILL","MCINJURE","RAMP1","RAMP2","CITY","COUNTY","STATE","X_CHP","Y_CHP"
"6047385",-121.3875459,38.67333,2013,"3400","5","2","3","08",0,1,"A",,,,,,2100,3,"B","E","A","DUDLEY BL","SKVARLA AV",530,"N","N","2014-02-12",9250,"2013-03-26",1855,"15866",,"2","9","0","3",,"2","060","-","N",,0,0,,,0,,,,"Y",3,"A","-",22107,,"N","A","H","-","A","D","0","Y","A","07",0,1,0,0,0,0,0,0,0,"-","-","UNINCORPORATED","SACRAMENTO","CA",0,0
"6047384",-121.3581342,38.7113333,2013,"3400","5","5","3","09",0,3,"A",,,,,,2100,4,"D","C","A","ELVERTA RD","PALMERSON DR",580,"E","N","2014-02-13",9250,"2013-04-26",1805,"15961",,"2","9","0","3",,"2","010","-","N",,0,0,,,0,,,,"Y",3,"A","-",21801,"A","N","A","H","-","A","D","0","Y","D","22",0,1,2,0,0,0,0,0,0,"-","-","UNINCORPORATED","SACRAMENTO","CA",0,0
"6047379",-121.3382408,38.6810232,2013,"3400","1","3","4","03",0,1,"A",,,,,,1800,3,"C","C","A","RT 80","GREENBACK LN",720,"W","N","2014-11-18",9250,"2013-03-27",1710,"12602",,"2","9","0","1",,"2","184","-","Y","SAC",3,80,"-","-",14.31,"H","-","E","N",3,"A","-",22350,,"N","A","H","-","A","D","1","Y","A","01",0,0,1,0,0,0,0,0,0,"-","-","UNINCORPORATED","SACRAMENTO","CA",0,0
"6047377",-121.3293319,38.689104,2013,"3400","1","2","4","03",0,1,"A",,,,,,1800,4,"C","C","A","RT 80","GREENBACK LN",3000,"E","N","2014-02-13",9250,"2013-04-09",1555,"14142",,"2","9","0","1",,"2","184","-","Y","SAC",3,80,"-","-",15.02,"H","-","E","N",2,"A","-",22350,,"N","A","H","-","A","D","1","Y","D","22",0,0,1,0,0,0,0,0,0,"-","-","UNINCORPORATED","SACRAMENTO","CA",0,0
"6047376",-121.4944744,38.6367887,2013,"3404","1","2","4","03",0,1,"A",,,,,,1800,4,"C","C","A","RT 80","TRUXEL RD",1500,"E","N","2014-02-14",9250,"2013-04-09",1552,"14810",,"2","7","0","1",,"2","182","-","Y","SAC",3,80,"-","M",3.92,"H","-","E","Y",3,"A","-",22350,,"N","A","H","-","A","D","1","Y","A","01",0,0,1,0,0,0,0,0,0,"-","-","SACRAMENTO","SACRAMENTO","CA",0,0
"6047374",-121.3613031,38.6601051,2013,"3400","1","4","4","08",0,1,"B",,,,"Y",,1500,4,"D","C","A","RT 80","MADISON AV",40,"E","N","2014-02-15",9250,"2013-04-04",1325,"15369",,"1","9","0","1",,"2","183","-","Y","SAC",3,80,"-","-",12.502,"R","1","W","Y",2,"A","-",22107,,"N","B","H","-","A","D","1","Y","A","01",0,0,1,0,0,0,0,0,0,"FR","-","UNINCORPORATED","SACRAMENTO","CA",0,0
"6047373",-121.3301405,38.6889287,2013,"3496","1","3","3","07",0,2,"B",,,,,,900,2,"B","C","A","RT 80","GREENBACK LN",2640,"E","N","2014-11-18",9250,"2013-02-27",640,"12047",,"1","5","0","1",,"2","183","-","Y","SAC",3,80,"-","-",14.95,"H","-","W","Y",4,"A","-",21658,"A","N","A","H","-","A","D","1","Y","E","22",0,1,1,0,0,0,0,0,0,"-","-","CITRUS HEIGHTS","SACRAMENTO","CA",0,0
"6047371",-121.3795745,38.6459112,2013,"3400","1","7","4","01",0,1,"B",,,,"Y",,2100,4,"C","C","A","RT 80","RT 244",2026,"E","N","2014-02-18",9250,"2013-04-07",1820,"017818",,"2","9","0","1",,"2","183","-","Y","SAC",3,80,"-","R",10.73,"H","-","W","Y",2,"A","-",23152,"A","N","A","H","-","A","D","1","Y","D","22",0,0,1,0,0,0,0,0,0,"-","-","UNINCORPORATED","SACRAMENTO","CA",0,0
"6047370",-121.522022,38.6350755,2013,"3400","1","1","4","08",0,1,"A",,,,,,600,4,"E","I","A","RT 5","ARENA BL",3432,"S","N","2014-02-13",9250,"2013-04-08",555,"18461",,"3","9","0","1",,"2","106","-","Y","SAC",3,5,"-","-",27.41,"H","-","S","Y",1,"A","-",22107,,"N","A","H","-","B","D","1","Y","D","22",0,0,1,0,0,0,0,0,0,"-","-","UNINCORPORATED","SACRAMENTO","CA",0,0
"6047369",-121.328833,38.608375,2013,"3404","4","4","4","01",0,1,"A",,,,,"Y",2400,4,"A","C","A","FAIR OAKS BL","WEDGEWOOD AV",0,,"Y","2014-02-14",9250,"2013-04-11",2140,"16141",,"2","7","0","2",,"1","053","-","Y",,0,0,,,0,,,,"Y",2,"A","-",23152,"A","N","A","H","-","C","D","0","Y","A","07",0,0,1,0,0,0,0,0,0,"-","-","SACRAMENTO","SACRAMENTO","CA",0,0
"6047365",-121.3116295,38.7057846,2013,"3400","1","7","2","08",0,3,"A",,,,,,300,3,"E","I","A","RT 80","ELKHORN BL",650,"E","N","2014-11-05",9250,"2013-03-24",220,"17397",,"3","9","0","1",,"2","183","-","Y","SAC",3,80,"-","-",16.65,"H","-","W","Y",1,"A","-",22107,,"F","A","H","-","C","D","1","Y","D","22",2,0,1,0,0,0,0,0,0,"-","-","UNINCORPORATED","SACRAMENTO","CA",0,0
"6047363",-121.507826,38.6057876,2013,"3404","1","7","3","03",0,1,"B",,,,"Y",,1200,3,"D","C","A","RT 5","GARDEN HWY",80,"N","N","2014-12-03",9250,"2013-03-31",1020,"17306",,"1","7","0","1",,"2","106","-","Y","SAC",3,5,"-","-",25.36,"H","-","S","Y",2,"A","-",22350,,"N","B","H","-","A","D","1","Y","D","22",0,1,0,0,0,0,0,0,0,"-","-","SACRAMENTO","SACRAMENTO","CA",0,0
"6047361",-121.3946438,38.6330813,2013,"3404","3","5","3","07",0,1,"A",,,,,,1800,4,"E","I","A","RT 51","FULTON AV",2112,"N","N","2014-02-14",9250,"2013-04-05",1507,"17863",,"2","7","0","1",,"2","152","-","Y","SAC",3,51,"-","-",7.18,"H","-","S","Y",2,"A","-",21658,"A","F","A","H","-","A","D","1","Y","D","22",0,1,0,0,0,0,0,0,0,"-","-","SACRAMENTO","SACRAMENTO","CA",0,0
"6046719",-121.429173,38.640085,2013,"3404","0","3","2","00",0,3,"A",,,,,,1800,5,"A","C","A","MARYSVILLE BL","NORTH AV",0,,"Y","2014-02-28",3404,"2013-05-01",1615,"0211",,"5","7","0","0",,"0",,"-","N",,0,0,,,0,,,,"Y",2,"D","-",0,,"N","A","H","-","A","A","0","Y","-","-",1,2,0,0,0,0,0,0,0,"-","-","SACRAMENTO","SACRAMENTO","CA",0,0
"6046690",-121.4979131,38.627485,2013,"3404","0","1","4","11",0,1,"-","Y",,,,,1800,4,"G","B","B","TRUXEL RD","SAN JUAN RD",0,,"Y","2014-04-02",3404,"2013-04-29",1621,"414","SPD","5","7","0","0",,"0","01B","-","N",,0,0,,,0,,,,"N",2,"A","-",21456,"B","F","-","-","-","-","A","0","Y","N","60",0,0,1,0,1,0,0,0,0,"-","-","SACRAMENTO","SACRAMENTO","CA",0,0
"6046686",-121.4763831,38.574525,2013,"3404","0","2","4","09",0,1,"A",,,,,,1500,4,"D","C","A","K ST","23RD ST",0,,"Y","2014-02-15",3404,"2013-04-23",1350,"482",,"5","7","0","0",,"0",,"-","N",,0,0,,,0,,,,"Y",2,"A","-",21802,"A","N","A","H","-","A","A","0","Y","A","01",0,0,1,0,0,0,0,0,0,"-","-","SACRAMENTO","SACRAMENTO","CA",0,0
"6046682",-121.4328507,38.6380715,2013,"3404","0","3","4","21",0,1,"A","Y",,,,,1200,4,"G","B","F","ELM ST","HARRIS AV",96,"S","N","2014-02-15",3404,"2013-04-10",1001,"214",,"5","7","0","0",,"0","02A","-","N",,0,0,,,0,,,,"N",2,"A","-",22106,,"N","A","H","-","A","D","0","Y","-","-",0,0,1,0,1,0,0,0,0,"-","-","SACRAMENTO","SACRAMENTO","CA",0,0
"6046652",-121.5021472,38.5972072,2013,"3404","0","5","3","11",0,1,"A","Y",,,,,900,5,"G","B","D","RICHARDS BL","BERCUT DR",16,"E","N","2014-02-28",3404,"2013-05-03",652,"0600",,"5","7","0","0",,"0",,"-","N",,0,0,,,0,,,,"N",2,"A","-",21954,"A","N","A","H","-","A","A","0","Y","N","60",0,1,0,0,1,0,0,0,0,"-","-","SACRAMENTO","SACRAMENTO","CA",0,0
"6046648",0,0,2013,"3404","0","3","4","12",0,1,"A",,"Y",,,"Y",2100,5,"H","G","A","59TH ST","I ST",30,"S","N","2014-02-22",3404,"2013-05-01",2020,"0574",,"5","7","0","0",,"0",,"-","N",,0,0,,,0,,,,"N",2,"A","-",21453,"A","N","A","H","-","C","A","0","Y","L","04",0,0,1,0,0,0,1,0,0,"-","-","SACRAMENTO","SACRAMENTO","CA",0,0
"6046644",-121.5025184,38.6075922,2013,"3404","0","3","2","11",0,1,"A",,"Y",,,,2100,5,"H","G","A","GARDEN HWY","NATOMAS PARK DR",69,"W","N","2014-02-28",3404,"2013-05-01",1801,"0758","1","5","7","0","0",,"0","00B","-","N",,0,0,,,0,,,,"Y",2,"A","-",21955,,"N","A","H","-","A","-","0","Y","L","04",1,0,0,0,0,0,1,0,0,"-","-","SACRAMENTO","SACRAMENTO","CA",0,0
"6046355",-121.466673,38.569455,2013,"3404","0","5","4","12",0,1,"A",,,,,,1200,5,"D","C","A","CAPITOL AV","ALHAMBRA BL",0,,"Y","2014-06-27",3404,"2013-05-03",900,"0600",,"5","7","0","0",,"0",,"-","N",,0,0,,,0,,,,"Y",2,"A","-",21453,"A","N","A","H","-","A","A","0","Y","A","01",0,0,1,0,0,0,0,0,0,"-","-","SACRAMENTO","SACRAMENTO","CA",0,0
"6046119",-121.5211168,38.5230105,2013,"3404","0","7","2","11",0,1,"A","Y",,,,,1500,4,"G","B","D","35TH AV","RIVERSIDE BL",340,"E","N","2014-02-15",3404,"2013-04-14",1228,"0430","4A","5","7","0","0",,"0",,"-","N",,0,0,,,0,,,,"N",2,"A","-",21954,"A","N","A","H","-","A","D","0","Y","N","60",1,0,0,0,1,0,0,0,0,"-","-","SACRAMENTO","SACRAMENTO","CA",0,0
"6046115",-121.4349131,38.631525,2013,"3404","0","2","2","12",0,2,"A",,,"Y",,,1200,4,"D","C","A","NOGALES ST","HIGH ST",0,,"Y","2014-02-15",3404,"2013-04-16",1120,"0778",,"5","7","0","0",,"0","907","-","N",,0,0,,,0,,,,"Y",2,"A","-",22450,"A","N","A","G","-","A","D","0","Y","C","03",1,0,1,0,0,0,0,0,2,"-","-","SACRAMENTO","SACRAMENTO","CA",0,0
"6046111",-121.4915087,38.5773112,2013,"3404","0","5","4","06",0,1,"A",,,,,,1500,4,"B","C","A","L ST","12TH ST",75,"E","N","2014-02-15",3404,"2013-04-19",1336,"442","3M","5","7","0","0",,"0","0P3","-","N",,0,0,,,0,,,,"N",2,"A","-",21750,,"F","A","H","-","A","D","0","Y","A","01",0,0,1,0,0,0,0,0,0,"-","-","SACRAMENTO","SACRAMENTO","CA",0,0
"6045925",-121.4139461,38.572319,2013,"3404","0","1","4","09",0,2,"A",,,,,,1200,4,"D","C","A","HOWE AV","UNIVERSITY AV",192,"N","N","2014-02-15",3404,"2013-04-29",1145,"756","CENTR","5","7","0","0",,"0","03C","-","N",,0,0,,,0,,,,"N",2,"A","-",21804,"A","N","A","H","-","A","D","0","Y","A","01",0,0,2,0,0,0,0,0,0,"-","-","SACRAMENTO","SACRAMENTO","CA",0,0
"6045921",-121.4344331,38.595365,2013,"3404","0","6","4","03",0,1,"A",,,,,,300,4,"C","C","A","EXPOSITION BL","HERITAGE LN",0,,"Y","2014-08-13",3404,"2013-04-27",220,"0480",,"5","7","0","0",,"0","02C","-","N",,0,0,,,0,,,,"N",2,"A","-",22350,,"N","A","H","-","C","A","0","Y","-","-",0,0,1,0,0,0,0,0,0,"-","-","SACRAMENTO","SACRAMENTO","CA",0,0
"6045904",-121.4920926,38.563205,2013,"3404","2","3","4","03",0,1,"A",,,,,,900,4,"C","C","A","RT 50","15TH ST",20,"E","N","2014-02-18",9252,"2013-04-17",830,"14561",,"1","7","0","1",,"2","151","-","Y","SAC",3,50,"-","L",1.36,"H","-","E","Y",3,"A","-",22350,,"N","A","H","-","A","D","1","Y","A","01",0,0,1,0,0,0,0,0,0,"-","-","SACRAMENTO","SACRAMENTO","CA",0,0
"6045900",-121.5220018,38.51423,2013,"3404","1","3","4","07",0,1,"A",,,,"Y",,900,4,"B","C","A","RT 5","GLORIA DR",1056,"N","N","2014-02-15",9252,"2013-04-17",850,"14453",,"1","7","0","1",,"2","107","-","Y","SAC",3,5,"-","-",18.39,"H","-","N","Y",3,"A","-",21658,"A","N","A","H","-","A","D","1","Y","A","01",0,0,1,0,0,0,0,0,0,"-","-","SACRAMENTO","SACRAMENTO","CA",-121.52184,38.5119
"6045594",-121.3366531,38.6664143,2013,"3400","5","3","4","05",0,1,"A",,"Y",,,,1500,2,"D","G","A","GARFIELD AV","WHITE FIR WY",200,"N","N","2015-01-22",9250,"2013-02-27",1330,"012460",,"1","9","0","3",,"2","020","-","N",,0,0,,,0,,,,"N",2,"A","-",21650,,"N","A","H","-","A","D","0","Y","L","04",0,0,1,0,0,0,1,0,0,"-","-","UNINCORPORATED","SACRAMENTO","CA",0,0
"6045592",0,0,2013,"3400","4","7","3","01",0,1,"A",,,,,"Y",2100,2,"C","C","A","EL CAMINO AV","HOWE AV",160,"W","N","2014-01-28",9250,"2013-02-24",1850,"017752",,"2","9","0","2",,"1","044","-","N",,0,0,,,0,,,,"Y",4,"A","-",23152,"A","N","A","H","-","A","A","0","Y","A","07",0,1,0,0,0,0,0,0,0,"-","-","UNINCORPORATED","SACRAMENTO","CA",0,0
"6045591",-121.3830832,38.6126699,2013,"3400","4","3","4","07",0,1,"A",,,,,,900,2,"B","C","A","WATT AV","KENTFIELD DR",60,"N","N","2014-01-28",9250,"2013-02-27",805,"017509",,"1","9","0","2",,"1","045","-","N",,0,0,,,0,,,,"N",4,"A","-",21658,"A","N","A","H","-","A","D","0","Y","A","01",0,0,1,0,0,0,0,0,0,"-","-","UNINCORPORATED","SACRAMENTO","CA",0,0
"6045590",-121.4154227,38.5963467,2013,"3400","4","3","4","03",0,1,"A",,,,,,1800,2,"C","C","A","HOWE AV","ARDEN WY",37,"N","N","2014-01-28",9250,"2013-02-20",1725,"016225",,"2","9","0","2",,"1","041","-","N",,0,0,,,0,,,,"N",3,"A","-",22350,,"N","A","H","-","B","D","0","Y","A","01",0,0,1,0,0,0,0,0,0,"-","-","UNINCORPORATED","SACRAMENTO","CA",0,0
"6045589",-121.3306931,38.6482251,2013,"3400","5","5","3","09",0,1,"A",,,,,,900,2,"D","C","A","WINDING WY","WINDMILL WY",0,,"Y","2014-01-29",9250,"2013-02-01",630,"014845",,"1","9","0","3",,"2","020","-","N",,0,0,,,0,,,,"Y",2,"A","-",21802,"A","N","A","H","-","B","A","0","Y","A","01",0,1,0,0,0,0,0,0,0,"-","-","UNINCORPORATED","SACRAMENTO","CA",0,0
"6045588",-121.3685398,38.6743666,2013,"3400","5","3","4","01",0,1,"A",,,,,"Y",300,2,"D","E","A","GILMAN WY","SANTA FE WY",295,"E","N","2014-01-29",9250,"2013-02-13",18,"017866",,"3","9","0","3",,"2","010","-","N",,0,0,,,0,,,,"N",3,"A","-",23152,"A","N","A","H","-","C","D","0","Y","A","08",0,0,1,0,0,0,0,0,0,"-","-","UNINCORPORATED","SACRAMENTO","CA",0,0
"6045587",-121.3924132,38.714495,2013,"3400","5","4","4","12",0,2,"A",,,,,,2100,2,"D","C","A","ELVERTA RD","WATT AV",0,,"Y","2014-01-29",9250,"2013-02-21",2015,"017999",,"2","9","0","3",,"2","010","-","N",,0,0,,,0,,,,"Y",2,"A","-",21453,"A","N","A","H","-","C","A","0","Y","A","07",0,0,2,0,0,0,0,0,0,"-","-","UNINCORPORATED","SACRAMENTO","CA",0,0
"6045586",-121.3281031,38.6354551,2013,"3400","4","3","4","09",0,2,"A",,,,,,1800,2,"A","C","A","FAIR OAKS BL","DON WAY",0,,"Y","2014-01-29",9250,"2013-02-27",1540,"012460",,"2","9","0","2",,"1","053","-","N",,0,0,,,0,,,,"Y",2,"A","-",21801,"A","N","A","H","-","A","D","0","Y","A","07",0,0,2,0,0,0,0,0,0,"-","-","UNINCORPORATED","SACRAMENTO","CA",0,0
"6045585",-121.3552756,38.6101555,2013,"3400","4","4","2","11",0,1,"A","Y",,,,"Y",2100,2,"G","B","D","EL CAMINO AV","MISSION AV",15,"W","N","2014-01-29",9250,"2013-02-28",1840,"016731",,"2","9","0","2",,"1","054","-","N",,0,0,,,0,,,,"N",2,"A","-",21954,"A","N","A","H","-","C","A","0","Y","N","60",1,0,0,0,1,0,0,0,0,"-","-","UNINCORPORATED","SACRAMENTO","CA",0,0
"6045584",-121.3517732,38.6929618,2013,"3400","4","3","4","04",0,1,"A",,,,,,1500,2,"C","C","A","ELKHORN BL","DON JULIO BL",15,"W","N","2014-01-29",9250,"2013-02-27",1321,"015866",,"1","9","0","2",,"1","014","-","N",,0,0,,,0,,,,"Y",2,"A","-",21703,,"N","A","H","-","A","D","0","Y","A","08",0,0,1,0,0,0,0,0,0,"-","-","UNINCORPORATED","SACRAMENTO","CA",0,0
"6045583",-121.3830532,38.6490678,2013,"3400","4","2","4","03",0,1,"A",,,,,,1200,2,"C","C","A","WATT AV","ORANGE GROVE AV",50,"S","N","2014-01-29",9250,"2013-02-26",1035,"015423",,"1","9","0","2",,"1","011","-","N",,0,0,,,0,,,,"N",3,"A","-",22350,,"N","A","H","-","A","D","0","Y","A","01",0,0,1,0,0,0,0,0,0,"-","-","UNINCORPORATED","SACRAMENTO","CA",0,0
"6045582",-121.3756531,38.692195,2013,"3400","4","2","4","12",0,1,"A",,,,,,2100,2,"D","C","A","ELKHORN BL","THOMAS DR",0,,"Y","2014-01-29",9250,"2013-02-26",1805,"016731",,"2","9","0","2",,"1","014","-","N",,0,0,,,0,,,,"Y",2,"A","-",21453,"A","N","A","H","-","C","A","0","Y","-","-",0,0,1,0,0,0,0,0,0,"-","-","UNINCORPORATED","SACRAMENTO","CA",0,0
"6045581",-121.3921348,38.7145156,2013,"3400","5","5","4","08",0,1,"A",,,,,,1500,2,"E","I","A","ELVERTA RD","WATT AV",80,"E","N","2014-01-29",9250,"2013-02-22",1350,"17306",,"1","9","0","3",,"2","010","-","N",,0,0,,,0,,,,"N",1,"A","-",22107,,"N","A","H","-","A","D","0","Y","A","01",0,0,1,0,0,0,0,0,0,"-","-","UNINCORPORATED","SACRAMENTO","CA",0,0
"6045580",-121.3286398,38.6169993,2013,"3400","4","2","4","10",0,1,"C","Y",,,,,1500,2,"G","B","B","MARCONI AV","FAIR OAKS BL",5,"W","N","2014-01-29",9250,"2013-02-19",1410,"012470",,"2","9","0","2",,"1","053","-","N",,0,0,,,0,,,,"N",2,"A","-",21950,"A","N","B","H","-","A","A","0","Y","A","07",0,0,1,0,1,0,0,0,0,"-","-","UNINCORPORATED","SACRAMENTO","CA",0,0
"6045579",-121.3776231,38.718075,2013,"3400","5","2","3","00",0,2,"A",,,,,,2100,2,"A","C","A","ELVERTA RD","NORTHAM DR",0,,"Y","2014-01-29",9250,"2013-02-19",1940,"015272",,"2","9","0","3",,"2","010","-","N",,0,0,,,0,,,,"Y",2,"D","-",0,,"N","A","H","-","D","A","0","Y","-","-",0,1,1,0,0,0,0,0,0,"-","-","UNINCORPORATED","SACRAMENTO","CA",0,0
"6045578",-121.4014384,38.5918945,2013,"3400","4","5","4","09",0,1,"A",,,,,,2100,2,"D","C","A","FULTON AV","WITTKOP WY",175,"S","N","2014-01-29",9250,"2013-02-08",1805,"015961",,"2","9","0","2",,"1","043","-","N",,0,0,,,0,,,,"Y",2,"A","-",21801,"A","N","A","H","-","C","D","0","Y","A","07",0,0,1,0,0,0,0,0,0,"-","-","UNINCORPORATED","SACRAMENTO","CA",0,0
"6045577",-121.3626378,38.6609848,2013,"3400","4","1","3","05",0,1,"A",,"Y",,,,2100,2,"H","G","A","MADISON AV","INTERSTATE AV",150,"E","N","2014-01-29",9250,"2013-02-11",1820,"012602",,"2","9","0","2",,"1","016","-","N",,0,0,,,0,,,,"N",2,"A","-",21202,"A","N","A","H","-","C","D","0","Y","L","04",0,1,0,0,0,0,1,0,0,"-","-","UNINCORPORATED","SACRAMENTO","CA",0,0
"6045576",-121.4733331,38.5984651,2013,"3400","5","3","3","12",0,1,"A",,"Y",,,"Y",1500,2,"H","G","A","DEL PASO BL","NORTHGATE BL",0,,"Y","2014-01-29",9250,"2013-02-13",1450,"012152",,"2","9","0","3",,"2","080","-","N",,0,0,,,0,,,,"N",2,"A","-",21453,"A","N","A","H","-","A","A","0","Y","L","04",0,1,0,0,0,0,1,0,0,"-","-","UNINCORPORATED","SACRAMENTO","CA",0,0
"6045575",-121.3829955,38.669017,2013,"3400","4","3","3","11",0,1,"A","Y",,,,"Y",2100,2,"G","B","D","WATT AV","A ST",150,"N","N","2014-01-29",9250,"2013-02-27",1841,"015866",,"2","9","0","2",,"1","011","-","N",,0,0,,,0,,,,"N",2,"A","-",21954,"A","N","A","H","-","C","D","0","Y","N","60",0,1,0,0,1,0,0,0,0,"-","-","UNINCORPORATED","SACRAMENTO","CA",0,0
"6045574",-121.3924231,38.724215,2013,"3400","4","4","4","09",0,1,"A",,,,,,900,2,"D","C","A","WATT AV","TOURMALINE WY",0,,"Y","2014-01-29",9250,"2013-02-28",730,"013997",,"1","9","0","2",,"1","011","-","N",,0,0,,,0,,,,"Y",2,"A","-",21802,"A","N","A","H","-","A","A","0","Y","A","08",0,0,1,0,0,0,0,0,0,"-","-","UNINCORPORATED","SACRAMENTO","CA",0,0
"6045573",-121.4342831,38.6044651,2013,"3400","3","4","4","07",0,1,"A",,,,,,2400,2,"B","C","A","RT 51","ARDEN AV",300,"N","N","2014-10-24",9250,"2013-02-28",2255,"017762",,"3","9","0","1",,"2","152","-","Y","SAC",3,51,"-","-",4.11,"H","-","S","N",2,"A","-",21658,"A","N","A","H","-","C","D","1","Y","A","01",0,0,1,0,0,0,0,0,0,"-","-","UNINCORPORATED","SACRAMENTO","CA",0,0
"6045572",-121.3841412,38.6391006,2013,"3400","4","4","4","03",0,2,"A",,,,,,1500,2,"C","C","A","WATT AV","RT 51",0,,"Y","2014-12-26",9250,"2013-02-28",1440,"015272",,"2","9","0","2",,"1","011","-","Y","SAC",3,51,"-","-",7.886,"R","4","S","N",2,"A","-",22350,,"N","A","H","-","A","D","1","Y","A","01",0,0,2,0,0,0,0,0,0,"-","-","UNINCORPORATED","SACRAMENTO","CA",0,0
"6045571",-121.3589822,38.6622342,2013,"3400","1","3","3","08",0,1,"A",,,,,,1800,2,"E","I","A","RT 80","MADISON AV",572,"E","N","2014-11-18",9250,"2013-02-27",1630,"012602",,"2","9","0","1",,"2","183","-","Y","SAC",3,80,"-","-",12.59,"H","-","W","Y",1,"A","-",22107,,"N","A","H","-","A","D","1","Y","A","01",0,1,0,0,0,0,0,0,0,"-","-","UNINCORPORATED","SACRAMENTO","CA",0,0
"6045570",-121.3341431,38.6847251,2013,"3400","1","3","4","03",0,1,"A",,,,,,1800,2,"C","C","A","RT 80","GREENBACK LN",610,"E","N","2014-10-30",9250,"2013-02-27",1530,"012602",,"2","9","0","1",,"2","184","-","Y","SAC",3,80,"-","-",14.599,"R","1","E","Y",2,"A","-",22350,,"N","A","H","-","A","A","1","Y","A","07",0,0,1,0,0,0,0,0,0,"-","-","UNINCORPORATED","SACRAMENTO","CA",0,0
"6045569",-121.437367,38.643102,2013,"3404","1","3","4","03",0,1,"A",,,,,,1500,2,"C","C","A","RT 80","RALEY BL",1584,"W","N","2014-11-18",9250,"2013-02-27",1314,"012229",,"1","7","0","1",,"2","182","-","Y","SAC",3,80,"-","M",7.33,"H","-","W","Y",2,"A","-",22350,,"N","A","H","-","A","D","1","Y","A","07",0,0,1,0,0,0,0,0,0,"-","-","SACRAMENTO","SACRAMENTO","CA",-121.43447,38.64326
"6045568",0,0,2013,"3404","3","1","4","03",0,2,"A",,,,,,1800,2,"C","C","A","RT 51","EXPOSITION BL",3000,"S","N","2014-10-24",9250,"2013-02-25",1500,"014142",,"2","7","0","1",,"2","151","-","Y","SAC",3,51,"-","-",27.9,"H","-","N","Y",4,"A","-",22350,,"N","A","H","-","A","D","0","Y","A","01",0,0,2,0,0,0,0,0,0,"-","-","SACRAMENTO","SACRAMENTO","CA",0,0
"6045567",-121.5208336,38.6327485,2013,"3404","1","7","4","01",0,1,"A",,,,,,300,2,"E","I","A","RT 5","SAN JUAN RD",150,"N","N","2014-11-13",9250,"2013-02-17",1,"018816",,"3","7","0","1",,"2","106","-","Y","SAC",3,5,"-","-",27.22,"H","-","S","Y",1,"A","-",23152,"A","N","A","H","-","C","D","1","Y","A","07",0,0,1,0,0,0,0,0,0,"-","-","SACRAMENTO","SACRAMENTO","CA",0,0
"6045566",-121.5207189,38.6325004,2013,"3400","1","7","2","11",0,1,"A","Y",,,,,300,2,"G","B","E","RT 5","SAN JUAN RD",1357,"N","N","2014-11-13",9250,"2013-02-17",5,"018816",,"3","9","0","1",,"2","106","-","Y","SAC",3,5,"-","-",27.2,"H","-","S","Y",2,"A","-",21954,"A","N","A","H","-","D","D","1","Y","N","60",1,0,0,0,1,0,0,0,0,"-","-","UNINCORPORATED","SACRAMENTO","CA",0,0
"6045565",-121.367049,38.654932,2013,"3400","1","2","4","03",0,1,"B",,,,,,900,2,"C","C","A","RT 80","MADISON AV",2648,"W","N","2014-11-17",9250,"2013-02-05",635,"12047",,"1","9","0","1",,"2","183","-","Y","SAC",3,80,"-","-",11.98,"H","-","W","Y",4,"A","-",22350,,"N","A","H","-","A","D","1","Y","A","01",0,0,1,0,0,0,0,0,0,"-","-","UNINCORPORATED","SACRAMENTO","CA",0,0
"6045564",-121.5113469,38.6132455,2013,"3404","1","6","2","03",0,2,"A","Y",,,,,900,2,"D","C","E","RT 5","EL CAMINO AV",150,"S","N","2014-11-13",9250,"2013-02-16",655,"017900",,"1","7","0","1",,"2","105","-","Y","SAC",3,5,"-","-",25.94,"H","-","N","Y",4,"A","-",22350,,"N","A","H","-","A","D","1","Y","A","01",1,0,1,0,1,0,0,0,0,"-","-","SACRAMENTO","SACRAMENTO","CA",0,0