"CASEID","POINT_X","POINT_Y","YEAR_","LOCATION","CHPTYPE","DAYWEEK","CRASHSEV","VIOLCAT","KILLED","INJURED","WEATHER1","PEDCOL","BICCOL","MCCOL","TRUCKCOL","ETOH","TIMECAT","MONTH_","CRASHTYP","INVOLVE","PED","PRIMARYRD","SECONDRD","DISTANCE","DIRECT","INTERSECT_","PROCDATE","JURIS","DATE_","TIME_","BADGE","JURIDIST","SHIFT","POP","SPECIAL","BEATTYPE","LAPDDIV","BEATCLAS","BEATNUMB","WEATHER2","STATEHW","CALTRANC","CALTRAND","STROUTE","ROUTESUF","POSTPRE","POSTMILE","LOCATYPE","RAMP","SIDEHW","TOWAWAY","PARTIES","PCF","VIOLCODE","VIOL","VIOLSUB","HITRUN","ROADSURF","RDCOND1","RDCOND2","LIGHTING","RIGHTWAY","CHPRDTYP","NOTPRIV","STFAULT","CHPFAULT","SEVINJ","OTHERINJ","COP","PEDKILL","PEDINJ","BICKILL","BICINJ","MCKILL","MCINJURE","RAMP1","RAMP2","CITY","COUNTY","STATE","X_CHP","Y_CHP"
"6003268",-121.4831931,38.524785,2013,"3404","0","6","3","-",0,1,"A","Y",,,,,2400,1,"G","B","D","FRUITRIDGE RD","24TH ST",0,"E","N","2014-02-10",3404,"2013-01-26",2149,"397",,"5","7","0","0",,"0","04B","-","N",,0,0,,,0,,,,"N",2,"A","-",0,,"N","A","H","-","C","D","0","Y","N","60",0,1,0,0,1,0,0,0,0,"-","-","SACRAMENTO","SACRAMENTO","CA",0,0
"6003039",-121.4737967,38.5464657,2013,"3404","3","4","4","01",0,1,"A",,,,,,1200,2,"C","C","A","RT 99","2ND AV",500,"S","N","2014-12-12",9252,"2013-02-21",1120,"014512",,"1","7","0","1",,"2","192","-","Y","SAC",3,99,"-","-",23.82,"H","-","N","Y",2,"A","-",23152,"A","N","A","H","-","A","D","1","Y","A","01",0,0,1,0,0,0,0,0,0,"-","-","SACRAMENTO","SACRAMENTO","CA",-121.47372,38.55362
"6003035",-121.4133701,38.4629894,2013,"3400","3","2","3","03",0,1,"A",,,,,,1200,2,"C","C","A","RT 99","CALVINE RD",2640,"N","N","2014-10-30",9252,"2013-02-12",933,"011768",,"1","9","0","1",,"2","191","-","Y","SAC",3,99,"-","-",16.75,"H","-","N","Y",2,"A","-",22350,,"N","A","H","-","A","D","1","Y","A","01",0,1,0,0,0,0,0,0,0,"-","-","UNINCORPORATED","SACRAMENTO","CA",-121.41515,38.47004
"6003031",-121.470112,38.5662621,2013,"3404","3","2","3","18",0,1,"A",,,,,,2400,2,"C","C","A","RT 51","Q ST",50,"N","N","2014-10-24",9252,"2013-02-12",2331,"017679",,"3","7","0","1",,"2","193","-","Y","SAC",3,51,"-","-",0.54,"H","-","N","Y",2,"C","-",0,,"N","A","H","-","C","D","1","Y","-","-",0,1,0,0,0,0,0,0,0,"-","-","SACRAMENTO","SACRAMENTO","CA",-121.46936,38.56781
"6003027",-121.470112,38.5662621,2013,"3404","3","2","2","18",0,4,"A","Y",,,,"Y",2400,2,"C","C","E","RT 51","Q ST",75,"N","N","2014-10-24",9252,"2013-02-12",2333,"017679",,"3","7","0","1",,"2","193","-","Y","SAC",3,51,"-","-",0.54,"H","-","N","Y",6,"C","-",0,,"N","A","H","-","C","D","1","Y","-","-",1,3,0,0,2,0,0,0,0,"-","-","SACRAMENTO","SACRAMENTO","CA",-121.46936,38.56781
"6003023",-121.4737696,38.5452736,2013,"3404","3","2","4","03",0,1,"B",,,,,,2100,2,"C","C","A","RT 99","8TH AV",50,"N","N","2014-10-30",9252,"2013-02-19",1828,"015534",,"2","7","0","1",,"2","192","-","Y","SAC",3,99,"-","-",23.43,"H","-","N","N",2,"A","-",22350,,"N","B","H","-","C","D","1","Y","A","07",0,0,1,0,0,0,0,0,0,"-","-","SACRAMENTO","SACRAMENTO","CA",-121.47368,38.54504
"6003019",-121.4980929,38.4685616,2013,"3404","1","2","4","07",0,1,"B",,,,,,1800,2,"B","C","A","RT 5","FREEPORT BL",2112,"S","N","2014-11-05",9252,"2013-02-19",1520,"014296",,"2","7","0","1",,"2","106","-","Y","SAC",3,5,"-","-",15.18,"H","-","S","Y",3,"A","-",21658,"A","N","B","H","-","A","D","1","Y","A","01",0,0,1,0,0,0,0,0,0,"-","-","SACRAMENTO","SACRAMENTO","CA",-121.50226,38.4734
"6003015",-121.4737919,38.5460989,2013,"3404","3","1","4","03",0,1,"A",,,,,,1500,2,"C","C","A","RT 99","5TH AV",30,"S","N","2014-10-30",9252,"2013-02-18",1255,"014512",,"1","7","0","1",,"2","192","-","Y","SAC",3,99,"-","-",23.7,"H","-","N","N",2,"A","-",22350,,"N","A","H","-","A","D","1","Y","A","01",0,0,1,0,0,0,0,0,0,"-","-","SACRAMENTO","SACRAMENTO","CA",-121.47358,38.54886
"6003011",-121.3329439,38.3372905,2013,"3400","3","3","3","07",0,1,"A",,,,,,1500,2,"E","I","A","RT 99","DILLARD RD",2112,"S","N","2014-10-30",9252,"2013-02-13",1405,"011768",,"2","9","0","1",,"2","190","-","Y","SAC",3,99,"-","-",6.96,"H","-","S","Y",2,"A","-",21658,"A","F","A","H","-","A","D","1","Y","A","07",0,1,0,0,0,0,0,0,0,"-","-","UNINCORPORATED","SACRAMENTO","CA",-121.33317,38.3367
"6003007",-121.5174451,38.532175,2013,"3404","1","4","4","03",0,1,"A",,,,,,900,2,"C","C","A","RT 5","CASILADA WY",1320,"N","N","2014-11-13",9252,"2013-02-14",840,"014263",,"1","7","0","1",,"2","107","-","Y","SAC",3,5,"-","-",19.83,"H","-","N","Y",4,"A","-",22350,,"N","A","H","-","A","D","1","Y","A","01",0,0,1,0,0,0,0,0,0,"-","-","SACRAMENTO","SACRAMENTO","CA",-121.5173,38.53213
"6003003",-121.5216144,38.5221541,2013,"3404","1","4","4","03",0,1,"A",,,,,,900,2,"C","C","A","RT 5","35TH AV",528,"S","N","2014-11-13",9252,"2013-02-14",855,"014263",,"1","7","0","1",,"2","107","-","Y","SAC",3,5,"-","-",19.04,"H","-","N","Y",2,"A","-",22350,,"N","A","H","-","A","D","1","Y","A","01",0,0,1,0,0,0,0,0,0,"-","-","SACRAMENTO","SACRAMENTO","CA",-121.52175,38.5201
"6002995",-121.5092914,38.5455987,2013,"3404","1","4","4","03",0,2,"A",,,,,,1800,2,"C","C","A","RT 5","SUTTERVILLE RD",1320,"N","N","2014-10-29",9252,"2013-02-14",1630,"016484",,"2","7","0","1",,"2","108","-","Y","SAC",3,5,"-","-",20.81,"H","-","S","N",2,"A","-",22350,,"N","A","H","-","A","D","1","Y","A","01",0,0,2,0,0,0,0,0,0,"-","-","SACRAMENTO","SACRAMENTO","CA",-121.50951,38.54378
"6002991",-121.4544493,38.5592694,2013,"3404","2","4","4","03",0,1,"A",,,,,,2100,2,"C","C","A","RT 50","47TH ST",2112,"E","N","2014-10-28",9252,"2013-02-14",1820,"014755",,"2","7","0","1",,"2","151","-","Y","SAC",3,50,"-","R",0.99,"H","-","E","N",2,"A","-",22350,,"N","A","H","-","D","D","1","Y","A","01",0,0,1,0,0,0,0,0,0,"-","-","SACRAMENTO","SACRAMENTO","CA",-121.45436,38.55957
"6002952",-121.3240231,38.578739,2013,"3490","0","7","4","03",0,2,"A",,,,,,900,2,"E","I","A","TIFFANY WEST WY","FOLSOM BL",16,"N","N","2014-01-28",3400,"2013-02-17",812,"1166","RC","5","5","0","0",,"0","005","-","N",,0,0,,,0,,,,"Y",1,"A","-",22350,,"N","A","H","-","A","D","0","Y","-","-",0,0,2,0,0,0,0,0,0,"-","-","RANCHO CORDOVA","SACRAMENTO","CA",0,0
"6002948",-121.2790331,38.6096551,2013,"3490","0","5","4","03",0,1,"A",,,,,,1500,2,"C","C","A","ZINFANDEL DR","BERRYWOOD DR",0,,"Y","2014-01-28",3400,"2013-02-15",1323,"1407",,"5","5","0","0",,"0",,"-","N",,0,0,,,0,,,,"Y",2,"A","-",22350,,"N","A","H","-","A","D","0","Y","-","-",0,0,1,0,0,0,0,0,0,"-","-","RANCHO CORDOVA","SACRAMENTO","CA",0,0
"6002944",-121.3041205,38.5749734,2013,"3490","0","1","4","01",0,2,"A",,,,,,1800,2,"C","C","A","MATHER FIELD RD","ROCKINGHAM DR",80,"N","N","2014-01-28",3400,"2013-02-25",1718,"1453","RC","5","5","0","0",,"0","005","-","N",,0,0,,,0,,,,"Y",3,"A","-",23153,"A","N","A","H","-","A","A","0","Y","-","-",0,0,2,0,0,0,0,0,0,"-","-","RANCHO CORDOVA","SACRAMENTO","CA",0,0
"6002940",0,0,2013,"3400","5","4","4","03",0,1,"C",,,,,,1200,2,"E","I","A","CALVIN RD","POWER INN RD",40,"W","N","2014-01-28",9252,"2013-02-07",1110,"016520",,"1","9","0","3",,"2","074","-","N",,0,0,,,0,,,,"Y",3,"A","-",22350,,"N","B","H","-","A","D","0","Y","A","07",0,0,1,0,0,0,0,0,0,"-","-","UNINCORPORATED","SACRAMENTO","CA",-121.87696,38.56845
"6002936",-121.229813,38.416035,2013,"3400","5","5","4","09",0,1,"A",,,,,,1800,2,"D","C","A","GREEN RD","DILLARD RD",0,,"Y","2014-01-28",9252,"2013-02-15",1610,"018073",,"2","9","0","3",,"2","080","-","N",,0,0,,,0,,,,"N",2,"A","-",21802,"A","N","A","H","-","A","A","0","Y","A","01",0,0,1,0,0,0,0,0,0,"-","-","UNINCORPORATED","SACRAMENTO","CA",-121.23008,38.41655
"6002932",-121.4175728,38.3721827,2013,"3400","5","3","2","08",0,1,"A",,,,,,1500,2,"A","C","A","BRUCEVILLE RD","KAMMERER RD",30,"S","N","2014-01-28",9252,"2013-02-13",1405,"015534",,"2","9","0","3",,"2","080","-","N",,0,0,,,0,,,,"Y",2,"A","-",22107,,"N","A","H","-","A","A","0","Y","A","01",1,0,0,0,0,0,0,0,0,"-","-","UNINCORPORATED","SACRAMENTO","CA",-121.41762,38.37209
"6002930",-121.4386287,38.5538779,2013,"3404","2","2","4","08",0,1,"A",,,,,,1500,1,"E","I","A","RT 50","59TH ST",528,"E","N","2014-12-19",9252,"2013-01-22",1320,"14453",,"1","7","0","1",,"2","151","-","Y","SAC",3,50,"-","R",2.11,"H","-","E","Y",1,"A","-",22107,,"N","A","H","-","A","D","1","Y","A","01",0,0,1,0,0,0,0,0,0,"-","WF","SACRAMENTO","SACRAMENTO","CA",-121.38,38.55258
"6002928",-121.4223429,38.4816996,2013,"3400","4","3","4","08",0,1,"A",,"Y",,,,1800,2,"H","G","A","STOCKTON BL","GERBER RD",25,"N","N","2014-01-28",9252,"2013-02-13",1725,"016747",,"2","9","0","2",,"2","073","-","N",,0,0,,,0,,,,"N",2,"A","-",22107,,"N","A","H","-","B","A","0","Y","A","01",0,0,1,0,0,0,1,0,0,"-","-","UNINCORPORATED","SACRAMENTO","CA",-121.42234,38.48176
"6002926",-121.4389682,38.5543409,2013,"3404","2","1","4","03",0,2,"A",,,,,,1800,1,"C","C","A","RT 50","59TH ST",100,"E","N","2014-10-24",9252,"2013-01-14",1720,"15718",,"2","7","0","1",,"2","151","-","Y","SAC",3,50,"-","R",2.15,"H","-","W","Y",5,"A","-",22350,,"M","A","H","-","C","D","1","Y","A","01",0,0,2,0,0,0,0,0,0,"-","-","SACRAMENTO","SACRAMENTO","CA",-121.43612,38.55297
"6002924",-121.5298484,38.4272555,2013,"3400","3","5","4","08",0,1,"A",,,,,,1200,2,"E","I","A","RT 160","SCRIBNER RD",7392,"N","N","2014-10-21",9252,"2013-02-15",1020,"014977",,"1","9","0","1",,"2","162","-","Y","SAC",3,160,"-","-",30.84,"H","-","N","Y",1,"A","-",22107,,"N","A","H","-","A","D","0","Y","A","01",0,0,1,0,0,0,0,0,0,"-","-","UNINCORPORATED","SACRAMENTO","CA",-121.51942,38.4122
"6002906",-121.3717389,38.4340464,2013,"3450","0","2","4","01",0,1,"A",,,,,"Y",2100,1,"D","C","A","ELK GROVE FLORIN RD","SHELDON RD",1460,"S","N","2014-01-21",340,"2013-01-01",2048,"10298","3404","5","5","0","0",,"0","003","-","N",,0,0,,,0,,,,"Y",2,"A","-",23152,"A","M","A","H","-","D","D","0","Y","A","01",0,0,1,0,0,0,0,0,0,"-","-","ELK GROVE","SACRAMENTO","CA",0,0
"6002902",-121.2831231,38.5936751,2013,"3490","0","2","4","12",0,1,"A",,,,,,1500,1,"D","C","A","ZINFANDEL DR","RT 50",0,,"Y","2014-10-30",3400,"2013-01-01",1434,"480",,"5","5","0","0",,"0",,"-","Y","SAC",3,50,"-","R",11.112,"R","4","W","N",2,"A","-",21453,"A","N","A","H","-","A","A","0","Y","-","-",0,0,1,0,0,0,0,0,0,"-","WF","RANCHO CORDOVA","SACRAMENTO","CA",0,0
"6002870",-121.5309131,38.497375,2013,"3404","0","4","4","12",0,1,"A",,,,,,1200,1,"D","C","A","FLORIN RD","HAVENSIDE DR",0,,"Y","2014-01-22",3404,"2013-01-31",1040,"250","4C","5","7","0","0",,"0",,"-","N",,0,0,,,0,,,,"Y",2,"A","-",21453,"A","N","A","H","-","A","A","0","Y","-","-",0,0,1,0,0,0,0,0,0,"-","-","SACRAMENTO","SACRAMENTO","CA",0,0
"6002861",-121.4087531,38.47447,2013,"3400","4","5","4","01",0,2,"B",,,,,"Y",2400,1,"C","C","A","POWER INN RD","ELSIE AV",20,"N","N","2014-01-21",9252,"2013-01-25",2100,"018872",,"2","9","0","2",,"2","073","-","N",,0,0,,,0,,,,"N",2,"A","-",23152,"A","N","A","H","-","C","D","0","Y","A","01",0,0,2,0,0,0,0,0,0,"-","-","UNINCORPORATED","SACRAMENTO","CA",-121.40923,38.4744
"6002843",-121.4797275,38.5655626,2013,"3404","0","1","2","09",0,3,"A",,,,,,1200,1,"B","C","A","S ST","23RD ST",135,"E","N","2014-01-21",3404,"2013-01-28",1047,"0522","3","5","7","0","0",,"0","00B","-","N",,0,0,,,0,,,,"N",2,"A","-",21804,"A","N","A","H","-","A","D","0","Y","A","01",1,0,2,0,0,0,0,0,0,"-","-","SACRAMENTO","SACRAMENTO","CA",0,0
"6002839",-121.3653053,38.6436514,2013,"3404","0","7","4","09",0,2,"A",,,,,,1200,1,"B","D","A","AUBURN BL","PARK RD",200,"N","N","2014-01-21",3404,"2013-01-13",1002,"0841",,"5","7","0","0",,"0","02A","-","N",,0,0,,,0,,,,"Y",3,"A","-",21453,"B","N","A","H","-","A","-","0","Y","A","01",0,0,2,0,0,0,0,0,0,"-","-","SACRAMENTO","SACRAMENTO","CA",0,0
"6002516",-121.4971131,38.4781151,2013,"3404","0","3","4","00",0,1,"A","Y",,,,"Y",900,1,"G","B","-","18TH ST","NEIHART",0,,"Y","2014-01-23",3404,"2013-01-30",801,"703",,"5","7","0","0",,"0","05A","-","N",,0,0,,,0,,,,"N",2,"A","-",20001,,"F","A","H","-","A","D","0","Y","-","-",0,0,1,0,1,0,0,0,0,"-","-","SACRAMENTO","SACRAMENTO","CA",0,0
"6002512",-121.4819331,38.5685951,2013,"3404","0","4","4","08",0,1,"A",,,,,,1800,1,"D","C","A","Q ST","21ST ST",0,,"Y","2014-03-27",3404,"2013-01-17",1647,"365","P3","5","7","0","0",,"0","03B","-","N",,0,0,,,0,,,,"Y",2,"A","-",22107,,"N","A","H","-","A","A","0","Y","A","01",0,0,1,0,0,0,0,0,0,"-","-","SACRAMENTO","SACRAMENTO","CA",0,0
"6002470",-121.4482147,38.4222851,2013,"3450","0","5","4","05",0,1,"A",,"Y",,,,1500,1,"D","G","A","FRANKLIN RD","LAGUNA BL",300,"S","N","2014-01-18",340,"2013-01-25",1306,"10068","2301","5","5","0","0",,"0","002","-","N",,0,0,,,0,,,,"N",2,"A","-",21650,"1","N","A","H","-","A","D","0","Y","L","04",0,0,1,0,0,0,1,0,0,"-","-","ELK GROVE","SACRAMENTO","CA",0,0
"6002461",-121.2984331,38.574075,2013,"3490","0","5","4","18",0,2,"A",,,,,,1500,1,"D","C","A","SOUTH WHITE ROCK RD","INTERNATIONAL DR",0,,"Y","2014-01-21",3400,"2013-01-04",1446,"777",,"5","5","0","0",,"0",,"-","N",,0,0,,,0,,,,"Y",2,"C","-",0,,"N","A","H","-","A","A","0","Y","-","-",0,0,2,0,0,0,0,0,0,"-","-","RANCHO CORDOVA","SACRAMENTO","CA",0,0
"6002457",0,0,2013,"3490","0","2","4","12",0,1,"A",,,,,,1200,1,"D","C","A","SUNRISE BL","INTERNATIONAL DR",0,,"Y","2014-01-21",3400,"2013-01-08",1111,"1453","RC","5","5","0","0",,"0","005","-","N",,0,0,,,0,,,,"Y",3,"A","-",21453,"A","N","A","H","-","A","A","0","Y","-","-",0,0,1,0,0,0,0,0,0,"-","-","RANCHO CORDOVA","SACRAMENTO","CA",0,0
"6002453",-121.3157531,38.582805,2013,"3490","0","4","4","21",0,1,"A","Y",,,,,900,1,"D","B","B","BRAVADO DR","FOLSOM BL",0,,"Y","2014-01-21",3400,"2013-01-17",714,"777",,"5","5","0","0",,"0",,"-","N",,0,0,,,0,,,,"N",2,"A","-",22106,,"N","A","H","-","A","A","0","Y","-","-",0,0,1,0,1,0,0,0,0,"-","-","RANCHO CORDOVA","SACRAMENTO","CA",0,0
"6002449",-121.2703825,38.585177,2013,"3490","0","3","3","08",0,1,"A",,,,,"Y",600,1,"E","I","A","KILGORE RD","INTERNATIONAL DR",300,"N","N","2014-01-21",3400,"2013-01-16",419,"324","05","5","5","0","0",,"0","005","-","N",,0,0,,,0,,,,"Y",1,"A","-",22107,,"N","A","H","-","C","A","0","Y","A","01",0,1,0,0,0,0,0,0,0,"-","-","RANCHO CORDOVA","SACRAMENTO","CA",0,0
"6002357",-121.4620031,38.5140551,2013,"3404","3","1","3","08",0,1,"A",,,,,,900,2,"E","I","A","RT 99","47TH AV",1056,"N","N","2014-12-12",9252,"2013-02-18",815,"014477",,"1","7","0","1",,"2","192","-","Y","SAC",3,99,"-","-",21.06,"H","-","S","Y",1,"A","-",22107,,"N","A","H","-","A","D","1","Y","A","01",0,1,0,0,0,0,0,0,0,"-","-","SACRAMENTO","SACRAMENTO","CA",-121.46103,38.51219
"6001667",-121.1573876,38.6421933,2013,"3400","2","4","4","03",0,1,"A",,,,,,1800,1,"C","C","A","RT 50","PRAIRIE CITY RD",250,"W","N","2014-01-27",9260,"2013-01-03",1730,"013708",,"2","9","0","1",,"2","502","-","Y",,0,0,,,0,,,,"Y",2,"A","-",22350,,"N","A","H","-","C","D","0","Y","A","01",0,0,1,0,0,0,0,0,0,"-","-","UNINCORPORATED","SACRAMENTO","CA",0,0
"6001663",-121.3808341,38.5587047,2013,"3400","2","2","4","03",0,1,"A",,,,,,1800,1,"C","C","A","RT 50","WATT AV",175,"E","N","2014-10-28",9260,"2013-01-08",1725,"015289",,"2","9","0","1",,"2","501","-","Y","SAC",3,50,"-","R",5.37,"H","-","W","Y",2,"A","-",22350,,"N","A","H","-","C","A","1","Y","A","01",0,0,1,0,0,0,0,0,0,"-","-","UNINCORPORATED","SACRAMENTO","CA",-121.38013,38.55869
"6001659",-121.3422931,38.5630451,2013,"3400","4","3","3","12",0,1,"A",,"Y",,,,1800,1,"D","G","A","BRADSHAW RD","RT 50",0,,"Y","2014-10-30",9260,"2013-01-02",1705,"012781",,"2","9","0","2",,"2","101","-","Y","SAC",3,50,"-","R",7.509,"R","4","E","N",2,"A","-",21453,"A","N","A","H","-","C","A","1","Y","L","04",0,1,0,0,0,0,1,0,0,"-","TO","UNINCORPORATED","SACRAMENTO","CA",0,0
"6001655",-121.2717996,38.6403444,2013,"3400","4","3","4","03",0,1,"A",,,,,,1800,1,"C","C","A","SUNRISE BL","FAIR OAKS BL",75,"N","N","2014-01-27",9260,"2013-01-02",1750,"012781",,"2","9","0","2",,"2","301","-","N",,0,0,,,0,,,,"N",3,"A","-",22350,,"N","A","H","-","C","D","0","Y","A","08",0,0,1,0,0,0,0,0,0,"-","-","UNINCORPORATED","SACRAMENTO","CA",0,0
"6001615",-121.3362019,38.5726091,2013,"3400","4","3","4","03",0,1,"A",,,,,,1200,1,"C","C","A","FOLSOM BL","BRADSHAW RD",96,"E","N","2014-01-27",9260,"2013-01-02",1155,"015367",,"1","9","0","2",,"2","101","-","N",,0,0,,,0,,,,"Y",2,"A","-",22350,,"N","A","H","-","A","A","0","Y","A","01",0,0,1,0,0,0,0,0,0,"-","-","UNINCORPORATED","SACRAMENTO","CA",-121.33598,38.57276
"6001607",-121.268774,38.6328716,2013,"3400","4","3","4","03",0,2,"A",,,,,,1800,1,"C","C","A","SUNRISE BL","SOUTH BRIDGE ST",1056,"N","N","2014-04-01",9260,"2013-01-02",1720,"012781",,"2","9","0","2",,"2","301","-","N",,0,0,,,0,,,,"Y",4,"A","-",22350,,"N","A","H","-","C","D","0","Y","A","01",0,0,2,0,0,0,0,0,0,"-","-","UNINCORPORATED","SACRAMENTO","CA",0,0
"6000420",-121.4178531,38.447015,2013,"3404","0","6","4","12",0,1,"A",,,,,,1800,1,"D","C","A","BRUCEVILLE RD","JACINTO RD",0,,"Y","2014-06-26",3404,"2013-01-12",1644,"0212","5","5","7","0","0",,"0","05C","-","N",,0,0,,,0,,,,"Y",2,"A","-",21453,"A","N","A","H","-","A","A","0","Y","A","01",0,0,1,0,0,0,0,0,0,"-","-","SACRAMENTO","SACRAMENTO","CA",0,0
"5998985",-121.4088431,38.489455,2013,"3400","4","1","4","09",0,1,"A",,"Y",,,,300,1,"H","G","A","POWER INN RD","JUDETTE AV",0,,"Y","2014-01-18",9252,"2013-01-14",233,"018961",,"3","9","0","2",,"2","073","-","N",,0,0,,,0,,,,"N",2,"A","-",21801,"A","N","A","H","-","C","D","0","Y","A","01",0,0,1,0,0,0,1,0,0,"-","-","UNINCORPORATED","SACRAMENTO","CA",-121.40875,38.48943
"5998949",-121.3717131,38.438055,2013,"3450","0","6","4","12",0,2,"A",,,"Y",,,2400,1,"A","C","A","ELK GROVE FLORIN RD","SHELDON RD",0,,"Y","2015-01-14",340,"2013-01-12",2310,"10414","3404","5","5","0","0",,"0","003","-","N",,0,0,,,0,,,,"Y",2,"A","-",21453,"A","N","A","H","-","C","A","0","Y","C","06",0,0,2,0,0,0,0,0,2,"-","-","ELK GROVE","SACRAMENTO","CA",0,0
"5998947",-121.2959756,38.678306,2013,"3496","0","2","4","03",0,1,"A",,,,,,1800,2,"C","C","A","GREENBACK LN","SHUPE DR",25,"E","N","2014-07-01",3496,"2013-02-26",1710,"148",,"5","5","0","0",,"0",,"-","N",,0,0,,,0,,,,"N",2,"A","-",22350,,"N","A","H","-","A","A","0","Y","A","01",0,0,1,0,0,0,0,0,0,"-","-","CITRUS HEIGHTS","SACRAMENTO","CA",0,0
"5998945",0,0,2013,"3450","0","1","4","08",0,1,"A",,,,,,1200,1,"E","I","A","BRUCEVILLE RD","CIVIC CENTER DR",0,,"Y","2014-01-18",340,"2013-01-07",1053,"10298","4104","5","5","0","0",,"0","004","-","N",,0,0,,,0,,,,"N",1,"A","-",22107,,"M","A","H","-","A","A","0","Y","A","07",0,0,1,0,0,0,0,0,0,"-","-","ELK GROVE","SACRAMENTO","CA",0,0
"5998719",-121.2044392,38.6374175,2013,"3401","2","4","4","07",0,1,"A",,,,,,1800,2,"B","C","A","RT 50","FOLSOM BL",1056,"W","N","2014-10-24",9260,"2013-02-21",1545,"012781",,"2","5","0","1",,"2","502","-","Y","SAC",3,50,"-","-",16.64,"H","-","E","Y",3,"A","-",21658,"A","F","A","H","-","A","D","1","Y","D","22",0,0,1,0,0,0,0,0,0,"-","-","FOLSOM","SACRAMENTO","CA",0,0
"5998676",-121.2254393,38.6396418,2013,"3400","4","1","4","08",0,4,"A",,,,,,900,3,"E","J","A","HAZEL AV","VISAGE CIR",260,"S","N","2014-02-07",9260,"2013-03-11",830,"014633",,"1","9","0","2",,"2","307","-","N",,0,0,,,0,,,,"Y",1,"A","-",22107,,"N","A","H","-","A","D","0","Y","D","22",0,0,4,0,0,0,0,0,0,"-","-","UNINCORPORATED","SACRAMENTO","CA",-121.22525,38.64044
"5998596",-121.4979131,38.627485,2013,"3404","0","5","4","03",0,2,"A",,,,,,2100,3,"C","C","A","SAN JUAN RD","TRUXEL RD",0,,"Y","2014-02-05",3404,"2013-03-08",1946,"852","1C","5","7","0","0",,"0",,"-","N",,0,0,,,0,,,,"N",2,"A","-",22350,,"F","A","H","-","C","A","0","Y","D","22",0,0,2,0,0,0,0,0,0,"-","-","SACRAMENTO","SACRAMENTO","CA",0,0
"5998395",-121.446213,38.612965,2013,"3404","0","3","3","08",0,2,"A",,,,,,1800,2,"D","C","A","DEL PASO BL","FRIENZA AV",0,,"Y","2014-01-31",3404,"2013-02-27",1558,"793","2","5","7","0","0",,"0","00B","-","N",,0,0,,,0,,,,"Y",2,"A","-",22100,"B","N","A","H","-","A","D","0","Y","-","-",0,1,1,0,0,0,0,0,0,"-","-","SACRAMENTO","SACRAMENTO","CA",0,0
"5998384",-121.4154631,38.5776151,2013,"3400","4","5","4","12",0,2,"A",,,,,,2100,2,"D","C","A","HOWE AV","FEATURE DR",0,,"Y","2014-02-03",9250,"2013-02-08",1930,"17818",,"2","9","0","2",,"1","041","-","N",,0,0,,,0,,,,"N",2,"A","-",21453,"A","N","A","H","-","C","A","0","Y","A","01",0,0,2,0,0,0,0,0,0,"-","-","UNINCORPORATED","SACRAMENTO","CA",0,0
"5998380",-121.3616957,38.6923975,2013,"3400","5","4","4","03",0,1,"A",,,,,,2400,2,"A","E","A","HARLEQUIN WY","BUTTERBALL WY",406,"W","N","2014-02-03",9250,"2013-02-07",2358,"17979",,"3","9","0","3",,"2","010","-","N",,0,0,,,0,,,,"Y",2,"A","-",22350,,"N","A","H","-","C","D","0","Y","A","01",0,0,1,0,0,0,0,0,0,"-","-","UNINCORPORATED","SACRAMENTO","CA",0,0
"5998376",-121.3644931,38.6211951,2013,"3400","4","1","4","12",0,1,"A",,,,,,1800,2,"D","C","A","EASTERN AV","ROBERTSON AV",0,,"Y","2014-02-03",9250,"2013-02-04",1520,"15272",,"2","9","0","2",,"1","051","-","N",,0,0,,,0,,,,"Y",2,"A","-",21453,"A","N","A","H","-","A","A","0","Y","A","01",0,0,1,0,0,0,0,0,0,"-","-","UNINCORPORATED","SACRAMENTO","CA",0,0
"5998372",-121.3366565,38.668963,2013,"3400","5","6","4","11",0,1,"A","Y",,,,,2100,2,"G","B","D","GARFIELD AV","AUBURN BL",225,"N","N","2014-02-03",9250,"2013-02-02",1815,"15369",,"2","9","0","3",,"2","020","-","N",,0,0,,,0,,,,"N",2,"A","-",21954,"A","N","A","H","-","C","D","0","Y","N","60",0,0,1,0,1,0,0,0,0,"-","-","UNINCORPORATED","SACRAMENTO","CA",0,0
"5998367",-121.4578715,38.5075347,2013,"3400","3","6","4","04",0,1,"A",,,,,,1200,2,"E","I","A","RT 99","47TH AV",1056,"S","N","2014-10-30",9252,"2013-02-23",1040,"18119",,"1","9","0","1",,"2","192","-","Y","SAC",3,99,"-","-",20.66,"H","-","N","Y",1,"A","-",21703,,"N","A","H","-","A","D","1","Y","A","01",0,0,1,0,0,0,0,0,0,"-","-","UNINCORPORATED","SACRAMENTO","CA",-121.45343,38.50297