"CASEID","POINT_X","POINT_Y","YEAR_","LOCATION","CHPTYPE","DAYWEEK","CRASHSEV","VIOLCAT","KILLED","INJURED","WEATHER1","PEDCOL","BICCOL","MCCOL","TRUCKCOL","ETOH","TIMECAT","MONTH_","CRASHTYP","INVOLVE","PED","PRIMARYRD","SECONDRD","DISTANCE","DIRECT","INTERSECT_","PROCDATE","JURIS","DATE_","TIME_","BADGE","JURIDIST","SHIFT","POP","SPECIAL","BEATTYPE","LAPDDIV","BEATCLAS","BEATNUMB","WEATHER2","STATEHW","CALTRANC","CALTRAND","STROUTE","ROUTESUF","POSTPRE","POSTMILE","LOCATYPE","RAMP","SIDEHW","TOWAWAY","PARTIES","PCF","VIOLCODE","VIOL","VIOLSUB","HITRUN","ROADSURF","RDCOND1","RDCOND2","LIGHTING","RIGHTWAY","CHPRDTYP","NOTPRIV","STFAULT","CHPFAULT","SEVINJ","OTHERINJ","COP","PEDKILL","PEDINJ","BICKILL","BICINJ","MCKILL","MCINJURE","RAMP1","RAMP2","CITY","COUNTY","STATE","X_CHP","Y_CHP"
"5941844",-121.4512418,38.5853521,2013,"3404","3","1","4","03",0,1,"A",,,,,,1800,3,"C","C","A","RT 51","ELVAS RR OC",200,"S","N","2013-04-22",9252,"2013-03-11",1645,"13732",,"2","7","0","1",,"2","193","-","Y","SAC",3,51,"-","-",2.39,"H","-","N","Y",2,"A","-",22350,,"N","A","H","-","A","D","1","Y","J","48",0,0,1,0,0,0,0,0,0,"-","-","SACRAMENTO","SACRAMENTO","CA",-121.4225,38.58508
"5940145",-121.4847769,38.5247851,2013,"3404","0","7","4","03",0,1,"B",,,,,,1800,1,"C","C","A","FRUITRIDGE RD","JAMES WY",59,"E","N","2014-06-17",3404,"2013-01-06",1725,"0831",,"5","7","0","0",,"0","04B","-","N",,0,0,,,0,,,,"Y",3,"A","-",22350,,"N","A","H","-","B","A","0","Y","A","01",0,0,1,0,0,0,0,0,0,"-","-","SACRAMENTO","SACRAMENTO","CA",0,0
"5936996",0,0,2013,"3404","0","5","4","03",0,2,"A",,,,,,2100,3,"C","C","A","COSUMNES RIVER BL","RT 99",200,"W","N","2014-02-05",3404,"2013-03-15",1948,"0212","5","5","7","0","0",,"0","05C","-","N",,0,0,,,0,,,,"Y",4,"A","-",22350,,"N","A","D","H","C","D","0","Y","A","01",0,0,2,0,0,0,0,0,0,"-","SF","SACRAMENTO","SACRAMENTO","CA",0,0
"5936686",-121.4661931,38.6521251,2013,"3404","0","6","4","03",0,1,"A",,,,,,2400,3,"-","C","A","KELTON WY","LOVELAND WY",0,,"Y","2014-02-15",3404,"2013-03-09",2158,"0584","2","5","7","0","0",,"0","00A","-","N",,0,0,,,0,,,,"Y",2,"A","-",22350,,"N","A","H","-","C","A","0","Y","A","01",0,0,1,0,0,0,0,0,0,"-","-","SACRAMENTO","SACRAMENTO","CA",0,0
"5936682",-121.4594131,38.612135,2013,"3404","0","6","3","15",0,1,"A",,"Y",,,,2100,3,"-","G","A","GROVE AV","SANTIAGO AV",0,,"Y","2014-02-15",3404,"2013-03-09",2049,"0584","2","5","7","0","0",,"0","00B","-","N",,0,0,,,0,,,,"N",2,"A","-",21201,"A","N","A","-","-","C","A","0","Y","L","04",0,1,0,0,0,0,1,0,0,"-","-","SACRAMENTO","SACRAMENTO","CA",0,0
"5936678",-121.489723,38.560845,2013,"3404","0","1","4","03",0,1,"A",,,,,,1500,3,"C","C","A","BROADWAY","18TH ST",0,,"Y","2014-02-15",3404,"2013-03-04",1244,"361",,"5","7","0","0",,"0","04A","-","N",,0,0,,,0,,,,"N",2,"A","-",22350,,"F","A","H","-","A","A","0","Y","-","-",0,0,1,0,0,0,0,0,0,"-","-","SACRAMENTO","SACRAMENTO","CA",0,0
"5936674",-121.4091932,38.5347015,2013,"3404","0","6","3","18",0,1,"A",,,,,,900,3,"E","I","A","POWER INN RD","NAPA AV",45,"S","N","2014-02-15",3404,"2013-03-16",736,"0410",,"5","7","0","0",,"0","06C","-","N",,0,0,,,0,,,,"Y",1,"C","-",0,,"N","A","H","-","A","D","0","Y","-","-",0,1,0,0,0,0,0,0,0,"-","-","SACRAMENTO","SACRAMENTO","CA",0,0
"5936412",-121.505615,38.5966002,2013,"3404","0","2","2","00",0,1,"A","Y",,,,"Y",1200,3,"B","B","D","JIBBOOM ST","RICHARDS BL",53,"S","N","2014-02-01",3404,"2013-03-19",1010,"851","3","5","7","0","0",,"0","003","-","N",,0,0,,,0,,,,"N",2,"D","-",0,,"F","A","H","-","A","D","0","Y","-","-",1,0,0,0,1,0,0,0,0,"-","-","SACRAMENTO","SACRAMENTO","CA",0,0
"5934991",-121.4582431,38.5603351,2013,"3404","0","4","4","09",0,2,"A",,,,,,900,3,"D","C","A","STOCKTON BL","RT 50",10,"S","N","2014-10-21",3404,"2013-03-14",635,"256",,"5","7","0","0",,"0",,"-","Y","SAC",3,50,"-","R",0.711,"R","4","E","Y",2,"A","-",21801,"A","F","A","H","-","B","A","0","Y","A","07",0,0,2,0,0,0,0,0,0,"-","EO","SACRAMENTO","SACRAMENTO","CA",0,0
"5933855",-121.1370593,38.6767536,2013,"3401","0","5","4","03",0,1,"A",,,,,,1800,3,"C","C","A","OAK AVENUE PKWY","BLUE RAVINE RD",30,"S","N","2014-02-05",3401,"2013-03-08",1504,"206","3","5","5","0","0",,"0","003","-","N",,0,0,,,0,,,,"N",2,"A","-",22350,,"N","A","H","-","A","A","0","Y","D","22",0,0,1,0,0,0,0,0,0,"-","-","FOLSOM","SACRAMENTO","CA",0,0
"5932992",-121.244248,38.7004539,2013,"3400","5","2","4","03",0,1,"B",,,,,,2100,2,"C","C","A","OAK AV","KENNETH AV",30,"E","N","2014-02-03",9260,"2013-02-19",1820,"018339",,"2","9","0","3",,"2","003","-","N",,0,0,,,0,,,,"Y",3,"A","-",22350,,"N","A","H","-","D","A","0","Y","D","22",0,0,1,0,0,0,0,0,0,"-","-","UNINCORPORATED","SACRAMENTO","CA",-121.24431,38.70049
"5932991",0,0,2013,"3404","0","1","3","08",0,1,"A",,,,,,900,3,"C","E","A","38TH ST","J ST",250,"S","N","2014-02-07",3404,"2013-03-04",713,"0784","SACRA","5","7","0","0",,"0","03C","-","N",,0,0,,,0,,,,"Y",3,"A","-",22107,,"N","A","H","-","A","D","0","Y","A","01",0,1,0,0,0,0,0,0,0,"-","-","SACRAMENTO","SACRAMENTO","CA",0,0
"5932843",-121.4847631,38.5792051,2013,"3404","0","2","4","08",0,2,"A",,,,,,1500,3,"D","C","A","16TH ST","I ST",0,,"Y","2014-02-06",3404,"2013-03-05",1200,"3483",,"5","7","0","0",,"0","03M","-","N",,0,0,,,0,,,,"Y",2,"A","-",22107,,"N","A","H","-","A","A","0","Y","D","22",0,0,2,0,0,0,0,0,0,"-","-","SACRAMENTO","SACRAMENTO","CA",0,0
"5932591",-121.4092432,38.5496313,2013,"3404","0","2","4","03",0,2,"A",,,,,,2100,2,"C","C","A","HOWE AV","FOLSOM BL",70,"N","N","2014-02-01",3404,"2013-02-26",2045,"421","33C","5","7","0","0",,"0",,"-","N",,0,0,,,0,,,,"Y",2,"A","-",22350,,"N","A","H","-","C","A","0","Y","D","22",0,0,2,0,0,0,0,0,0,"-","-","SACRAMENTO","SACRAMENTO","CA",0,0
"5932589",0,0,2013,"3450","0","5","3","10",0,1,"A","Y",,,,,1500,3,"G","B","B","LAGUNA BL","LAGUNA SPRINGS DR",0,,"Y","2014-02-04",340,"2013-03-01",1314,"10081","2203","5","5","0","0",,"0","002","-","N",,0,0,,,0,,,,"N",2,"A","-",21950,"A","N","A","H","-","A","A","0","Y","D","22",0,1,0,0,1,0,0,0,0,"-","-","ELK GROVE","SACRAMENTO","CA",0,0
"5932578",-121.3717704,38.4507465,2013,"3450","0","2","4","05",0,1,"A",,"Y",,,,2100,2,"D","G","A","ELK GROVE FLORIN RD","BROWN RD",660,"N","N","2014-02-01",340,"2013-02-26",1930,"10076","3202","5","5","0","0",,"0","003","-","N",,0,0,,,0,,,,"N",2,"A","-",21650,"1","F","A","H","-","C","D","0","Y","L","04",0,0,1,0,0,0,1,0,0,"-","-","ELK GROVE","SACRAMENTO","CA",0,0
"5930847",-121.2591724,38.6218807,2013,"3400","5","4","3","08",0,2,"A",,,,,,1500,2,"A","C","A","COLOMA RD","GOLD RUSH DR",302,"W","N","2014-01-31",9260,"2013-02-21",1255,"12900",,"1","9","0","3",,"2","001","-","N",,0,0,,,0,,,,"Y",2,"A","-",21460,"5","N","A","H","-","A","D","0","Y","D","22",0,1,1,0,0,0,0,0,0,"-","-","UNINCORPORATED","SACRAMENTO","CA",0,0
"5929914",-121.3643807,38.610244,2013,"3400","4","4","3","07",0,1,"B",,,,,,1500,2,"C","C","A","EL CAMINO AV","EASTERN AV",35,"E","N","2014-02-03",9250,"2013-02-07",1307,"17482",,"1","9","0","2",,"1","052","-","N",,0,0,,,0,,,,"N",2,"A","-",21658,"A","M","A","H","-","A","A","0","Y","A","01",0,1,0,0,0,0,0,0,0,"-","-","UNINCORPORATED","SACRAMENTO","CA",0,0
"5929913",-121.3671452,38.6868825,2013,"3400","5","1","4","07",0,1,"A",,,,,,900,2,"B","C","A","DON JULIO BL","WHITSETT DR",15,"W","N","2014-02-03",9250,"2013-02-04",715,"15869",,"1","9","0","3",,"2","010","-","N",,0,0,,,0,,,,"N",2,"A","-",21658,"A","N","A","H","-","A","D","0","Y","A","07",0,0,1,0,0,0,0,0,0,"-","-","UNINCORPORATED","SACRAMENTO","CA",0,0
"5929902",-121.3642616,38.7117137,2013,"3400","4","7","4","09",0,2,"A",,,,,,1800,2,"D","C","A","WALERGA RD","ELVERTA RD",600,"S","N","2014-02-03",9250,"2013-02-03",1630,"15961",,"2","9","0","2",,"1","013","-","N",,0,0,,,0,,,,"Y",2,"A","-",21804,"A","N","A","H","-","A","D","0","Y","A","01",0,0,2,0,0,0,0,0,0,"-","-","UNINCORPORATED","SACRAMENTO","CA",0,0
"5929898",-121.3385937,38.6855543,2013,"3400","5","1","4","03",0,1,"A",,,,,,1200,2,"C","C","A","DIABLO DR","OLYMPIC WY",139,"N","N","2014-02-03",9250,"2013-02-04",1115,"13997",,"1","9","0","3",,"2","010","-","N",,0,0,,,0,,,,"N",2,"A","-",22350,,"N","A","H","-","A","D","0","Y","D","22",0,0,1,0,0,0,0,0,0,"-","-","UNINCORPORATED","SACRAMENTO","CA",0,0
"5929869",-121.3737431,38.6177151,2013,"3400","4","3","4","09",0,2,"A",,,,,,1800,1,"D","C","A","MARCONI AV","BECERRA WY",0,,"Y","2014-01-17",9250,"2013-01-30",1645,"15838",,"2","9","0","2",,"1","042","-","N",,0,0,,,0,,,,"Y",2,"A","-",21802,"A","N","A","H","-","A","A","0","Y","D","22",0,0,2,0,0,0,0,0,0,"-","-","UNINCORPORATED","SACRAMENTO","CA",0,0
"5929866",-121.4106932,38.6181026,2013,"3400","5","5","3","10",0,1,"A","Y",,,,,900,2,"G","B","B","BELL ST","MARCONI AV",10,"N","N","2014-02-03",9250,"2013-02-01",620,"14532",,"1","9","0","3",,"2","040","-","N",,0,0,,,0,,,,"N",2,"A","-",21950,"A","N","A","H","-","C","A","0","Y","D","22",0,1,0,0,1,0,0,0,0,"-","-","UNINCORPORATED","SACRAMENTO","CA",0,0
"5929858",-121.327723,38.649115,2013,"3400","4","5","4","12",0,1,"A",,,,,,1500,2,"D","C","A","MANZANITA AV","WINDING WY",0,,"Y","2014-02-03",9250,"2013-02-01",1315,"17752",,"1","9","0","2",,"1","023","-","N",,0,0,,,0,,,,"Y",2,"A","-",21453,"A","N","A","H","-","A","A","0","Y","A","01",0,0,1,0,0,0,0,0,0,"-","-","UNINCORPORATED","SACRAMENTO","CA",0,0
"5929849",-121.3527832,38.691625,2013,"3400","5","5","4","09",0,1,"A",,,,,,900,2,"D","C","A","DON JULIO BL","GANNET WY",0,,"Y","2014-02-03",9250,"2013-02-01",755,"17445",,"1","9","0","3",,"2","010","-","N",,0,0,,,0,,,,"Y",2,"A","-",21802,"A","N","A","H","-","A","A","0","Y","A","07",0,0,1,0,0,0,0,0,0,"-","-","UNINCORPORATED","SACRAMENTO","CA",0,0
"5929846",-121.3829504,38.6903474,2013,"3400","4","7","4","01",0,3,"A",,,,,"Y",2400,2,"C","C","A","WATT AV","ELKHORN BL",30,"N","N","2014-02-03",9250,"2013-02-10",2100,"18560",,"2","9","0","2",,"1","011","-","N",,0,0,,,0,,,,"N",2,"A","-",23152,"A","F","A","H","-","C","A","0","Y","D","22",0,0,3,0,0,0,0,0,0,"-","-","UNINCORPORATED","SACRAMENTO","CA",0,0
"5929840",-121.352338,38.6610327,2013,"3400","4","5","4","03",0,1,"A",,,,,,1500,2,"C","C","A","MADISON AV","WALL ST",150,"E","N","2014-02-03",9250,"2013-02-22",1250,"15917",,"1","9","0","2",,"1","024","-","N",,0,0,,,0,,,,"N",2,"A","-",22350,,"N","A","H","-","A","D","0","Y","A","01",0,0,1,0,0,0,0,0,0,"-","-","UNINCORPORATED","SACRAMENTO","CA",0,0
"5929838",-121.4154699,38.5843297,2013,"3400","4","4","3","03",0,4,"B",,,,,,1800,1,"A","C","A","HOWE AV","ENTERPRISE DR",100,"N","N","2014-01-17",9250,"2013-01-24",1718,"17999",,"2","9","0","2",,"1","041","C","N",,0,0,,,0,,,,"Y",3,"A","-",22350,,"N","B","H","-","C","D","0","Y","D","22",0,3,1,0,0,0,0,0,0,"-","-","UNINCORPORATED","SACRAMENTO","CA",0,0
"5929836",-121.4092229,38.6372415,2013,"3404","1","2","4","07",0,1,"B",,,,,,900,2,"C","C","A","RT 80","WINTERS ST",175,"E","N","2014-11-17",9250,"2013-02-19",710,"15869",,"1","7","0","1",,"2","182","-","Y","SAC",3,80,"-","M",8.73,"H","-","E","Y",3,"A","-",21658,"A","N","A","H","-","A","D","1","Y","A","01",0,0,1,0,0,0,0,0,0,"-","-","SACRAMENTO","SACRAMENTO","CA",0,0
"5929833",-121.3467257,38.673752,2013,"3400","1","3","4","07",0,1,"A",,,,,,1500,1,"B","C","A","RT 80","FOOTHILL FARMS PED",610,"W","N","2014-11-17",9250,"2013-01-30",1355,"12602",,"1","9","0","1",,"2","183","-","Y","SAC",3,80,"-","-",13.62,"H","-","W","Y",3,"A","-",21658,"A","N","A","H","-","A","D","1","Y","-","99",0,0,1,0,0,0,0,0,0,"-","-","UNINCORPORATED","SACRAMENTO","CA",0,0
"5929832",-121.3644794,38.662125,2013,"3400","5","6","4","09",0,1,"A",,,,,,2400,2,"D","C","A","HILLSDALE BL","MADISON AV",350,"N","N","2014-01-28",9250,"2013-02-16",2125,"18560",,"2","9","0","3",,"2","010","-","N",,0,0,,,0,,,,"Y",2,"A","-",21804,"A","N","A","H","-","C","D","0","Y","A","08",0,0,1,0,0,0,0,0,0,"-","-","UNINCORPORATED","SACRAMENTO","CA",0,0
"5929823",-121.3085723,38.6637347,2013,"3400","4","1","4","09",0,1,"A",,,,,,2100,2,"D","C","A","DEWEY DR","MADISON AV",40,"N","N","2014-02-04",9250,"2013-02-11",1954,"14810",,"2","9","0","2",,"1","024","-","N",,0,0,,,0,,,,"Y",2,"A","-",21804,"A","N","A","H","-","D","D","0","Y","A","01",0,0,1,0,0,0,0,0,0,"-","-","UNINCORPORATED","SACRAMENTO","CA",0,0
"5929817",-121.3286016,38.6178182,2013,"3400","4","2","4","03",0,1,"A",,,,,,900,2,"C","C","A","FAIR OAKS BL","MARCONI AV",300,"N","N","2014-01-31",9250,"2013-02-12",805,"12460",,"1","9","0","2",,"1","053","-","N",,0,0,,,0,,,,"Y",2,"A","-",22350,,"N","A","H","-","A","D","0","Y","A","01",0,0,1,0,0,0,0,0,0,"-","-","UNINCORPORATED","SACRAMENTO","CA",0,0
"5929815",0,0,2013,"3400","4","2","4","07",0,1,"A",,,,,,2100,2,"B","C","A","ANTELOPE RD","WATT AV",200,"E","N","2014-02-03",9250,"2013-02-05",2045,"17734",,"2","9","0","2",,"1","012","-","N",,0,0,,,0,,,,"Y",2,"A","-",21658,"A","N","A","H","-","C","D","0","Y","D","22",0,0,1,0,0,0,0,0,0,"-","-","UNINCORPORATED","SACRAMENTO","CA",0,0
"5929811",-121.3324033,38.6480281,2013,"3400","4","3","4","08",0,1,"A",,,,,,1200,2,"D","C","A","WINDING WY","HACKBERRY LN",100,"W","N","2014-02-03",9250,"2013-02-06",1140,"15272",,"1","9","0","2",,"1","026","-","N",,0,0,,,0,,,,"N",2,"A","-",22107,,"N","A","H","-","A","D","0","Y","A","01",0,0,1,0,0,0,0,0,0,"-","-","UNINCORPORATED","SACRAMENTO","CA",0,0
"5929810",-121.3937782,38.5958947,2013,"3400","4","6","4","01",0,1,"A",,,,,"Y",1800,1,"C","C","A","ARDEN WAY","EXECUTIVE CT",10,"E","N","2014-01-17",9250,"2013-01-26",1522,"17863",,"2","9","0","2",,"1","046","-","N",,0,0,,,0,,,,"Y",2,"A","-",23152,"A","N","A","H","-","A","A","0","Y","A","01",0,0,1,0,0,0,0,0,0,"-","-","UNINCORPORATED","SACRAMENTO","CA",0,0
"5929809",-121.3085351,38.6636251,2013,"3400","4","5","3","12",0,1,"A",,"Y",,,,900,1,"H","G","A","MADISON AV","DEWEY DR",8,"E","N","2014-01-17",9250,"2013-01-18",700,"17425",,"1","9","0","2",,"1","024","-","N",,0,0,,,0,,,,"N",2,"A","-",21453,"A","F","A","H","-","B","A","0","Y","L","04",0,1,0,0,0,0,1,0,0,"-","-","UNINCORPORATED","SACRAMENTO","CA",0,0
"5929807",-121.3392532,38.68473,2013,"3400","4","3","4","03",0,1,"A",,,,,,900,2,"C","C","A","ELKHORN BL","DIABLO DR",100,"E","N","2014-02-03",9250,"2013-02-13",850,"18260",,"1","9","0","2",,"1","014","-","N",,0,0,,,0,,,,"N",4,"A","-",22350,,"N","A","H","-","A","D","0","Y","A","07",0,0,1,0,0,0,0,0,0,"-","-","UNINCORPORATED","SACRAMENTO","CA",0,0
"5929801",-121.4055259,38.5960559,2013,"3400","4","4","3","01",0,2,"A",,,,,"Y",2100,1,"A","C","A","ARDEN WAY","WRIGHT ST",165,"E","N","2014-01-17",9250,"2013-01-17",2030,"14532",,"2","9","0","2",,"1","046","-","N",,0,0,,,0,,,,"Y",2,"A","-",23152,"A","N","A","H","-","C","D","0","Y","D","22",0,2,0,0,0,0,0,0,0,"-","-","UNINCORPORATED","SACRAMENTO","CA",0,0
"5929800",-121.327663,38.653195,2013,"3400","4","6","4","09",0,1,"A",,,,,,1800,2,"B","C","A","MANZANITA AV","BOURBON DR",0,,"Y","2014-02-03",9250,"2013-02-23",1703,"17482",,"2","9","0","2",,"1","055","-","N",,0,0,,,0,,,,"N",3,"A","-",21804,"A","N","A","H","-","A","D","0","Y","A","01",0,0,1,0,0,0,0,0,0,"-","-","UNINCORPORATED","SACRAMENTO","CA",0,0
"5929799",-121.3637132,38.6955317,2013,"3400","4","7","4","18",0,1,"A",,,,,,1500,2,"D","C","A","WALERGA RD","ELKHORN BL",352,"N","N","2014-02-03",9250,"2013-02-10",1205,"15961",,"1","9","0","2",,"1","013","-","N",,0,0,,,0,,,,"N",2,"C","-",0,,"N","A","H","-","A","A","0","Y","-","-",0,0,1,0,0,0,0,0,0,"-","-","UNINCORPORATED","SACRAMENTO","CA",0,0
"5929794",-121.3393331,38.602105,2013,"3400","4","3","4","09",0,1,"A",,,,,,1800,1,"D","C","A","FAIR OAKS BL","MARCHITA WY",0,,"Y","2014-01-17",9250,"2013-01-30",1555,"14281",,"2","9","0","2",,"1","053","-","N",,0,0,,,0,,,,"Y",2,"A","-",21802,"A","F","A","H","-","A","A","0","Y","D","22",0,0,1,0,0,0,0,0,0,"-","-","UNINCORPORATED","SACRAMENTO","CA",0,0
"5929792",-121.3646231,38.725125,2013,"3400","4","1","4","12",0,3,"A",,,,,,900,2,"D","C","A","WALERGA RD","SINGING TREE WY",0,,"Y","2014-02-03",9250,"2013-02-18",850,"15869",,"1","9","0","2",,"1","013","-","N",,0,0,,,0,,,,"Y",2,"A","-",21453,"A","N","A","H","-","A","A","0","Y","A","01",0,0,3,0,0,0,0,0,0,"-","-","UNINCORPORATED","SACRAMENTO","CA",0,0
"5929789",-121.3049519,38.7118617,2013,"3496","1","5","4","07",0,1,"A",,,,"Y",,2100,2,"B","C","A","RT 80","ANTELOPE RD",1700,"E","N","2014-10-21",9250,"2013-02-01",1908,"015369",,"2","5","0","1",,"2","183","-","Y","SAC",3,80,"-","-",17.01,"H","-","W","N",2,"A","-",21658,"A","N","A","H","-","D","D","1","Y","G","25",0,0,1,0,0,0,0,0,0,"-","-","CITRUS HEIGHTS","SACRAMENTO","CA",0,0
"5929788",-121.3644632,38.6631454,2013,"3400","4","5","3","03",0,1,"A",,,,,,1500,2,"C","C","A","HILLSDALE BL","FRIZELL AV",80,"S","N","2014-02-03",9250,"2013-02-15",1445,"15961",,"2","9","0","2",,"1","017","-","N",,0,0,,,0,,,,"Y",2,"A","-",22350,,"N","A","H","-","A","A","0","Y","A","01",0,1,0,0,0,0,0,0,0,"-","-","UNINCORPORATED","SACRAMENTO","CA",0,0
"5929787",-121.3830522,38.5689082,2013,"3400","4","6","2","03",0,2,"A",,,,,,1800,1,"C","C","A","WATT AV","AMERICAN RIVER DR",425,"S","N","2014-01-17",9250,"2013-01-26",1605,"18461",,"2","9","0","2",,"1","045","-","N",,0,0,,,0,,,,"Y",2,"A","-",22350,,"N","A","H","-","A","D","0","Y","D","22",1,0,1,0,0,0,0,0,0,"TO","-","UNINCORPORATED","SACRAMENTO","CA",0,0
"5929775",-121.392213,38.595875,2013,"3400","4","3","4","12",0,2,"A",,,,,,1800,1,"D","C","A","ARDEN WAY","MORSE AV",0,,"Y","2014-01-17",9250,"2013-01-30",1605,"16225",,"2","9","0","2",,"1","046","-","N",,0,0,,,0,,,,"Y",3,"A","-",21453,"A","N","A","H","-","A","A","0","Y","D","22",0,0,2,0,0,0,0,0,0,"-","-","UNINCORPORATED","SACRAMENTO","CA",0,0
"5929773",-121.5482779,38.6708889,2013,"3400","1","4","4","03",0,1,"A",,,,,,300,2,"C","C","A","RT 5","RT 99",1584,"S","N","2014-11-13",9250,"2013-02-07",15,"17866",,"3","9","0","1",,"2","106","-","Y","SAC",3,5,"-","-",30.21,"H","-","S","Y",2,"A","-",22350,,"N","A","H","-","D","D","1","Y","A","07",0,0,1,0,0,0,0,0,0,"-","-","UNINCORPORATED","SACRAMENTO","CA",0,0
"5929771",-121.4779828,38.5675384,2013,"3400","5","7","4","03",0,1,"A",,,,"Y",,1200,1,"C","C","A","Q ST","24TH ST",15,"W","N","2014-01-18",9250,"2013-01-27",1053,"17306",,"1","9","0","3",,"2","060","-","N",,0,0,,,0,,,,"Y",2,"A","-",22350,,"N","A","H","-","A","A","0","Y","F","25",0,0,1,0,0,0,0,0,0,"-","-","UNINCORPORATED","SACRAMENTO","CA",0,0
"5929769",-121.4390197,38.6001874,2013,"3400","3","4","3","03",0,1,"B",,,,,,1200,2,"F","A","A","RT 160","ARDEN WY",100,"S","N","2014-12-23",9250,"2013-02-07",1035,"17752",,"1","9","0","1",,"2","164","C","Y","SAC",3,160,"-","-",46.845,"R","2","N","Y",1,"A","-",22350,,"N","B","H","-","A","D","0","Y","D","22",0,1,0,0,0,0,0,0,0,"TO","-","UNINCORPORATED","SACRAMENTO","CA",0,0
"5929768",-121.3829273,38.6580786,2013,"3400","4","6","2","05",0,1,"B",,"Y",,,,2400,2,"H","G","A","WATT AV","ROSEVILLE RD",187,"N","N","2014-02-03",9250,"2013-02-23",2105,"18560",,"2","9","0","2",,"1","011","-","N",,0,0,,,0,,,,"Y",2,"A","-",21202,"A","N","A","H","-","C","D","0","Y","L","04",1,0,0,0,0,0,1,0,0,"-","-","UNINCORPORATED","SACRAMENTO","CA",0,0
"5929764",-121.373071,38.7158662,2013,"3400","5","7","4","01",0,1,"A",,,,,"Y",300,2,"E","I","A","ELVERTA RD","ACAPPELLA CIR",25,"E","N","2014-02-03",9250,"2013-02-17",105,"18045",,"3","9","0","3",,"2","010","-","N",,0,0,,,0,,,,"Y",1,"A","-",23152,"A","N","A","H","-","C","D","0","Y","D","22",0,0,1,0,0,0,0,0,0,"-","-","UNINCORPORATED","SACRAMENTO","CA",0,0
"5929760",-121.4862477,38.6395502,2013,"3404","1","3","4","07",0,2,"C",,,,"Y",,1500,1,"B","C","A","RT 80","NORTHGATE BL",2000,"W","N","2015-01-22",9250,"2013-01-23",1450,"14810",,"2","7","0","1",,"2","182","-","Y","SAC",3,80,"-","M",4.6,"H","-","E","N",2,"A","-",21658,"A","N","B","H","-","A","D","1","Y","G","26",0,0,2,0,0,0,0,0,0,"-","-","SACRAMENTO","SACRAMENTO","CA",0,0
"5929759",-121.4153521,38.6242078,2013,"3400","3","1","4","03",0,2,"A",,,,,,2100,2,"E","I","A","HOWE AV","AUBURN BL",50,"S","N","2015-01-14",9250,"2013-02-11",2025,"18126",,"2","9","0","1",,"2","151","-","N",,0,0,,,0,,,,"Y",1,"A","-",22350,,"N","A","H","-","C","D","0","Y","D","22",0,0,2,0,0,0,0,0,0,"-","-","UNINCORPORATED","SACRAMENTO","CA",0,0
"5929748",-121.3351652,38.6821255,2013,"3400","1","1","3","03",0,2,"A",,,,,,2100,2,"C","C","A","GREENBACK LN","VERNER AV",600,"W","N","2014-10-29",9250,"2013-02-04",1835,"14142",,"2","9","0","1",,"2","183","-","N",,0,0,,,0,,,,"Y",4,"A","-",22350,,"N","A","H","-","C","D","0","Y","D","22",0,1,1,0,0,0,0,0,0,"-","-","UNINCORPORATED","SACRAMENTO","CA",0,0
"5929744",0,0,2013,"3404","3","7","4","02",0,1,"A",,,,"Y",,2400,1,"C","C","A","RT 51","EXPOSITION BL",100,"S","N","2014-01-17",9250,"2013-01-27",2145,"18115",,"2","7","0","1",,"2","151","-","Y",,0,0,,,0,,,,"N",2,"A","-",22400,"A","N","A","H","-","C","D","0","Y","A","01",0,0,1,0,0,0,0,0,0,"-","-","SACRAMENTO","SACRAMENTO","CA",0,0
"5929743",-121.5113469,38.6132455,2013,"3404","1","6","4","08",0,1,"A",,,,,,900,2,"D","C","A","RT 5","WEST EL CAMINO AV",170,"S","N","2014-11-13",9250,"2013-02-16",650,"017900",,"1","7","0","1",,"2","105","-","Y","SAC",3,5,"-","-",25.94,"H","-","N","Y",2,"A","-",22107,,"N","A","H","-","A","D","1","Y","A","07",0,0,1,0,0,0,0,0,0,"-","-","SACRAMENTO","SACRAMENTO","CA",0,0
"5929740",-121.4414908,38.5993029,2013,"3404","3","6","4","07",0,1,"A",,,,,,1800,1,"B","C","A","RT 51","EXPOSITION BL",1056,"N","N","2014-11-17",9250,"2013-01-19",1755,"17682",,"2","7","0","1",,"2","152","-","Y","SAC",3,51,"-","-",3.56,"H","-","S","N",2,"A","-",21658,"A","N","A","H","-","C","D","1","Y","D","22",0,0,1,0,0,0,0,0,0,"-","-","SACRAMENTO","SACRAMENTO","CA",0,0
"5929736",-121.4825964,38.6399879,2013,"3404","1","4","4","07",0,1,"A",,,,"Y",,900,1,"B","C","A","RT 80","NORTHGATE BL",1056,"W","N","2014-11-17",9250,"2013-01-17",610,"17734",,"1","7","0","1",,"2","182","-","Y","SAC",3,80,"-","M",4.82,"H","-","E","Y",2,"A","-",21658,"A","N","A","H","-","A","D","1","Y","G","27",0,0,1,0,0,0,0,0,0,"-","-","SACRAMENTO","SACRAMENTO","CA",0,0